<!DOCTYPE article PUBLIC "-//NLM//DTD JATS (Z39.96) Journal Archiving and Interchange DTD with MathML3 v1.2 20190208//EN" "JATS-archivearticle1-mathml3.dtd"> 
<article xmlns:xlink="http://www.w3.org/1999/xlink" xmlns:mml="http://www.w3.org/1998/Math/MathML" article-type="letter"><?properties open_access?><?DTDIdentifier.IdentifierValue -//NLM//DTD JATS (Z39.96) Journal Publishing DTD v1.1 20151215//EN?><?DTDIdentifier.IdentifierType public?><?SourceDTD.DTDName JATS-journalpublishing1.dtd?><?SourceDTD.Version 1.1?><?ConverterInfo.XSLTName jp2nlmx2.xsl?><?ConverterInfo.Version 1?><front><journal-meta><journal-id journal-id-type="nlm-ta">BJPsych Bull</journal-id><journal-id journal-id-type="iso-abbrev">BJPsych Bull</journal-id><journal-id journal-id-type="publisher-id">BJB</journal-id><journal-title-group><journal-title>BJPsych Bulletin</journal-title></journal-title-group><issn pub-type="ppub">2056-4694</issn><issn pub-type="epub">2056-4708</issn><publisher><publisher-name>Cambridge University Press</publisher-name><publisher-loc>Cambridge, UK</publisher-loc></publisher></journal-meta><article-meta><article-id pub-id-type="pmcid">7684768</article-id><article-id pub-id-type="doi">10.1192/bjb.2020.108</article-id><article-id pub-id-type="pii">S2056469420001084</article-id><article-categories><subj-group subj-group-type="heading"><subject>Correspondence</subject></subj-group></article-categories><title-group><article-title>Systemic racism and mental health services: the time is now</article-title></title-group><contrib-group><contrib contrib-type="author"><name><surname>Keynejad</surname><given-names>Roxanne</given-names></name><xref ref-type="aff" rid="aff1"/></contrib><contrib contrib-type="author"><name><surname>Debelle</surname><given-names>Alice</given-names></name><xref ref-type="aff" rid="aff2"/></contrib><contrib contrib-type="author"><name><surname>Ogunmuyiwa</surname><given-names>Julia</given-names></name><xref ref-type="aff" rid="aff3"/></contrib><contrib contrib-type="author"><name><surname>Elson</surname><given-names>Arleen</given-names></name><xref ref-type="aff" rid="aff4"/></contrib><contrib contrib-type="author"><name><surname>Calcia</surname><given-names>Marilia</given-names></name><xref ref-type="aff" rid="aff5"/></contrib></contrib-group><aff id="aff1">Clinical Research Training Fellow and ST4 in General Adult Psychiatry, <institution>King's College London</institution>. email: <email>roxanne.1.keynejad@kcl.ac.uk</email></aff><aff id="aff2">ST5 Higher Trainee in Child &#x00026; Adolescent Psychiatry, <institution>South London and Maudsley NHS Foundation Trust</institution></aff><aff id="aff3">ST5 Higher Trainee in General Adult Psychiatry, <institution>South London and Maudsley NHS Foundation Trust</institution></aff><aff id="aff4">Diversity and Inclusion Human Resources Lead, <institution>South London and Maudsley NHS Foundation Trust</institution></aff><aff id="aff5">Consultant Liaison Psychiatrist, <institution>South London and Maudsley NHS Foundation Trust</institution></aff><pub-date publication-format="print" date-type="pub" iso-8601-date="2020-12"><month>12</month><year>2020</year></pub-date><volume>44</volume><issue>6</issue><fpage>287</fpage><lpage>288</lpage><permissions><copyright-statement>&#x000a9; The Authors 2020</copyright-statement><copyright-year>2020</copyright-year><copyright-holder>The Authors</copyright-holder><license license-type="open-access" xlink:href="http://creativecommons.org/licenses/by/4.0/"><ali:license_ref xmlns:ali="http://www.niso.org/schemas/ali/1.0/">http://creativecommons.org/licenses/by/4.0/</ali:license_ref><license-p>This is an Open Access article, distributed under the terms of the Creative Commons Attribution licence (<uri xlink:href="http://creativecommons.org/licenses/by/4.0/">http://creativecommons.org/licenses/by/4.0/</uri>), which permits unrestricted re-use, distribution, and reproduction in any medium, provided the original work is properly cited.</license-p></license></permissions><self-uri xlink:title="pdf" xlink:href="S2056469420001084a.pdf"/><counts><ref-count count="10"/><page-count count="2"/></counts></article-meta></front><body><p>The killing of George Floyd refocused global attention on racial injustice. UK Covid-19 death rates are highest among Black, Asian and minority ethnic (BAME) groups,<sup><xref rid="ref1" ref-type="bibr">1</xref></sup> with systemic racial inequality a central cause.<sup><xref rid="ref2" ref-type="bibr">2</xref></sup> Although BAME people face many inequalities, Black people's unique experiences require particular attention.<sup><xref rid="ref3" ref-type="bibr">3</xref></sup></p><p>In mental healthcare, we must consider links between psychiatric symptoms and experiencing racism, systemic racism within services and medico-legal interfaces. The <italic>Delivering Race Equality in Mental Health Care</italic> (DRE) agenda<sup><xref rid="ref4" ref-type="bibr">4</xref></sup> was prompted by the 1998 death of David Bennett, an African&#x02013;Caribbean patient, following in-patient restraint. DRE prioritised reducing fear of services, developing culturally appropriate therapies, and engaging BAME groups and patients in training, policy development, service planning and provision.</p><p>A DRE progress review<sup><xref rid="ref5" ref-type="bibr">5</xref></sup> advocated dedicated community development workers, engagement projects, training, clinical trailblazers and measuring progress. Patients, professionals, campaigners and academics attributed continued race inequality in mental healthcare post-DRE to institutional racism, inadequate training, poor system design and lack of an empowering culture.<sup><xref rid="ref6" ref-type="bibr">6</xref></sup></p><p>In our experience, DRE is not prioritised. Core training competencies of &#x02018;cultural diversity&#x02019;, evaluating institutional prejudices, respect for diversity and evaluating biases are neglected. Despite a strong position statement,<sup><xref rid="ref7" ref-type="bibr">7</xref></sup> racism is absent from MRCPsych examinations. Static e-learning modules replace interactive, in-person training that could stimulate engagement, discussion and reflection. Black leadership and collaboration with Black community stakeholders are lacking in mental health trusts serving largely Black populations.</p><p>Mental health service leaders must role-model, reflecting on personal and workplace unconscious biases.<sup><xref rid="ref8" ref-type="bibr">8</xref></sup> We should each ask of our own organisation, how equitable is provision? Do Black patients have equal access to psychological therapies and specialist services? Are their perspectives represented? Do we foster dialogue with local communities? Do Black staff experience disproportionate bullying and harassment? Can they speak up if safeguards are lacking? Identifying and ameliorating clinical inequalities should drive research, so that treatments meet Black patients&#x02019; needs.<sup><xref rid="ref9" ref-type="bibr">9</xref></sup></p><p>&#x02018;We do not need another review, or report, or commission to tell us what to do&#x02019; about race inequality in the UK,<sup><xref rid="ref10" ref-type="bibr">10</xref></sup> nor in mental healthcare. To address mistrust, services must acknowledge and address inequalities experienced by Black patients. We welcome RCPsych's appointment of presidential race equality leads and hope they will forge multidisciplinary alliances to mainstream anti-racism across mental health professionals.</p><p>It should not have taken a death to trigger the biggest race equality focus in mental health services&#x02019; history, nor should it have been so rapidly forgotten. Black stakeholders must be empowered to occupy positions of influence, but it is not Black staff or patients&#x02019; responsibility to effect change; organisations must be accountable. In a mostly White-led profession, tackling systemic racism will inevitably cause discomfort. Mental healthcare, with its recognition of transference and countertransference, and prioritisation of supervision, reflection and psychotherapeutic skills, is well-placed to lead the difficult discussions the health service needs. Silence is not neutral. The time is now.</p></body><back><sec id="nts1" sec-type="COI-statement"><title>Declaration of interest</title><p>None.</p></sec><ref-list id="reflist1"><ref id="ref1"><label>1</label><mixed-citation publication-type="other" id="cite1"><collab>Public Health England</collab>. <italic>Disparities in the Risk and Outcomes of COVID-</italic>19. <year>2020</year> Available from: <uri xlink:href="https://assets.publishing.service.gov.uk/government/uploads/system/uploads/attachment_data/file/892085/disparities_review.pdf">https://assets.publishing.service.gov.uk/government/uploads/system/uploads/attachment_data/file/892085/disparities_review.pdf</uri>.</mixed-citation></ref><ref id="ref2"><label>2</label><mixed-citation publication-type="other" id="cite2"><collab>The Health Foundation</collab>. <italic>Emerging Findings on the Impact of COVID-19 on Black and Minority Ethnic People</italic>
<year>2020</year> Available from: <uri xlink:href="https://www.health.org.uk/news-and-comment/charts-and-infographics/emerging-findings-on-the-impact-of-covid-19-on-black-and-min">https://www.health.org.uk/news-and-comment/charts-and-infographics/emerging-findings-on-the-impact-of-covid-19-on-black-and-min</uri> [cited 21 Jun 2020].</mixed-citation></ref><ref id="ref3"><label>3</label><mixed-citation publication-type="other" id="cite3"><string-name><surname>Matiluko</surname>
<given-names>S.</given-names></string-name> When it comes to Black Lives Matter, we need to focus on the B in Bame. <italic>Independent</italic>
<year>2020</year> Available from: <uri xlink:href="https://www.independent.co.uk/voices/black-lives-matter-uk-protests-bame-priti-patel-boris-johnson-a9563671.html">https://www.independent.co.uk/voices/black-lives-matter-uk-protests-bame-priti-patel-boris-johnson-a9563671.html</uri> [cited 6 Jul 2020].</mixed-citation></ref><ref id="ref4"><label>4</label><mixed-citation publication-type="other" id="cite4"><collab>Department of Health</collab>. <italic>Delivering Race Equality in Mental Health Care. An Action Plan for Reform Inside and Outside services and the Government's Response to the Independent Inquiry into the Death of David Bennett</italic>
<year>2005</year> Available from: <uri xlink:href="https://webarchive.nationalarchives.gov.uk/20130123204153/http://www.dh.gov.uk/en/Publicationsandstatistics/Publications/PublicationsPolicyAndGuidance/DH_4100773">https://webarchive.nationalarchives.gov.uk/20130123204153/http://www.dh.gov.uk/en/Publicationsandstatistics/Publications/PublicationsPolicyAndGuidance/DH_4100773</uri> [cited 20 Jun 2020].</mixed-citation></ref><ref id="ref5"><label>5</label><mixed-citation publication-type="other" id="cite5"><collab>Department of Health</collab>. <italic>Delivering Race Equality in Mental Health Care: A Review</italic>
<year>2009</year> Available from: <uri xlink:href="https://lemosandcrane.co.uk/resources/DoH%20-%20Delivering%20Race%20Equality%20in%20Mental%20Health%20Care%20-%20A%20Review.pdf">https://lemosandcrane.co.uk/resources/DoH%20-%20Delivering%20Race%20Equality%20in%20Mental%20Health%20Care%20-%20A%20Review.pdf</uri>.</mixed-citation></ref><ref id="ref6"><label>6</label><mixed-citation publication-type="other" id="cite6"><collab>RAWOrg</collab>. The End of Delivering Race Equality? Perspectives of Frontline Workers and Service-Users from Racialised Groups. <year>2011</year> Available from: <uri xlink:href="https://www.mind.org.uk/media-a/4397/the-end-of-delivering-race-equality.pdf">https://www.mind.org.uk/media-a/4397/the-end-of-delivering-race-equality.pdf</uri>.</mixed-citation></ref><ref id="ref7"><label>7</label><mixed-citation publication-type="other" id="cite7"><collab>RCPsych</collab>. PS01/18 Racism and Mental Health Position Statement. <year>2018</year> Available from: <uri xlink:href="https://i.emlfiles4.com/cmpdoc/3/5/5/6/7/1/files/49288_ps01_18.pdf?utm_campaign=1920755_Update%3A%20BLM%20and%20COVID&#x00026;utm_medium=email&#x00026;dm_i=3S89,1562B,2B6FXZ,41J6I,1">https://i.emlfiles4.com/cmpdoc/3/5/5/6/7/1/files/49288_ps01_18.pdf?utm_campaign=1920755_Update%3A%20BLM%20and%20COVID&#x00026;utm_medium=email&#x00026;dm_i=3S89,1562B,2B6FXZ,41J6I,1</uri> [cited 21 Jun 2020].</mixed-citation></ref><ref id="ref8"><label>8</label><mixed-citation publication-type="book" id="cite8"><string-name><surname>Saad</surname>
<given-names>LF</given-names></string-name>. <source>Me and White Supremacy</source>. <publisher-name>Quercus</publisher-name>, <year>2020</year>.</mixed-citation></ref><ref id="ref9"><label>9</label><mixed-citation publication-type="journal" id="cite9"><string-name><surname>Smith</surname>
<given-names>S</given-names></string-name>, <string-name><surname>Gilbert</surname>
<given-names>S</given-names></string-name>, <string-name><surname>Ariyo</surname>
<given-names>K</given-names></string-name>, <string-name><surname>Arundell</surname>
<given-names>L-L</given-names></string-name>, <string-name><surname>Bhui</surname>
<given-names>K</given-names></string-name>, <string-name><surname>Das-Munshi</surname>
<given-names>J</given-names></string-name>, <etal/>
<article-title>Multidisciplinary research priorities for the COVID-19 pandemic</article-title>. <source>The Lancet Psychiatry</source>
<volume>7</volume>:<elocation-id>e40</elocation-id>. doi:<pub-id pub-id-type="doi">10.1016/s2215-0366(20)30250</pub-id>.</mixed-citation></ref><ref id="ref10"><label>10</label><mixed-citation publication-type="other" id="cite10"><string-name><surname>Lammy</surname>, <given-names>D</given-names></string-name>. Britain needs leadership on race inequality. Not just another review. <italic>Guardian</italic>
<year>2020</year> Available from: <uri xlink:href="https://www.theguardian.com/commentisfree/2020/jun/16/race-inequality-review-boris-johnson-black-lives-matter-david-lammy">https://www.theguardian.com/commentisfree/2020/jun/16/race-inequality-review-boris-johnson-black-lives-matter-david-lammy</uri> [cited 21 Jun 2020].</mixed-citation></ref></ref-list></back></article>