<!DOCTYPE article PUBLIC "-//NLM//DTD JATS (Z39.96) Journal Archiving and Interchange DTD with MathML3 v1.2 20190208//EN" "JATS-archivearticle1-mathml3.dtd"> 
<article xmlns:xlink="http://www.w3.org/1999/xlink" xmlns:mml="http://www.w3.org/1998/Math/MathML" article-type="discussion"><?properties open_access?><?DTDIdentifier.IdentifierValue -//NLM//DTD JATS (Z39.96) Journal Publishing DTD v1.1 20151215//EN?><?DTDIdentifier.IdentifierType public?><?SourceDTD.DTDName JATS-journalpublishing1.dtd?><?SourceDTD.Version 1.1?><?ConverterInfo.XSLTName jp2nlmx2.xsl?><?ConverterInfo.Version 1?><front><journal-meta><journal-id journal-id-type="nlm-ta">BJPsych Bull</journal-id><journal-id journal-id-type="publisher-id">BJB</journal-id><journal-title-group><journal-title>BJPsych Bulletin</journal-title></journal-title-group><issn pub-type="ppub">2056-4694</issn><issn pub-type="epub">2056-4708</issn><publisher><publisher-name>Cambridge University Press</publisher-name><publisher-loc>Cambridge, UK</publisher-loc></publisher></journal-meta><article-meta><article-id pub-id-type="pmcid">7525591</article-id><article-id pub-id-type="pmid">32611462</article-id><article-id pub-id-type="doi">10.1192/bjb.2020.69</article-id><article-id pub-id-type="pii">S2056469420000698</article-id><article-categories><subj-group subj-group-type="heading"><subject>Special Articles</subject></subj-group></article-categories><title-group><article-title>The affective neuroscience of socioeconomic status: implications for mental health</article-title></title-group><contrib-group><contrib contrib-type="author"><contrib-id contrib-id-type="orcid" authenticated="false">https://orcid.org/0000-0002-3342-9132</contrib-id><name><surname>Hao</surname><given-names>Yu</given-names></name><xref ref-type="aff" rid="aff1">1</xref><xref ref-type="corresp" rid="cor1"/></contrib><contrib contrib-type="author"><name><surname>Farah</surname><given-names>Martha J.</given-names></name><xref ref-type="aff" rid="aff2">2</xref></contrib></contrib-group><aff id="aff1"><label>1</label>Center for Neuroscience &#x00026; Society, <institution>University of Pennsylvania</institution>, <country>USA</country></aff><aff id="aff2"><label>2</label>Center for Neuroscience &#x00026; Society, <institution>University of Pennsylvania</institution>, <country>USA</country></aff><author-notes><corresp id="cor1">Correspondence to Yu Hao (<email>hhao@sas.upenn.edu</email>)</corresp></author-notes><pub-date publication-format="print" date-type="pub" iso-8601-date="2020-10"><month>10</month><year>2020</year></pub-date><volume>44</volume><issue>5</issue><fpage>202</fpage><lpage>207</lpage><history><date date-type="received"><day>19</day><month>12</month><year>2019</year></date><date date-type="rev-recd"><day>20</day><month>5</month><year>2020</year></date><date date-type="accepted"><day>01</day><month>6</month><year>2020</year></date></history><permissions><copyright-statement>&#x000a9; The Authors 2020</copyright-statement><copyright-year>2020</copyright-year><copyright-holder>The Authors</copyright-holder><license license-type="open-access" xlink:href="http://creativecommons.org/licenses/by/4.0/"><ali:license_ref xmlns:ali="http://www.niso.org/schemas/ali/1.0/">http://creativecommons.org/licenses/by/4.0/</ali:license_ref><license-p>This is an Open Access article, distributed under the terms of the Creative Commons Attribution licence (<uri xlink:href="http://creativecommons.org/licenses/by/4.0/">http://creativecommons.org/licenses/by/4.0/</uri>), which permits unrestricted re-use, distribution, and reproduction in any medium, provided the original work is properly cited.</license-p></license></permissions><self-uri xlink:title="pdf" xlink:href="S2056469420000698a.pdf"/><abstract abstract-type="normal"><title>Summary</title><p>We review basic science research on neural mechanisms underlying emotional processing in individuals of differing socioeconomic status (SES). We summarise SES differences in response to positive and negative stimuli in limbic and cortical regions associated with emotion and emotion regulation. We discuss the possible relevance of neuroscience to understanding the link between mental health and SES. We hope to provide insights into future neuroscience research on the etiology and pathophysiology of mental disorders relating to SES.</p></abstract><kwd-group><title>Keywords</title><kwd>Socioeconomic status</kwd><kwd>mental health</kwd><kwd>fMRI</kwd><kwd>emotion</kwd><kwd>emotion regulation</kwd></kwd-group><counts><fig-count count="1"/><ref-count count="52"/><page-count count="6"/></counts></article-meta></front><body><p>Low socioeconomic status (SES) is a potent risk factor for mental disorders, particularly mood and anxiety disorders.<sup><xref rid="ref1" ref-type="bibr">1</xref>&#x02013;<xref rid="ref3" ref-type="bibr">3</xref></sup> Life's challenges weigh more heavily on people with fewer financial resources and less education, and the impact of SES on emotional well-being is substantial. For example, Guhn et al<sup><xref rid="ref4" ref-type="bibr">4</xref></sup> found an adjusted odds ratio for mental health conditions 25&#x02013;39% higher for children of low-income families compared with others. A Canadian government survey<sup><xref rid="ref5" ref-type="bibr">5</xref></sup> found that disabling mental health problems are twice as common among those without a high school diploma compared with college graduates.</p><p>In this article we review what is known about the affective neuroscience of SES and sketch some of the implications this field of science might have for mental health. We begin with basic definitions and distinctions. &#x02018;Affective neuroscience&#x02019; is the study of neural mechanisms underlying the experience, expression and regulation of emotion. Given that the brain is shaped by a combination of genes and environment, explanations in terms of the brain and the environment are not mutually exclusive. SES is a complex construct, or more accurately an interrelated set of constructs, that captures differences in material and social wherewithal. It has been measured in terms of financial attributes (e.g. income, wealth), neighbourhood characteristics (e.g. rates of unemployment and crime near one's home), educational and occupational background and self-reported social standing, among other approaches. Although these measures are all distinct from one another,<sup><xref rid="ref6" ref-type="bibr">6</xref></sup> they are normally moderately correlated.<sup><xref rid="ref7" ref-type="bibr">7</xref></sup> Here we will seek broad generalisations within this relatively small literature, referring therefore to SES in general rather than making distinctions among more specific measures. Similarly, we will generalise across life stages at which participants&#x02019; SES was measured. All of these distinctions undoubtedly have scientific and clinical relevance, which should also be examined. Nevertheless, for a preliminary review, we choose to begin by aggregating findings as much as possible.</p><p>Many useful insights into the aetiology and pathophysiology of mental disorders have come by studying the brain. Here we explore the possible relevance of neuroscience to understanding the link between mental health and SES. Recent attempts to link SES and psychopathology through the brain have adopted different concepts from psychology and neuroscience as explanatory frameworks. These include the effects of stress on the brain,<sup><xref rid="ref8" ref-type="bibr">8</xref></sup> the role of self-regulation in mental health<sup><xref rid="ref9" ref-type="bibr">9</xref></sup> and the distinction between adversities consisting primarily of deprivation (prevalent in low SES) and those consisting primarily of threat (such as accompanies abuse<sup><xref rid="ref10" ref-type="bibr">10</xref></sup>). These frameworks are not mutually exclusive, and the goal of our review is neither to adjudicate between them nor to develop a fourth alternative. Rather, we aim to gather the most comprehensive collection to date of research findings related to SES, brain and affect, and attempt a provisional integration that will enable empirical generalisations and highlight consistencies and inconsistencies.</p><p>The neuroscience studies reviewed here are basic science research, carried out with normal people of varying SES. Note that in some studies SES is not the focus of the study but included as a covariate. In some of these cases the range of SES is restricted and the power to detect SES effects is therefore attenuated. <xref ref-type="fig" rid="fig01">Figure 1</xref> depicts the systematic review process.
<fig id="fig01" fig-type="fig" orientation="portrait" position="float"><label>Fig. 1</label><caption><p>Flowchart for the systematic review. Relevant studies were identified through searches of the database PubMed throughout 13 March 2020. The search required that studies used at least one of the following socioeconomic status (SES) keywords in the full paper: socioeconomic status, poverty, income, neighbourhood quality, neighbourhood disadvantage, educational attainment, social class, social standing. Identified studies also used at least one of the following social and affect-related keywords in the entire paper: emotion, threat, fear, angry, sad, happy, reward, social interaction, hostility, rejection. In addition, the keyword of neuroimaging method was included: fMRI. This search identified 166 results, which were screened for the inclusion criteria.</p></caption><graphic xlink:href="S2056469420000698_fig1"/></fig></p><p>The resulting functional magnetic resonance imaging (fMRI) studies manipulated emotional states experimentally inside the scanner with emotionally evocative stimuli or tasks. The most common methods involve photographs of faces expressing different emotions or of affectively valenced objects and scenes, and signals that money has been won or lost in a game. Less frequently, studies have used other kinds of stimuli or experiences to evoke emotion and these will also be described.</p><sec sec-type="other" id="sec1"><title>Subcortical and cortical bases of negative affect</title><p>Textbook coverage of affective neuroscience invariably begins with subcortical systems, particularly the amygdala and ventral striatum. These appear to respond automatically, without the need for conscious awareness of the emotion (e.g.<sup><xref rid="ref11" ref-type="bibr">11</xref>,<xref rid="ref12" ref-type="bibr">12</xref></sup>), and play crucial roles in the experience and expression of emotion. Many other regions, cortical and subcortical, also participate in emotion and there is no simple mapping of specific emotions to specific brain areas.<sup><xref rid="ref13" ref-type="bibr">13</xref></sup> Emotion is best thought of as a construction of the brain as a whole.<sup><xref rid="ref14" ref-type="bibr">14</xref></sup> Nevertheless, many studies take the amygdala as a starting point in the investigation of emotion and the brain, especially negative emotion.</p><sec id="sec1-1" sec-type="other"><title>Brain responses to negative facial emotions</title><p>Although the amygdala plays a role in a range of emotions, its most consistent role is in negative emotions. The amygdala is most readily activated by viewing facial expressions of fear and anger. Our review identified a substantial number of studies that have compared low- and high-SES individuals under these experimental conditions. In the majority of studies, lower SES by at least one measure was associated with stronger amygdala reactivity to negative facial emotions. Young adults whose parents were of lower SES showed greater amygdala activation when viewing angry faces compared with control conditions in two studies.<sup><xref rid="ref15" ref-type="bibr">15</xref>,<xref rid="ref16" ref-type="bibr">16</xref></sup> In another study, negative facial expressions elicited greater amygdala reactivity for young adults from lower-SES families, taking into account parenting quality and maternal mental health.<sup><xref rid="ref17" ref-type="bibr">17</xref></sup> Emotional faces more generally evoked greater right amygdala activation in adults of lower SES.<sup><xref rid="ref18" ref-type="bibr">18</xref></sup> The same study showed that SES was associated with strength of coupling between right amygdala and right insula.<sup><xref rid="ref18" ref-type="bibr">18</xref></sup> In a study of first-time mothers viewing the faces of either happy or distressed infants, the right amygdala was more active to depictions of distress in mothers of lower SES.<sup><xref rid="ref19" ref-type="bibr">19</xref></sup></p><p>Three other studies yielded partial support for a relationship between amygdala reactivity to negative facial emotions and SES. The support from these findings was qualified by participant gender in one case (only for women<sup><xref rid="ref20" ref-type="bibr">20</xref></sup>), ethnicity of depicted face in another (only for Black emotional faces in a study with Mexican American participants<sup><xref rid="ref21" ref-type="bibr">21</xref></sup>) and history of violence exposure in a third (only in non-exposed participants<sup><xref rid="ref22" ref-type="bibr">22</xref></sup>). In only one study testing the relationship between amygdala reactivity and SES was a significant relationship not found, and this study had relatively little variance in SES among the participants (all were recruited through an antipoverty programme<sup><xref rid="ref23" ref-type="bibr">23</xref></sup>). Finally, in a memory study with emotional faces as retrieval cues, testing the hippocampus as a region of interest (ROI), there was less activity in the posterior hippocampus in lower-SES individuals when they watched angry faces.<sup><xref rid="ref24" ref-type="bibr">24</xref></sup></p></sec><sec id="sec1-2" sec-type="other"><title>Brain responses to other negative stimuli</title><p>Apart from facial emotional cues, other stimuli that have been used to evoke negative emotions include unpleasant sounds, social rejection and loss of money. In one study unpleasantly loud auditory stimuli were used to evoke emotional states in participants of varying SES, violence exposure and ethnicity, generally with a warning tone but occasionally without.<sup><xref rid="ref25" ref-type="bibr">25</xref></sup> When trials without a warning cue were considered, family income was negatively associated with hippocampal activity, consistent with greater effect of unexpected negative stimuli with lower SES. SES showed the opposite effect with cued noise, with higher neighbourhood deprivation (i.e. lower SES) showing lower activity in the hippocampi and amygdalae, perhaps related to reduced preparatory regulatory effects.</p><p>Two studies have used the sound of babies crying, contrasted with white noise, with participants of varying SES. The crying was rated as more annoying,<sup><xref rid="ref26" ref-type="bibr">26</xref></sup> but effect of SES on neural response to the cry in non-parent adults was complex and difficult to interpret; there was generally more activation in the insula and several other regions in women from low-SES backgrounds, with the opposite pattern in men. Another study of mothers hearing baby cries found less activation associated with lower SES in frontal and temporal cortical regions, but differences in classic emotion-related areas were not found.<sup><xref rid="ref27" ref-type="bibr">27</xref></sup> Although baby cries communicate urgency and distress, they may function less as generic signals of threat or harm and more as triggers for complex, evolved systems of parenting behaviour.<sup><xref rid="ref28" ref-type="bibr">28</xref></sup></p><p>Social rejection is another kind of experience that evokes negative emotion. The so-called &#x02018;social pain&#x02019; that results from rejection is not typically associated with amygdala activity, but has a more distinctive functional anatomy including the dorsal and ventral anterior cingulate, anterior insula and also the ventromedial prefrontal cortex (vmPFC) and orbital cortex regions (see meta-analyses<sup><xref rid="ref29" ref-type="bibr">29</xref>&#x02013;<xref rid="ref31" ref-type="bibr">31</xref></sup>). Gonzalez et al<sup><xref rid="ref32" ref-type="bibr">32</xref></sup> assessed responses to exclusion in the classic &#x02018;cyberball&#x02019; rejection task in young adults of varying neighbourhood SES, and tested whether SES was associated with dorsal anterior cingulate cortex (dACC) and insula responses. The insula was not reliably activated by exclusion in this study overall, nor as a function of SES, but lower SES was associated with a larger dACC response. Related to social rejection is negative social evaluation. Muscatell et al<sup><xref rid="ref33" ref-type="bibr">33</xref></sup> had participants read negative versus neutral or positive personal assessments of their performance in an interview, and <italic>a priori</italic> regions of interest were the dorsomedial prefrontal cortex (dmPFC) and amygdala. Although amygdala activity did not differ with subjective social status (and it was not stated whether the task evoked amygdala activity in this condition for participants in general), dmPFC activity was evoked by negative evaluations and was higher in lower-SES participants.</p><p>Finally, the aversive experience of losing money, a secondary reinforcer, which differs in some ways from primary aversive stimuli such as pain,<sup><xref rid="ref34" ref-type="bibr">34</xref></sup> has been assessed during fMRI in two studies with participants of varying SES, neither of which found effects of SES.<sup><xref rid="ref35" ref-type="bibr">35</xref>,<xref rid="ref36" ref-type="bibr">36</xref></sup></p></sec><sec id="sec1-3" sec-type="other"><title>Summary</title><p>There is a trend, across various forms of negative emotional state, for lower-SES individuals to have more brain activity in at least some emotion-related areas. This includes evidence from tasks using emotional facial expressions, loud noises and social rejection. This generalisation, although reasonably broad, does not extend to all of the literature. In particular, two studies using infant cry sounds show SES effects, but these effects are complex and cannot be interpreted as simply more activity in emotion-related areas, and two studies of monetary loss failed to show effects of SES at all.</p></sec></sec><sec sec-type="other" id="sec2"><title>Subcortical and cortical bases of positive affect</title><p>The anatomy of positive affect overlaps with some of the areas mentioned above in connection with negative affect, consistent with the complex, emergent nature of emotion in the brain. Studies of positive affect use depictions of happy faces and scenes and the occurrence of desirable outcomes such as the winning of money or points in games. The region most often associated with positive affect is the ventral striatum, which consists primarily of the nucleus accumbens and part of the caudate nucleus, although other cortical regions are also engaged, including the medial and orbital frontal cortex, cingulate cortex and anterior insula.<sup><xref rid="ref37" ref-type="bibr">37</xref></sup></p><p>The literature on the neural correlates of positive emotion and SES is relatively small. One study, already mentioned in connection with negative emotion, is also relevant to positive emotion. In this study, mothers viewed happy as well as unhappy baby faces, and some of the areas activated by the happy faces, including the left amygdala and the right insula, differed by SES and specifically were less active in the lower-SES mothers.<sup><xref rid="ref19" ref-type="bibr">19</xref></sup></p><p>Silverman et al<sup><xref rid="ref38" ref-type="bibr">38</xref></sup> exposed participants to affectively valenced pictures of people, objects and scenes and contrasted neural responses to positive images (e.g. an amusement park) relative to neutral images (e.g. furniture). They found lower activity in response to the happy pictures in lower-SES participants in a variety of areas, including the striatum.</p><p>Other studies have induced positive emotional states with monetary gains during simple games. The focus of most studies on SES and reward has been on reward anticipation, rather than the receipt of the reward itself. Reward anticipation is a motivational state sometimes associated with &#x02018;wanting&#x02019;, in contrast to the response of &#x02018;liking&#x02019;.<sup><xref rid="ref39" ref-type="bibr">39</xref></sup> Response to receipt of a reward has either not been shown to differ by SES<sup><xref rid="ref35" ref-type="bibr">35</xref>,<xref rid="ref40" ref-type="bibr">40</xref></sup> or the study design has not allowed reward receipt to be examined separate from reward anticipation because of block rather than event-related design.<sup><xref rid="ref36" ref-type="bibr">36</xref></sup> In contrast, reward anticipation generally evokes more activity for lower-SES participants. Romens et al<sup><xref rid="ref40" ref-type="bibr">40</xref></sup> found heightened response to the anticipation of reward in medial prefrontal cortex (mPFC) in lower-SES girls, and no locations of reduced response. Gonzalez et al<sup><xref rid="ref41" ref-type="bibr">41</xref></sup> found a similar relationship in striatal and other regions. Quevedo et al<sup><xref rid="ref35" ref-type="bibr">35</xref></sup> covaried SES in a study of the effect of attachment style on reward, and although the range of SES was relatively narrow, they found that maternal unemployment and lower family income during childhood were associated with higher striatal activity and amygdala activity respectively, during reward anticipation. When anticipating a larger but lower-probability reward, lower-SES adolescents show more mPFC activation.<sup><xref rid="ref42" ref-type="bibr">42</xref></sup></p><sec id="sec2-1" sec-type="other"><title>Summary</title><p>Positive stimuli may evoke smaller responses in people of lower SES, although the evidence is limited, while reward anticipation may be accompanied by greater activation.</p></sec></sec><sec sec-type="other" id="sec3"><title>Networks for emotion and emotion regulation</title><p>Emotion regulation refers to self-induced changes in intensity and duration of emotional experience, typically for the purpose of reducing negative experience. These changes can be accomplished by either conscious, explicit strategies or automatic, implicit processes.<sup><xref rid="ref43" ref-type="bibr">43</xref></sup> One of the most effective explicit emotion regulation strategies is cognitive reappraisal, by which we volitionally reinterpret the meaning of stimuli in order to alleviate negative feelings. A recent review suggests that explicit emotion regulation engages the dorsolateral, ventrolateral and dorsomedial frontal and parietal cortex.<sup><xref rid="ref44" ref-type="bibr">44</xref></sup> Kim et al<sup><xref rid="ref45" ref-type="bibr">45</xref></sup> showed disturbing pictures to participants of varying SES and instructed them to reduce negative emotion through cognitive reappraisal, for example viewing a picture of a bruised and beaten woman and reappraising it as a picture of an actress playing the role of a violence victim. They found that individuals of low SES recruited less prefrontal activation than their higher-SES counterparts and showed less reduction in amygdala activity during reappraisal, consistent with this emotion regulation strategy being used less effectively by these participants. However, gender seems to moderate the effect of SES on prefrontal activity related to emotion regulation:<sup><xref rid="ref20" ref-type="bibr">20</xref></sup> in males but not females when considered separately, activation in dorsolateral and ventrolateral prefrontal cortical regions (dlPFC and vlPFC) during cognitive reappraisal was positively correlated with SES.</p><p>Another form of emotion regulation is implicit, involuntary emotion regulation, which does not require effortful use of a strategy or conscious monitoring of emotional state, but is simply evoked automatically.<sup><xref rid="ref46" ref-type="bibr">46</xref></sup> Implicit emotion regulation is omnipresent in our encounters with emotional stimuli, with ventral ACC and vmPFC engaging automatically to modulate subcortical activity.<sup><xref rid="ref44" ref-type="bibr">44</xref></sup> By its nature, implicit regulation is not carried out following instructions, so it can be difficult to determine in any given task whether these ventral anterior activations represent regulatory activity. In any case, less functional coupling between the amygdala and vmPFC has been found in low-SES individuals when processing negative emotion.<sup><xref rid="ref47" ref-type="bibr">47</xref></sup> In the same intensively studied group of participants (see also<sup><xref rid="ref20" ref-type="bibr">20</xref>,<xref rid="ref45" ref-type="bibr">45</xref>,<xref rid="ref47" ref-type="bibr">47</xref></sup>), Liberzon and colleagues<sup><xref rid="ref48" ref-type="bibr">48</xref></sup> found less prefrontal activity in lower-SES participants in a task designed to evoke implicit emotion regulation, although in this task the finding was localised to lateral rather than medial regions.</p><p>Studies of participants at rest provide additional evidence concerning limbic&#x02013;cortical interactions. Functional connectivity between the amygdala and the vmPFC was found to be weaker in participants of lower SES, and this difference in brain activity accounted for SES disparities in vulnerability to stressful life events.<sup><xref rid="ref49" ref-type="bibr">49</xref></sup> Connectivity of the amygdala and hippocampus to prefrontal regions was also reduced in lower-SES children, and these differences fully mediated the relationship between SES and later depression.<sup><xref rid="ref50" ref-type="bibr">50</xref></sup> Finally, connectivity between the ventral striatum and ventral PFC is reduced in low SES, and this fully mediated the relationhip between SES and anxiety.<sup><xref rid="ref51" ref-type="bibr">51</xref></sup></p></sec><sec sec-type="conclusions" id="sec4"><title>Conclusions</title><p>We offer this preliminary review of the literature as a starting point, to be refined as the literature grows and our understanding of SES and affective neuroscience advances. It is limited in part by the small size of the literature. Our search method uncovered only 27 studies, and many of these involved small samples (<italic>n</italic>&#x000a0;&#x0003c;&#x000a0;50 for half of the studies) or a restricted range of SES. In addition, affect and SES are both complex constructs, and each has been operationalised in numerous different ways in the studies reviewed here. Is it sensible to group the sight of a frightened face, the sound of a crying baby and the loss of small sums of money into a common category of &#x02018;negative emotion?&#x02019; We did so here provisionally, to help organise our review at a very general level, recognising that important differences may be glossed over. The studies reported here were also heterogeneous in terms of participants&#x02019; ages. Finally, the studies measured SES in different ways, for example in childhood or adulthood, and according to income, educational attainment or neighbourhood deprivation. In attempting this first broad review of SES and the neural bases of emotion, we do not distinguish between different measures of SES, and we report findings as positive if any measure of SES shows a statistically significant effect.</p><p>For the reasons just mentioned, any conclusions from this review must be considered very provisional. Nevertheless, some trends can be discerned, and these may be relevant to the SES gradient in mood and anxiety disorders. Socioeconomic disadvantage shapes the brain's response to emotional stimuli, such that negative stimuli appear to evoke a stronger response and positive stimuli may possibly evoke a weaker response. This amounts to an overall bias towards the negative and away from the positive for lower SES, which would be expected to indicate a greater susceptibility among low-SES individuals to depression and anxiety. In contrast, anticipation of reward appears to evoke more activity in people of lower SES, which in one study mediated the relationship between socioeconomic disadvantage and adolescent depression symptoms.<sup><xref rid="ref40" ref-type="bibr">40</xref></sup> Greater reactivity to the promise of reward may contribute to disorders of impulse control.<sup><xref rid="ref52" ref-type="bibr">52</xref></sup> Finally, in at least a few studies functional networks that may serve to regulate emotion are weaker in people of lower SES, and these differences too have been found to mediate risk for psychopathology.</p><p>Given the disproportionate mental health burden borne by those of low SES, it makes sense to deploy the full range of approaches to understanding and addressing this inequity, from the sociological to the neuroscientific. High priorities for future research will be to expand the evidentiary base relating SES, brain function and psychological symptoms, and to establish how social and economic factors external to the individual may give rise to the neural and psychological vulnerabilities reviewed here. In aiming to understand the interrelations among psychology, biology and social context, it should be possible for mental health and well-being to be more widely enjoyed throughout society.</p></sec></body><back><notes id="nts1" notes-type="other"><title>About the authors</title><p><bold>Yu Hao</bold>, PhD, is a postdoctoral researcher at the Center for Neuroscience &#x00026;&#x000a0;Society, University of Pennsylvania, Philadelphia, Pennsylvania, USA. <bold>Martha J. Farah</bold>, PhD, is Walter H. Annenberg Professor in the&#x000a0;Natural Sciences and Director of the Center for Neuroscience &#x00026;&#x000a0;Society, University of Pennsylvania, Philadelphia, Pennsylvania, USA.</p></notes><notes id="nts2" notes-type="other"><title>Author contributions</title><p>Literature reviewed and interpreted by both authors; first draft written by Y.H.; revisions by both authors.</p></notes><sec id="nts3" sec-type="COI-statement"><title>Declaration of interest</title><p>None.</p></sec><sec sec-type="supplementary-material" id="sec5"><title>Supplementary material</title><supplementary-material content-type="local-data" id="S2056469420000698sup"><p>For supplementary material accompanying this paper visit https://doi.org/10.1192/bjb.2020.69.</p><media xlink:href="S2056469420000698sup.zip" mimetype="application" mime-subtype="zip" orientation="portrait" id="d38e499" position="anchor"><caption><p>click here to view supplementary material</p></caption></media></supplementary-material></sec><ref-list id="reflist1"><title>References</title><ref id="ref1"><label>1</label><mixed-citation publication-type="journal" id="cite1"><string-name><surname>Kessler</surname>
<given-names>RC</given-names></string-name>, <string-name><surname>Berglund</surname>
<given-names>P</given-names></string-name>, <string-name><surname>Demler</surname>
<given-names>O</given-names></string-name>, <string-name><surname>Jin</surname>
<given-names>R</given-names></string-name>, <string-name><surname>Merikangas</surname>
<given-names>KR</given-names></string-name>, <string-name><surname>Walters</surname>
<given-names>EE</given-names></string-name>. <article-title>Lifetime prevalence and age-of-onset distributions of</article-title> DSM-IV disorders in the National Comorbidity Survey replication. <source>Arch Gen Psychiatry</source>
<year>2005</year>; <volume>62</volume>: <fpage>593</fpage>&#x02013;<lpage>602</lpage>.<pub-id pub-id-type="pmid">15939837</pub-id></mixed-citation></ref><ref id="ref2"><label>2</label><mixed-citation publication-type="journal" id="cite2"><string-name><surname>Lorant</surname>
<given-names>V</given-names></string-name>, <string-name><surname>Deli&#x000e8;ge</surname>
<given-names>D</given-names></string-name>, <string-name><surname>Eaton</surname>
<given-names>W</given-names></string-name>, <string-name><surname>Robert</surname>
<given-names>A</given-names></string-name>, <string-name><surname>Philippot</surname>
<given-names>P</given-names></string-name>, <string-name><surname>Ansseau</surname>
<given-names>M</given-names></string-name>. <article-title>Socioeconomic inequalities in depression: a meta-analysis</article-title>. <source>Am J Epidemiol</source>
<year>2003</year>; <volume>157</volume>: <fpage>98</fpage>&#x02013;<lpage>112</lpage>.<pub-id pub-id-type="pmid">12522017</pub-id></mixed-citation></ref><ref id="ref3"><label>3</label><mixed-citation publication-type="journal" id="cite3"><string-name><surname>McLaughlin</surname>
<given-names>KA</given-names></string-name>, <string-name><surname>Costello</surname>
<given-names>EJ</given-names></string-name>, <string-name><surname>Leblanc</surname>
<given-names>W</given-names></string-name>, <string-name><surname>Sampson</surname>
<given-names>NA</given-names></string-name>, <string-name><surname>Kessler</surname>
<given-names>RC</given-names></string-name>. <article-title>Socioeconomic status and adolescent mental disorders</article-title>. <source>Am J Public Health</source>
<year>2012</year>; <volume>102</volume>: <fpage>1742</fpage>&#x02013;50.<pub-id pub-id-type="pmid">22873479</pub-id></mixed-citation></ref><ref id="ref4"><label>4</label><mixed-citation publication-type="journal" id="cite4"><string-name><surname>Guhn</surname>
<given-names>M</given-names></string-name>, <string-name><surname>Emerson</surname>
<given-names>SD</given-names></string-name>, <string-name><surname>Mahdaviani</surname>
<given-names>D</given-names></string-name>, <string-name><surname>Gadermann</surname>
<given-names>AM</given-names></string-name>. <article-title>Associations of birth factors and socio-economic status with indicators of early emotional development and mental health in childhood: a population-based linkage study</article-title>. <source>Child Psychiatry Hum Dev</source>
<year>2020</year>; <volume>51</volume>: <fpage>80</fpage>&#x02013;<lpage>93</lpage>.<pub-id pub-id-type="pmid">31338644</pub-id></mixed-citation></ref><ref id="ref5"><label>5</label><mixed-citation publication-type="other" id="cite5"><collab>Statistics Canada</collab>. <source>Mental health-related disabilities among Canadians aged 15 years and older, 2012</source>. Statistics Canada, <year>2012</year> (<uri xlink:href="https://www150.statcan.gc.ca/n1/pub/89-654-x/89-654-x2014002-eng.htm">https://www150.statcan.gc.ca/n1/pub/89-654-x/89-654-x2014002-eng.htm</uri>).</mixed-citation></ref><ref id="ref6"><label>6</label><mixed-citation publication-type="journal" id="cite6"><string-name><surname>Braveman</surname>
<given-names>PA</given-names></string-name>, <string-name><surname>Cubbin</surname>
<given-names>C</given-names></string-name>, <string-name><surname>Egerter</surname>
<given-names>S</given-names></string-name>, <string-name><surname>Chideya</surname>
<given-names>S</given-names></string-name>, <string-name><surname>Marchi</surname>
<given-names>KS</given-names></string-name>, <string-name><surname>Metzler</surname>
<given-names>M</given-names></string-name>, <etal/>
<article-title>Socioeconomic status in health research: one size does not fit all</article-title>. <source>J Am Med Assoc</source>
<year>2005</year>; <volume>294</volume>: <fpage>2879</fpage>&#x02013;88.</mixed-citation></ref><ref id="ref7"><label>7</label><mixed-citation publication-type="journal" id="cite7"><string-name><surname>Chen</surname>
<given-names>E</given-names></string-name>, <string-name><surname>Paterson</surname>
<given-names>LQ</given-names></string-name>. <article-title>Neighborhood, family, and subjective socioeconomic status: how do they relate to adolescent health?</article-title>
<source>Health Psychol</source>
<year>2006</year>; <volume>25</volume>: <fpage>704</fpage>&#x02013;14.<pub-id pub-id-type="pmid">17100499</pub-id></mixed-citation></ref><ref id="ref8"><label>8</label><mixed-citation publication-type="book" id="cite8"><string-name><surname>Kim</surname>
<given-names>P</given-names></string-name>, <string-name><surname>Evans</surname>
<given-names>GW</given-names></string-name>, <string-name><surname>Chen</surname>
<given-names>E</given-names></string-name>, <string-name><surname>Miller</surname>
<given-names>G</given-names></string-name>, <string-name><surname>Seeman</surname>
<given-names>T</given-names></string-name>. <chapter-title>How socioeconomic disadvantages get under the skin and into the brain to influence health development across the lifespan</chapter-title> In <source>Handbook of Life Course Health Development</source> (eds <string-name><given-names>N</given-names>
<surname>Halfon</surname></string-name>, <string-name><given-names>CB</given-names>
<surname>Forrest</surname></string-name>, <string-name><given-names>RM</given-names>
<surname>Lerner</surname></string-name>, <string-name><given-names>EM</given-names>
<surname>Faustman</surname></string-name>): <fpage>463</fpage>&#x02013;98. <publisher-name>Springer</publisher-name>, <year>2017</year>.</mixed-citation></ref><ref id="ref9"><label>9</label><mixed-citation publication-type="journal" id="cite9"><string-name><surname>Palacios-Barrios</surname>
<given-names>EE</given-names></string-name>, <string-name><surname>Hanson</surname>
<given-names>JL</given-names></string-name>. <article-title>Poverty and self-regulation: connecting psychosocial processes, neurobiology, and the risk for psychopathology</article-title>. <source>Compr Psychiatry</source>
<year>2019</year>; <volume>90</volume>: <fpage>52</fpage>&#x02013;<lpage>64</lpage>.<pub-id pub-id-type="pmid">30711814</pub-id></mixed-citation></ref><ref id="ref10"><label>10</label><mixed-citation publication-type="journal" id="cite10"><string-name><surname>McLaughlin</surname>
<given-names>KA</given-names></string-name>, <string-name><surname>Sheridan</surname>
<given-names>MA</given-names></string-name>, <string-name><surname>Lambert</surname>
<given-names>HK</given-names></string-name>. <article-title>Childhood adversity and neural development: deprivation and threat as distinct dimensions of early experience</article-title>. <source>Neurosci Biobehav Rev</source>
<year>2014</year>; <volume>47</volume>: <fpage>578</fpage>&#x02013;91.<pub-id pub-id-type="pmid">25454359</pub-id></mixed-citation></ref><ref id="ref11"><label>11</label><mixed-citation publication-type="journal" id="cite11"><string-name><surname>Whalen</surname>
<given-names>PJ</given-names></string-name>, <string-name><surname>Bush</surname>
<given-names>G</given-names></string-name>, <string-name><surname>McNally</surname>
<given-names>RJ</given-names></string-name>, <string-name><surname>Wilhelm</surname>
<given-names>S</given-names></string-name>, <string-name><surname>McInerney</surname>
<given-names>SC</given-names></string-name>, <string-name><surname>Jenike</surname>
<given-names>MA</given-names></string-name>, <etal/>
<article-title>The emotional counting Stroop paradigm: a functional magnetic resonance imaging probe of the anterior cingulate affective division</article-title>. <source>Biol Psychiatry</source>
<year>1998</year>; <volume>44</volume>: <fpage>1219</fpage>&#x02013;28.<pub-id pub-id-type="pmid">9861465</pub-id></mixed-citation></ref><ref id="ref12"><label>12</label><mixed-citation publication-type="journal" id="cite12"><string-name><surname>Pessiglione</surname>
<given-names>M</given-names></string-name>, <string-name><surname>Petrovic</surname>
<given-names>P</given-names></string-name>, <string-name><surname>Daunizeau</surname>
<given-names>J</given-names></string-name>, <string-name><surname>Palminteri</surname>
<given-names>S</given-names></string-name>, <string-name><surname>Dolan</surname>
<given-names>RJ</given-names></string-name>, <string-name><surname>Frith</surname>
<given-names>CD</given-names></string-name>. <article-title>Subliminal instrumental conditioning demonstrated in the human brain</article-title>. <source>Neuron</source>
<year>2008</year>; <volume>59</volume>: <fpage>561</fpage>&#x02013;7.<pub-id pub-id-type="pmid">18760693</pub-id></mixed-citation></ref><ref id="ref13"><label>13</label><mixed-citation publication-type="journal" id="cite13"><string-name><surname>Lindquist</surname>
<given-names>KA</given-names></string-name>, <string-name><surname>Wager</surname>
<given-names>TD</given-names></string-name>, <string-name><surname>Kober</surname>
<given-names>H</given-names></string-name>, <string-name><surname>Bliss-Moreau</surname>
<given-names>E</given-names></string-name>, <string-name><surname>Barrett</surname>
<given-names>LF</given-names></string-name>. <article-title>The brain basis of emotion: a meta-analytic review</article-title>. <source>Behav Brain Sci</source>
<year>2012</year>; <volume>35</volume>: <fpage>121</fpage>&#x02013;43.<pub-id pub-id-type="pmid">22617651</pub-id></mixed-citation></ref><ref id="ref14"><label>14</label><mixed-citation publication-type="book" id="cite14"><string-name><surname>Barrett</surname>
<given-names>LF</given-names></string-name>. <source>How Emotions Are Made: The Secret Life of the Brain</source>. <publisher-name>Picador</publisher-name>, <year>2017</year>.</mixed-citation></ref><ref id="ref15"><label>15</label><mixed-citation publication-type="journal" id="cite15"><string-name><surname>Gianaros</surname>
<given-names>PJ</given-names></string-name>, <string-name><surname>Horenstein</surname>
<given-names>JA</given-names></string-name>, <string-name><surname>Hariri</surname>
<given-names>AR</given-names></string-name>, <string-name><surname>Sheu</surname>
<given-names>LK</given-names></string-name>, <string-name><surname>Manuck</surname>
<given-names>SB</given-names></string-name>, <string-name><surname>Matthews</surname>
<given-names>KA</given-names></string-name>, <etal/>
<article-title>Potential neural embedding of parental social standing</article-title>. <source>Soc Cogn Affect Neurosci</source>
<year>2008</year>; <volume>3</volume>: <fpage>91</fpage>&#x02013;6.<pub-id pub-id-type="pmid">18594696</pub-id></mixed-citation></ref><ref id="ref16"><label>16</label><mixed-citation publication-type="journal" id="cite16"><string-name><surname>Muscatell</surname>
<given-names>KA</given-names></string-name>, <string-name><surname>Morelli</surname>
<given-names>SA</given-names></string-name>, <string-name><surname>Falk</surname>
<given-names>EB</given-names></string-name>, <string-name><surname>Way</surname>
<given-names>BM</given-names></string-name>, <string-name><surname>Pfeifer</surname>
<given-names>JH</given-names></string-name>, <string-name><surname>Galinsky</surname>
<given-names>AD</given-names></string-name>, <etal/>
<article-title>Social status modulates neural activity in the mentalizing network</article-title>. <source>Neuroimage</source>
<year>2012</year>; <volume>60</volume>: <fpage>1771</fpage>&#x02013;7.<pub-id pub-id-type="pmid">22289808</pub-id></mixed-citation></ref><ref id="ref17"><label>17</label><mixed-citation publication-type="journal" id="cite17"><string-name><surname>Gard</surname>
<given-names>AM</given-names></string-name>, <string-name><surname>Waller</surname>
<given-names>R</given-names></string-name>, <string-name><surname>Shaw</surname>
<given-names>DS</given-names></string-name>, <string-name><surname>Forbes</surname>
<given-names>EE</given-names></string-name>, <string-name><surname>Hariri</surname>
<given-names>AR</given-names></string-name>, <string-name><surname>Hyde</surname>
<given-names>LW</given-names></string-name>. <article-title>The long reach of early adversity: parenting, stress, and neural pathways to antisocial behavior in adulthood</article-title>. <source>Biol Psychiatry Cogn Neurosci Neuroimaging</source>
<year>2017</year>; <volume>2</volume>: <fpage>582</fpage>&#x02013;90.<pub-id pub-id-type="pmid">29170760</pub-id></mixed-citation></ref><ref id="ref18"><label>18</label><mixed-citation publication-type="journal" id="cite18"><string-name><surname>Demenescu</surname>
<given-names>LR</given-names></string-name>, <string-name><surname>Stan</surname>
<given-names>A</given-names></string-name>, <string-name><surname>Kortekaas</surname>
<given-names>R</given-names></string-name>, <string-name><surname>van der Wee</surname>
<given-names>NJA</given-names></string-name>, <string-name><surname>Veltman</surname>
<given-names>DJ</given-names></string-name>, <string-name><surname>Aleman</surname>
<given-names>A</given-names></string-name>. <article-title>On the connection between level of education and the neural circuitry of emotion perception</article-title>. <source>Front Hum Neurosci</source>
<year>2014</year>; <volume>8</volume>: <fpage>866</fpage>.<pub-id pub-id-type="pmid">25386133</pub-id></mixed-citation></ref><ref id="ref19"><label>19</label><mixed-citation publication-type="journal" id="cite19"><string-name><surname>Kim</surname>
<given-names>P</given-names></string-name>, <string-name><surname>Capistrano</surname>
<given-names>CG</given-names></string-name>, <string-name><surname>Erhart</surname>
<given-names>A</given-names></string-name>, <string-name><surname>Gray-Schiff</surname>
<given-names>R</given-names></string-name>, <string-name><surname>Xu</surname>
<given-names>N</given-names></string-name>. <article-title>Socioeconomic disadvantage, neural responses to infant emotions, and emotional availability among first-time new mothers</article-title>. <source>Behav Brain Res</source>
<year>2017</year>; <volume>325</volume>: <fpage>188</fpage>&#x02013;96.<pub-id pub-id-type="pmid">28163097</pub-id></mixed-citation></ref><ref id="ref20"><label>20</label><mixed-citation publication-type="journal" id="cite20"><string-name><surname>Javanbakht</surname>
<given-names>A</given-names></string-name>, <string-name><surname>Kim</surname>
<given-names>P</given-names></string-name>, <string-name><surname>Swain</surname>
<given-names>JE</given-names></string-name>, <string-name><surname>Evans</surname>
<given-names>GW</given-names></string-name>, <string-name><surname>Luan Phan</surname>
<given-names>K</given-names></string-name>, <string-name><surname>Liberzon</surname>
<given-names>I</given-names></string-name>. <article-title>Sex-specific effects of childhood poverty on neurocircuitry of processing of emotional cues: a neuroimaging study</article-title>. <source>Behav Sci (Basel)</source>
<year>2016</year>; <volume>6</volume>: 28.</mixed-citation></ref><ref id="ref21"><label>21</label><mixed-citation publication-type="journal" id="cite21"><string-name><surname>Muscatell</surname>
<given-names>KA</given-names></string-name>, <string-name><surname>McCormick</surname>
<given-names>E</given-names></string-name>, <string-name><surname>Telzer</surname>
<given-names>EH</given-names></string-name>. <article-title>Subjective social status and neural processing of race in Mexican American adolescents</article-title>. <source>Dev Psychopathol</source>
<year>2018</year>; <volume>30</volume>: <fpage>1837</fpage>&#x02013;48.<pub-id pub-id-type="pmid">30189904</pub-id></mixed-citation></ref><ref id="ref22"><label>22</label><mixed-citation publication-type="journal" id="cite22"><string-name><surname>White</surname>
<given-names>SF</given-names></string-name>, <string-name><surname>Voss</surname>
<given-names>JL</given-names></string-name>, <string-name><surname>Chiang</surname>
<given-names>JJ</given-names></string-name>, <string-name><surname>Wang</surname>
<given-names>L</given-names></string-name>, <string-name><surname>McLaughlin</surname>
<given-names>KA</given-names></string-name>, <string-name><surname>Miller</surname>
<given-names>GE</given-names></string-name>. <article-title>Exposure to violence and low family income are associated with heightened amygdala responsiveness to threat among adolescents</article-title>. <source>Dev Cogn Neurosci</source>
<year>2019</year>; <volume>40</volume>: <fpage>100709</fpage>.<pub-id pub-id-type="pmid">31654964</pub-id></mixed-citation></ref><ref id="ref23"><label>23</label><mixed-citation publication-type="journal" id="cite23"><string-name><surname>Choe</surname>
<given-names>DE</given-names></string-name>, <string-name><surname>Shaw</surname>
<given-names>DS</given-names></string-name>, <string-name><surname>Forbes</surname>
<given-names>EE</given-names></string-name>. <article-title>Maladaptive social information processing in childhood predicts young men's atypical amygdala reactivity to threat</article-title>. <source>J Child Psychol Psychiatry Allied Discip</source>
<year>2015</year>; <volume>56</volume>: <fpage>549</fpage>&#x02013;57.</mixed-citation></ref><ref id="ref24"><label>24</label><mixed-citation publication-type="journal" id="cite24"><string-name><surname>Lambert</surname>
<given-names>HK</given-names></string-name>, <string-name><surname>Sheridan</surname>
<given-names>MA</given-names></string-name>, <string-name><surname>Sambrook</surname>
<given-names>KA</given-names></string-name>, <string-name><surname>Rosen</surname>
<given-names>ML</given-names></string-name>, <string-name><surname>Askren</surname>
<given-names>MK</given-names></string-name>, <string-name><surname>McLaughlin</surname>
<given-names>KA</given-names></string-name>. <article-title>Hippocampal contribution to context encoding across development is disrupted following early-life adversity</article-title>. <source>J Neurosci</source>
<year>2017</year>; <volume>37</volume>: <fpage>1925</fpage>&#x02013;34.<pub-id pub-id-type="pmid">28093475</pub-id></mixed-citation></ref><ref id="ref25"><label>25</label><mixed-citation publication-type="journal" id="cite25"><string-name><surname>Harnett</surname>
<given-names>NG</given-names></string-name>, <string-name><surname>Wheelock</surname>
<given-names>MD</given-names></string-name>, <string-name><surname>Wood</surname>
<given-names>KH</given-names></string-name>, <string-name><surname>Goodman</surname>
<given-names>AM</given-names></string-name>, <string-name><surname>Mrug</surname>
<given-names>S</given-names></string-name>, <string-name><surname>Elliott</surname>
<given-names>MN</given-names></string-name>, <etal/>
<article-title>Negative life experiences contribute to racial differences in the neural response to threat</article-title>. <source>Neuroimage</source>
<year>2019</year>; <volume>202</volume>: <fpage>116086</fpage>.<pub-id pub-id-type="pmid">31401241</pub-id></mixed-citation></ref><ref id="ref26"><label>26</label><mixed-citation publication-type="journal" id="cite26"><string-name><surname>Kim</surname>
<given-names>P</given-names></string-name>, <string-name><surname>Ho</surname>
<given-names>SS</given-names></string-name>, <string-name><surname>Evans</surname>
<given-names>GW</given-names></string-name>, <string-name><surname>Liberzon</surname>
<given-names>I</given-names></string-name>, <string-name><surname>Swain</surname>
<given-names>JE</given-names></string-name>. <article-title>Childhood social inequalities influences neural processes in young adult caregiving</article-title>. <source>Dev Psychobiol</source>
<year>2015</year>; <volume>57</volume>: <fpage>948</fpage>&#x02013;60.<pub-id pub-id-type="pmid">25981334</pub-id></mixed-citation></ref><ref id="ref27"><label>27</label><mixed-citation publication-type="journal" id="cite27"><string-name><surname>Kim</surname>
<given-names>P</given-names></string-name>, <string-name><surname>Capistrano</surname>
<given-names>C</given-names></string-name>, <string-name><surname>Congleton</surname>
<given-names>C</given-names></string-name>. <article-title>Socioeconomic disadvantages and neural sensitivity to infant cry: Role of maternal distress</article-title>. <source>Soc Cogn Affect Neurosci</source>
<year>2016</year>; <volume>11</volume>: <fpage>1597</fpage>&#x02013;607.<pub-id pub-id-type="pmid">27217119</pub-id></mixed-citation></ref><ref id="ref28"><label>28</label><mixed-citation publication-type="journal" id="cite28"><string-name><surname>Swain</surname>
<given-names>JE</given-names></string-name>. <article-title>The human parental brain: in vivo neuroimaging</article-title>. <source>Prog Neuro-Psychopharmacol Biol Psychiatry</source>
<year>2011</year>; <volume>35</volume>: <fpage>1242</fpage>&#x02013;54.</mixed-citation></ref><ref id="ref29"><label>29</label><mixed-citation publication-type="journal" id="cite29"><string-name><surname>Vijayakumar</surname>
<given-names>N</given-names></string-name>, <string-name><surname>Cheng</surname>
<given-names>TW</given-names></string-name>, <string-name><surname>Pfeifer</surname>
<given-names>JH</given-names></string-name>. <article-title>Neural correlates of social exclusion across ages: A coordinate-based meta-analysis of functional MRI studies</article-title>. <source>NeuroImage</source>
<year>2017</year>; <volume>153</volume>: <fpage>359</fpage>&#x02013;68.<pub-id pub-id-type="pmid">28235565</pub-id></mixed-citation></ref><ref id="ref30"><label>30</label><mixed-citation publication-type="journal" id="cite30"><string-name><surname>Rotge</surname>
<given-names>JY</given-names></string-name>, <string-name><surname>Lemogne</surname>
<given-names>C</given-names></string-name>, <string-name><surname>Hinfray</surname>
<given-names>S</given-names></string-name>, <string-name><surname>Huguet</surname>
<given-names>P</given-names></string-name>, <string-name><surname>Grynszpan</surname>
<given-names>O</given-names></string-name>, <string-name><surname>Tartour</surname>
<given-names>E</given-names></string-name>, <etal/>
<article-title>A meta-analysis of the anterior cingulate contribution to social pain</article-title>. <source>Soc Cogn Affect Neurosci</source>
<year>2015</year>; <volume>10</volume>: <fpage>19</fpage>&#x02013;<lpage>27</lpage>.<pub-id pub-id-type="pmid">25140048</pub-id></mixed-citation></ref><ref id="ref31"><label>31</label><mixed-citation publication-type="journal" id="cite31"><string-name><surname>Cacioppo</surname>
<given-names>S</given-names></string-name>, <string-name><surname>Frum</surname>
<given-names>C</given-names></string-name>, <string-name><surname>Asp</surname>
<given-names>E</given-names></string-name>, <string-name><surname>Weiss</surname>
<given-names>RM</given-names></string-name>, <string-name><surname>Lewis</surname>
<given-names>JW</given-names></string-name>, <string-name><surname>Cacioppo</surname>
<given-names>JT</given-names></string-name>. <article-title>A quantitative meta-analysis of functional imaging studies of social rejection</article-title>. <source>Sci Rep</source>
<year>2013</year>; <volume>3</volume>: <fpage>2027</fpage>.<pub-id pub-id-type="pmid">24002359</pub-id></mixed-citation></ref><ref id="ref32"><label>32</label><mixed-citation publication-type="journal" id="cite32"><string-name><surname>Gonzalez</surname>
<given-names>MZ</given-names></string-name>, <string-name><surname>Beckes</surname>
<given-names>L</given-names></string-name>, <string-name><surname>Chango</surname>
<given-names>J</given-names></string-name>, <string-name><surname>Allen</surname>
<given-names>JP</given-names></string-name>, <string-name><surname>Coan</surname>
<given-names>JA</given-names></string-name>. <article-title>Adolescent neighborhood quality predicts adult dACC response to social exclusion</article-title>. <source>Soc Cogn Affect Neurosci</source>
<year>2014</year>; <volume>10</volume>: <fpage>921</fpage>&#x02013;8.<pub-id pub-id-type="pmid">25349459</pub-id></mixed-citation></ref><ref id="ref33"><label>33</label><mixed-citation publication-type="journal" id="cite33"><string-name><surname>Muscatell</surname>
<given-names>KA</given-names></string-name>, <string-name><surname>Dedovic</surname>
<given-names>K</given-names></string-name>, <string-name><surname>Slavich</surname>
<given-names>GM</given-names></string-name>, <string-name><surname>Jarcho</surname>
<given-names>MR</given-names></string-name>, <string-name><surname>Breen</surname>
<given-names>EC</given-names></string-name>, <string-name><surname>Bower</surname>
<given-names>JE</given-names></string-name>, <etal/>
<article-title>Neural mechanisms linking social status and inflammatory responses to social stress</article-title>. <source>Soc Cogn Affect Neurosci</source>
<year>2016</year>: <volume>11</volume>: <fpage>915</fpage>&#x02013;22.<pub-id pub-id-type="pmid">26979965</pub-id></mixed-citation></ref><ref id="ref34"><label>34</label><mixed-citation publication-type="journal" id="cite34"><string-name><surname>Delgado</surname>
<given-names>MR</given-names></string-name>, <string-name><surname>Jou</surname>
<given-names>RL</given-names></string-name>, <string-name><surname>Phelps</surname>
<given-names>EA</given-names></string-name>. <article-title>Neural systems underlying aversive conditioning in humans with primary and secondary reinforcers</article-title>. <source>Front Neurosci</source>
<year>2011</year>; <volume>5</volume>: <fpage>71</fpage>.<pub-id pub-id-type="pmid">21637321</pub-id></mixed-citation></ref><ref id="ref35"><label>35</label><mixed-citation publication-type="journal" id="cite35"><string-name><surname>Quevedo</surname>
<given-names>K</given-names></string-name>, <string-name><surname>Waters</surname>
<given-names>TEA</given-names></string-name>, <string-name><surname>Scott</surname>
<given-names>H</given-names></string-name>, <string-name><surname>Roisman</surname>
<given-names>GI</given-names></string-name>, <string-name><surname>Shaw</surname>
<given-names>DS</given-names></string-name>, <string-name><surname>Forbes</surname>
<given-names>EE</given-names></string-name>. <article-title>Brain activity and infant attachment history in young men during loss and reward processing</article-title>. <source>Dev Psychopathol</source>
<year>2017</year>; <volume>29</volume>: <fpage>465</fpage>&#x02013;76.<pub-id pub-id-type="pmid">28401835</pub-id></mixed-citation></ref><ref id="ref36"><label>36</label><mixed-citation publication-type="journal" id="cite36"><string-name><surname>Gianaros</surname>
<given-names>PJ</given-names></string-name>, <string-name><surname>Manuck</surname>
<given-names>SB</given-names></string-name>, <string-name><surname>Sheu</surname>
<given-names>LK</given-names></string-name>, <string-name><surname>Kuan</surname>
<given-names>DCH</given-names></string-name>, <string-name><surname>Votruba-Drzal</surname>
<given-names>E</given-names></string-name>, <string-name><surname>Craig</surname>
<given-names>AE</given-names></string-name>, <etal/>
<article-title>Parental education predicts corticostriatal functionality in adulthood</article-title>. <source>Cereb Cortex</source>
<year>2011</year>; <volume>21</volume>: <fpage>896</fpage>&#x02013;<lpage>910</lpage>.<pub-id pub-id-type="pmid">20810623</pub-id></mixed-citation></ref><ref id="ref37"><label>37</label><mixed-citation publication-type="journal" id="cite37"><string-name><surname>Bartra</surname>
<given-names>O</given-names></string-name>, <string-name><surname>McGuire</surname>
<given-names>JT</given-names></string-name>, <string-name><surname>Kable</surname>
<given-names>JW</given-names></string-name>. <article-title>The valuation system: a coordinate-based meta-analysis of BOLD fMRI experiments examining neural correlates of subjective value</article-title>. <source>Neuroimage</source>
<year>2013</year>; <volume>76</volume>: <fpage>412</fpage>&#x02013;27.<pub-id pub-id-type="pmid">23507394</pub-id></mixed-citation></ref><ref id="ref38"><label>38</label><mixed-citation publication-type="journal" id="cite38"><string-name><surname>Silverman</surname>
<given-names>ME</given-names></string-name>, <string-name><surname>Muennig</surname>
<given-names>P</given-names></string-name>, <string-name><surname>Liu</surname>
<given-names>X</given-names></string-name>, <string-name><surname>Rosen</surname>
<given-names>Z</given-names></string-name>, <string-name><surname>Goldstein</surname>
<given-names>MA</given-names></string-name>. <article-title>The impact of socioeconomic status on the neural substrates associated with pleasure</article-title>. <source>Open Neuroimag J</source>
<year>2009</year>; <volume>3</volume>: <fpage>58</fpage>&#x02013;<lpage>63</lpage>.<pub-id pub-id-type="pmid">19718457</pub-id></mixed-citation></ref><ref id="ref39"><label>39</label><mixed-citation publication-type="journal" id="cite39"><string-name><surname>Berridge</surname>
<given-names>KC</given-names></string-name>, <string-name><surname>Robinson</surname>
<given-names>TE</given-names></string-name>, <string-name><surname>Aldridge</surname>
<given-names>JW</given-names></string-name>. <article-title>Dissecting components of reward: &#x0201c;liking&#x0201d;, &#x0201c;wanting&#x0201d;, and learning</article-title>. <source>Curr Opin Pharmacol</source>
<year>2009</year>; <volume>9</volume>: <fpage>65</fpage>&#x02013;<lpage>73</lpage>.<pub-id pub-id-type="pmid">19162544</pub-id></mixed-citation></ref><ref id="ref40"><label>40</label><mixed-citation publication-type="journal" id="cite40"><string-name><surname>Romens</surname>
<given-names>SE</given-names></string-name>, <string-name><surname>Casement</surname>
<given-names>MD</given-names></string-name>, <string-name><surname>McAloon</surname>
<given-names>R</given-names></string-name>, <string-name><surname>Keenan</surname>
<given-names>K</given-names></string-name>, <string-name><surname>Hipwell</surname>
<given-names>AE</given-names></string-name>, <string-name><surname>Guyer</surname>
<given-names>AE</given-names></string-name>, <etal/>
<article-title>Adolescent girls&#x02019; neural response to reward mediates the relation between childhood financial disadvantage and depression</article-title>. <source>J Child Psychol Psychiatry Allied Discip</source>
<year>2015</year>; <volume>56</volume>: <fpage>1177</fpage>&#x02013;84.</mixed-citation></ref><ref id="ref41"><label>41</label><mixed-citation publication-type="journal" id="cite41"><string-name><surname>Gonzalez</surname>
<given-names>MZ</given-names></string-name>, <string-name><surname>Allen</surname>
<given-names>JP</given-names></string-name>, <string-name><surname>Coan</surname>
<given-names>JA</given-names></string-name>. <article-title>Lower neighborhood quality in adolescence predicts higher mesolimbic sensitivity to reward anticipation in adulthood</article-title>. <source>Dev Cogn Neurosci</source>
<year>2016</year>; <volume>22</volume>: <fpage>48</fpage>&#x02013;<lpage>57</lpage>.<pub-id pub-id-type="pmid">27838595</pub-id></mixed-citation></ref><ref id="ref42"><label>42</label><mixed-citation publication-type="journal" id="cite42"><string-name><surname>Shad</surname>
<given-names>MU</given-names></string-name>, <string-name><surname>Bidesi</surname>
<given-names>AS</given-names></string-name>, <string-name><surname>Chen</surname>
<given-names>LA</given-names></string-name>, <string-name><surname>Thomas</surname>
<given-names>BP</given-names></string-name>, <string-name><surname>Ernst</surname>
<given-names>M</given-names></string-name>, <string-name><surname>Rao</surname>
<given-names>U</given-names></string-name>. <article-title>Neurobiology of decision-making in adolescents</article-title>. <source>Behav Brain Res</source>
<year>2011</year>; <volume>217</volume>: <fpage>67</fpage>&#x02013;<lpage>76</lpage>.<pub-id pub-id-type="pmid">20933020</pub-id></mixed-citation></ref><ref id="ref43"><label>43</label><mixed-citation publication-type="journal" id="cite43"><string-name><surname>Gross</surname>
<given-names>JJ</given-names></string-name>. <article-title>The emerging field of emotion regulation: an integrative review</article-title>. <source>Rev Gen Psychol</source>
<year>1998</year>; <volume>2</volume>: <fpage>271</fpage>&#x02013;99.</mixed-citation></ref><ref id="ref44"><label>44</label><mixed-citation publication-type="journal" id="cite44"><string-name><surname>Etkin</surname>
<given-names>A</given-names></string-name>, <string-name><surname>B&#x000fc;chel</surname>
<given-names>C</given-names></string-name>, <string-name><surname>Gross</surname>
<given-names>JJ</given-names></string-name>. <article-title>The neural bases of emotion regulation</article-title>. <source>Nat Rev Neurosci</source>
<year>2015</year>; <volume>16</volume>: <fpage>693</fpage>&#x02013;<lpage>700</lpage>.<pub-id pub-id-type="pmid">26481098</pub-id></mixed-citation></ref><ref id="ref45"><label>45</label><mixed-citation publication-type="journal" id="cite45"><string-name><surname>Kim</surname>
<given-names>P</given-names></string-name>, <string-name><surname>Evans</surname>
<given-names>GW</given-names></string-name>, <string-name><surname>Angstadt</surname>
<given-names>M</given-names></string-name>, <string-name><surname>Ho</surname>
<given-names>SS</given-names></string-name>, <string-name><surname>Sripada</surname>
<given-names>CS</given-names></string-name>, <string-name><surname>Swain</surname>
<given-names>JE</given-names></string-name>, <etal/>
<article-title>Effects of childhood poverty and chronic stress on emotion regulatory brain function in adulthood</article-title>. <source>Proc Natl Acad Sci</source>
<year>2013</year>; <volume>110</volume>: <fpage>18442</fpage>&#x02013;7.<pub-id pub-id-type="pmid">24145409</pub-id></mixed-citation></ref><ref id="ref46"><label>46</label><mixed-citation publication-type="journal" id="cite46"><string-name><surname>Mauss</surname>
<given-names>IB</given-names></string-name>, <string-name><surname>Bunge</surname>
<given-names>SA</given-names></string-name>, <string-name><surname>Gross</surname>
<given-names>JJ</given-names></string-name>. <article-title>Automatic emotion regulation</article-title>. <source>Soc Personal Psychol Compass</source>
<year>2007</year>; <volume>1</volume>: <fpage>146</fpage>&#x02013;67.</mixed-citation></ref><ref id="ref47"><label>47</label><mixed-citation publication-type="journal" id="cite47"><string-name><surname>Javanbakht</surname>
<given-names>A</given-names></string-name>, <string-name><surname>King</surname>
<given-names>AP</given-names></string-name>, <string-name><surname>Evans</surname>
<given-names>GW</given-names></string-name>, <string-name><surname>Swain</surname>
<given-names>JE</given-names></string-name>, <string-name><surname>Angstadt</surname>
<given-names>M</given-names></string-name>, <string-name><surname>Luan Phan</surname>
<given-names>K</given-names></string-name>, <etal/>
<article-title>Childhood poverty predicts adult amygdala and frontal activity and connectivity in response to emotional faces</article-title>. <source>Front Behav Neurosci</source>
<year>2015</year>; <volume>9</volume>: <fpage>154</fpage>.<pub-id pub-id-type="pmid">26124712</pub-id></mixed-citation></ref><ref id="ref48"><label>48</label><mixed-citation publication-type="journal" id="cite48"><string-name><surname>Liberzon</surname>
<given-names>I</given-names></string-name>, <string-name><surname>Ma</surname>
<given-names>ST</given-names></string-name>, <string-name><surname>Okada</surname>
<given-names>G</given-names></string-name>, <string-name><surname>Shaun Ho</surname>
<given-names>S</given-names></string-name>, <string-name><surname>Swain</surname>
<given-names>JE</given-names></string-name>, <string-name><surname>Evans</surname>
<given-names>GW</given-names></string-name>. <article-title>Childhood poverty and recruitment of adult emotion regulatory neurocircuitry</article-title>. <source>Soc Cogn Affect Neurosci</source>
<year>2014</year>; <volume>10</volume>: <fpage>1596</fpage>&#x02013;606.</mixed-citation></ref><ref id="ref49"><label>49</label><mixed-citation publication-type="journal" id="cite49"><string-name><surname>Hanson</surname>
<given-names>JL</given-names></string-name>, <string-name><surname>Albert</surname>
<given-names>WD</given-names></string-name>, <string-name><surname>Skinner</surname>
<given-names>AT</given-names></string-name>, <string-name><surname>Shen</surname>
<given-names>SH</given-names></string-name>, <string-name><surname>Dodge</surname>
<given-names>KA</given-names></string-name>, <string-name><surname>Lansford</surname>
<given-names>JE</given-names></string-name>. <article-title>Resting state coupling between the amygdala and ventromedial prefrontal cortex is related to household income in childhood and indexes future psychological vulnerability to stress</article-title>. <source>Dev Psychopathol</source>
<year>2019</year>; <volume>31</volume>: <fpage>1053</fpage>&#x02013;66.<pub-id pub-id-type="pmid">31084654</pub-id></mixed-citation></ref><ref id="ref50"><label>50</label><mixed-citation publication-type="journal" id="cite50"><string-name><surname>Barch</surname>
<given-names>D</given-names></string-name>, <string-name><surname>Pagliaccio</surname>
<given-names>D</given-names></string-name>, <string-name><surname>Belden</surname>
<given-names>A</given-names></string-name>, <string-name><surname>Harms</surname>
<given-names>MP</given-names></string-name>, <string-name><surname>Gaffrey</surname>
<given-names>M</given-names></string-name>, <string-name><surname>Sylvester</surname>
<given-names>CM</given-names></string-name>, <etal/>
<article-title>Effect of hippocampal and amygdala connectivity on the relationship between preschool poverty and school-age depression</article-title>. <source>Am J Psychiatry</source>
<year>2016</year>; <volume>173</volume>: <fpage>625</fpage>&#x02013;34.<pub-id pub-id-type="pmid">26771739</pub-id></mixed-citation></ref><ref id="ref51"><label>51</label><mixed-citation publication-type="journal" id="cite51"><string-name><surname>Marshall</surname>
<given-names>NA</given-names></string-name>, <string-name><surname>Marusak</surname>
<given-names>HA</given-names></string-name>, <string-name><surname>Sala-Hamrick</surname>
<given-names>KJ</given-names></string-name>, <string-name><surname>Crespo</surname>
<given-names>LM</given-names></string-name>, <string-name><surname>Rabinak</surname>
<given-names>CA</given-names></string-name>, <string-name><surname>Thomason</surname>
<given-names>ME</given-names></string-name>. <article-title>Socioeconomic disadvantage and altered corticostriatal circuitry in urban youth</article-title>. <source>Hum Brain Mapp</source>
<year>2018</year>; <volume>39</volume>: <fpage>1982</fpage>&#x02013;94.<pub-id pub-id-type="pmid">29359526</pub-id></mixed-citation></ref><ref id="ref52"><label>52</label><mixed-citation publication-type="journal" id="cite52"><string-name><surname>Dalley</surname>
<given-names>JW</given-names></string-name>, <string-name><surname>Robbins</surname>
<given-names>TW</given-names></string-name>. <article-title>Fractionating impulsivity: neuropsychiatric implications</article-title>. <source>Nat Rev Neurosci</source>
<year>2017</year>
<volume>18</volume>: <fpage>158</fpage>&#x02013;71.</mixed-citation></ref></ref-list></back></article>