<!DOCTYPE article PUBLIC "-//NLM//DTD JATS (Z39.96) Journal Archiving and Interchange DTD with MathML3 v1.2 20190208//EN" "JATS-archivearticle1-mathml3.dtd"> 
<article xmlns:xlink="http://www.w3.org/1999/xlink" xmlns:mml="http://www.w3.org/1998/Math/MathML" article-type="review-article"><?properties open_access?><?DTDIdentifier.IdentifierValue -//NLM//DTD JATS (Z39.96) Journal Publishing DTD v1.1 20151215//EN?><?DTDIdentifier.IdentifierType public?><?SourceDTD.DTDName JATS-journalpublishing1.dtd?><?SourceDTD.Version 1.1?><?ConverterInfo.XSLTName jp2nlmx2.xsl?><?ConverterInfo.Version 1?><front><journal-meta><journal-id journal-id-type="nlm-ta">BJPsych Bull</journal-id><journal-id journal-id-type="iso-abbrev">BJPsych Bull</journal-id><journal-id journal-id-type="publisher-id">BJB</journal-id><journal-title-group><journal-title>BJPsych Bulletin</journal-title></journal-title-group><issn pub-type="ppub">2056-4694</issn><issn pub-type="epub">2056-4708</issn><publisher><publisher-name>Cambridge University Press</publisher-name><publisher-loc>Cambridge, UK</publisher-loc></publisher></journal-meta><article-meta><article-id pub-id-type="pmcid">7684770</article-id><article-id pub-id-type="pmid">33213557</article-id><article-id pub-id-type="doi">10.1192/bjb.2020.14</article-id><article-id pub-id-type="pii">S2056469420000145</article-id><article-categories><subj-group subj-group-type="heading"><subject>Against the Stream</subject></subj-group></article-categories><title-group><article-title>The HCR-20 and violence risk assessment &#x02013; will a peak of inflated expectations turn to a trough of disillusionment?</article-title></title-group><contrib-group><contrib contrib-type="author"><contrib-id contrib-id-type="orcid" authenticated="true">https://orcid.org/0000-0002-7254-6307</contrib-id><name><surname>Silva</surname><given-names>Edward</given-names></name><xref ref-type="aff" rid="aff1"/><xref ref-type="corresp" rid="cor1"/></contrib></contrib-group><aff id="aff1">Ashworth Hospital, <institution>Mersey Care NHS Foundation Trust</institution>, <city>Liverpool</city>, <country>UK</country></aff><author-notes><fn id="fns1" fn-type="COI-statement"><p><bold>Declaration of interest:</bold> E.S. is involved in the use of SPJ tools as part of the routine clinical care of detained patients.</p></fn><corresp id="cor1">Correspondence to Edward Silva (<email>ed.silva@merseycare.nhs.uk</email>)</corresp></author-notes><pub-date publication-format="print" date-type="pub" iso-8601-date="2020-12"><month>12</month><year>2020</year></pub-date><volume>44</volume><issue>6</issue><fpage>269</fpage><lpage>271</lpage><history><date date-type="received"><day>25</day><month>10</month><year>2019</year></date><date date-type="rev-recd"><day>17</day><month>1</month><year>2020</year></date><date date-type="accepted"><day>28</day><month>1</month><year>2020</year></date></history><permissions><copyright-statement>&#x000a9; The Author 2020</copyright-statement><copyright-year>2020</copyright-year><copyright-holder>The Author</copyright-holder><license license-type="open-access" xlink:href="http://creativecommons.org/licenses/by/4.0/"><ali:license_ref xmlns:ali="http://www.niso.org/schemas/ali/1.0/">http://creativecommons.org/licenses/by/4.0/</ali:license_ref><license-p>This is an Open Access article, distributed under the terms of the Creative Commons Attribution licence (<uri xlink:href="http://creativecommons.org/licenses/by/4.0/">http://creativecommons.org/licenses/by/4.0/</uri>), which permits unrestricted re-use, distribution, and reproduction in any medium, provided the original work is properly cited.</license-p></license></permissions><self-uri xlink:title="pdf" xlink:href="S2056469420000145a.pdf"/><abstract abstract-type="normal"><title>Summary</title><p>The HCR-20 has taken on a life of its own. In forensic services it has been elevated from helpful aide-m&#x000e9;moire into a prophetic tool worthy of Nostradamus himself. Almost every outcome is interpreted through it. Despite the evidence of its limited utility, the difficulties of predicting rare events, the narrative fallacies and other heuristic biases it creates, and the massive opportunity costs it entails, commissioners and services alike mandate its use. Yet in routine practice the problems are not acknowledged, multiple conflicts of interest lie unobserved and other opportunities are neglected.</p></abstract><kwd-group><title>Keywords</title><kwd>Risk assessment</kwd><kwd>violence</kwd><kwd>forensic</kwd><kwd>HCR-20</kwd><kwd>SPJ</kwd></kwd-group><counts><ref-count count="32"/><page-count count="3"/></counts></article-meta></front><body><p>Violence risk assessment is a core part of forensic psychiatry. It has evolved from an unstructured clinical and anecdotal exercise, through the use of actuarial tools and is now dominated by a variety of structured professional judgement (SPJ) instruments. Of these the Historical Clinical Risk Management-20 (HCR-20) is pre-eminent. It has itself evolved: first published in 1995, it is now in its third iteration. Initially it was used as an aide-m&#x000e9;moire to assist clinicians and others to systematically assess what were believed to be risk factors for violence across time: historical (ten items), clinical and risk management (five each). In 2001 further materials were added, including scenario planning.</p><p>The HCR-20 is the most widely used violence risk assessment tool in the world,<sup><xref rid="ref1" ref-type="bibr">1</xref></sup> and in the UK it has become the ubiquitous gold standard for the risk assessment of violence in forensic services. NHS England commissioners of secure services for forensic patients mandate an HCR-20 assessment, updated every 6 months, even when there is no history of violence. As can be the case with many expert judgements,<sup><xref rid="ref2" ref-type="bibr">2</xref></sup> any outcome can be seen through its lens. In cases of disaster, &#x02018;the HCR-20 was completed incorrectly&#x02019;, &#x02018;the recommendations were not followed&#x02019;, &#x02018;it was not updated on time&#x02019; and, most seriously, &#x02018;there was no HCR-20&#x02019;. When there is success then the merits of the risk assessment and assessor are praised. Fearing blame in the event of failure, my psychologist colleagues spend dozens of hours reading through volumes of notes and the outputs are so long as to be unreadable. Explanations of previous violence are formulated, estimates of risk made and future risk scenarios hypothesised. The tool is over-relied on to guide patient management through complex systems of care, a task it cannot achieve. Curiously, updates are frequently done after clinical decisions about management have been made. But the limitations are not acknowledged and they are legion. Some are relevant to violence risk in general and others specifically to SPJ tools and the HCR-20 in particular.</p><sec sec-type="other" id="sec1"><title>Limitations to SPJ tools</title><p>
<list list-type="simple"><list-item><label>&#x02022;</label><p>There is no grade 1 randomised controlled trial (RCT) evidence for the effectiveness of SPJ tools in reducing violence; the only RCT tested the Short Term Assessment of Risk and Treatability (START) and gave a negative result.<sup><xref rid="ref3" ref-type="bibr">3</xref></sup></p></list-item><list-item><label>&#x02022;</label><p>Most items in structured risk assessment instruments, especially the Psychopathy Checklist &#x02013;Revised (PCL-R), and many in the HCR-20 do not predict violence.<sup><xref rid="ref4" ref-type="bibr">4</xref></sup></p></list-item><list-item><label>&#x02022;</label><p>Random combinations of risk factors are as useful as those assembled in standardised instruments.<sup><xref rid="ref5" ref-type="bibr">5</xref></sup></p></list-item><list-item><label>&#x02022;</label><p>The HCR-20 ignores pertinent facts regarding the importance of adherence to specific drug treatments and risk.<sup><xref rid="ref6" ref-type="bibr">6</xref></sup></p></list-item><list-item><label>&#x02022;</label><p>The area under the curve (AUC) measure of utility bears very little relevance to use in clinical practice and ignores the difficulty of prediction when base rates are low.<sup><xref rid="ref7" ref-type="bibr">7</xref></sup> It is a concept rarely used in other areas of medical practice, where positive predictive value (PPV) is the usual measure.</p></list-item><list-item><label>&#x02022;</label><p>As with any attempt to predict rare events<sup><xref rid="ref8" ref-type="bibr">8</xref></sup> (p. 170) the PPV of the HCR-20, as with other risk tools, is poor and it produces many more false- than true-positive findings.<sup><xref rid="ref9" ref-type="bibr">9</xref></sup></p></list-item><list-item><label>&#x02022;</label><p>High-quality negative evidence regarding the utility of multiple risk tools is not noticed, is refuted and as yet has had no impact on commissioners or services.<sup><xref rid="ref9" ref-type="bibr">9</xref>,<xref rid="ref10" ref-type="bibr">10</xref></sup></p></list-item><list-item><label>&#x02022;</label><p>Intellectual and financial conflicts of interest in the publications on various SPJ tools are not mentioned.<sup><xref rid="ref11" ref-type="bibr">11</xref></sup> Those who submit research papers on the HCR-20 and other risk instruments rarely, if ever, declare an interest in receiving fees from training in its use. Yet it is a &#x02018;product&#x02019;, like a pharmaceutical agent, and one for which they stand to gain financially if it is promoted. Similar conflicts may exist for those who conduct serious adverse incident reviews recommending improved use of risk assessment if this is also a service they provide on a commercial basis.</p></list-item><list-item><label>&#x02022;</label><p>The narrative explanations of risk formulations and future risk scenarios are accepted. They are not seen as rhetorical devices requiring empirical validation, unlikely to be correct in systems too complex for analysis. To make sense of the world humans require stories that examine concrete events, ignoring chance and the things that did not happen. Any recent salient event is a candidate to become the kernel of a narrative explanation.<sup><xref rid="ref12" ref-type="bibr">12</xref></sup></p></list-item><list-item><label>&#x02022;</label><p>Narratives combined with recent or high-profile events feed heuristic biases, including representativeness, availability and, most important, affect.<sup><xref rid="ref13" ref-type="bibr">13</xref>,<xref rid="ref14" ref-type="bibr">14</xref></sup> In forensic services our patients have often violated basic human norms: rape, incest, murder, mutilation and losses of control.<sup><xref rid="ref15" ref-type="bibr">15</xref></sup> At times we will be disgusted. This is rarely acknowledged and instead there is a serious risk that an emotionally driven sense of disgust<sup><xref rid="ref14" ref-type="bibr">14</xref></sup> will result in the immediate generation of opinions for which the supporting evidence is subsequently found, with risk assessment becoming confused with the assessment of outrage<sup><xref rid="ref16" ref-type="bibr">16</xref></sup> and becoming a moral exercise.<sup><xref rid="ref17" ref-type="bibr">17</xref></sup></p></list-item><list-item><label>&#x02022;</label><p>Whatever our organisations may tell us, it feels as if there is only punishment for failure and so an increasing tendency to risk aversion is inevitable.<sup><xref rid="ref18" ref-type="bibr">18</xref></sup></p></list-item><list-item><label>&#x02022;</label><p>The definition of violence used in the HCR-20 is so broad (including verbal threats) as to be meaningless in the services we work in.</p></list-item></list></p></sec><sec sec-type="other" id="sec2"><title>The consequences of ignoring these limitations</title><p>Ignoring these difficulties is not just a failure of a tool. It has enormous consequences for patients, professionals, the public and those who pay for our services. The patients we care for face prolonged detention and the opportunity cost of professional time that could be spent delivering interventions. The patients we do not care for face delays in accessing care, often untreated and in inadequate facilities in prison. As professionals we become preoccupied with avoiding failure instead of achieving improvement and it often feels like the risk that is being managed is the risk to ourselves and to, or even from, our organisations. An explicit analysis of risk will be an important part of a patient's treatment, but in the context of deficiencies in treatment and access to care, an HCR-20 will not protect us, or our organisations, from litigation or public criticism. Instead of trying to determine what the prospective risk is given the facts and the base rates, we anticipate how failure will be perceived in hindsight. Those that fund our services complain that too many are detained,<sup><xref rid="ref19" ref-type="bibr">19</xref></sup> while removing funding from objective research.<sup><xref rid="ref20" ref-type="bibr">20</xref></sup> Inquires<sup><xref rid="ref21" ref-type="bibr">21</xref></sup> continue to recommend interventions that do not work &#x02013; case management,<sup><xref rid="ref22" ref-type="bibr">22</xref></sup> risk assessment and community treatment orders<sup><xref rid="ref23" ref-type="bibr">23</xref></sup> &#x02013; and themselves can fuel narrative fallacies.<sup><xref rid="ref24" ref-type="bibr">24</xref></sup> Through our overvalued ideas regarding risk assessment, forensic services are left caring for a tiny percentage of mentally disordered offenders, who we dare not part company with, and at vast expense.<sup><xref rid="ref25" ref-type="bibr">25</xref></sup></p></sec><sec sec-type="other" id="sec3"><title>What can we do?</title><p>The argument is not that risk assessments should be abandoned, only that we should be much more circumspect about their power, utility and explanatory value, and recognise how narratives may mislead as well as explain. This is now the position in the related field of suicide risk assessment. In stark contrast to the requirements for secure services and the use of the HCR-20, the National Institute for Health and Care Excellence (NICE) advice is: &#x02018;Do not use risk assessment tools and scales to predict future suicide or repetition of self-harm&#x02019;<sup><xref rid="ref26" ref-type="bibr">26</xref></sup> (p. 8), for the simple reason that we cannot stratify risk using the tools available. The information they provide regarding the likelihood of the outcomes we are really concerned about is of no practical use.<sup><xref rid="ref27" ref-type="bibr">27</xref></sup> But it is very hard for systems to change and for professionals to give up their sincerely held beliefs. This is the case throughout medicine. It takes an average of 17 years to translate research findings into practice.<sup><xref rid="ref28" ref-type="bibr">28</xref></sup> Although short structured assessments would be helpful, our attempts to stratify risk of violence are not useful and should be abandoned, as should narrative explanations of the past and hypothesising future scenarios. It is not particularly useful to say that a man who has been violent in the past might be violent in future if intoxicated, threatened, feeling disrespected or aggrieved, lost to follow-up, non-adherent to antipsychotic or mood stabilising medication and in contact with a vulnerable potential victim.</p><p>Some hope that technology will provide a solution. But it took the resources of Deep Mind's artificial intelligence (AI) capabilities, combined with a vast sample of over 700&#x000a0;000 patients, to develop a system to predict the highly specific outcome of acute kidney injury within the tight window of 48&#x000a0;h in highly monitored in-patient environments.<sup><xref rid="ref29" ref-type="bibr">29</xref></sup> So why do we think that we can predict violent behaviour over timescales of weeks, let alone months or years, on the basis of human analysis, or that in future AI will be able to make longer-term predictions about far more complex human behaviours? Even if such analytic systems are developed, it is questionable whether clinicians, patients or the legal system would accept them. It is likely that highly discriminatory variables would be key factors in AI algorithms &#x02013; gender, age, ethnicity, residence in a high crime area, peer group criminality &#x02013; and there would be fears that the scenarios of <italic>The Minority Report</italic> would emerge.<sup><xref rid="ref30" ref-type="bibr">30</xref></sup> Instead the approach adopted by NICE regarding suicide and self-harm should be taken, with the emphasis on the delivery of effective treatments, ensuring services are adequately resourced and developing better habits regarding quality.<sup><xref rid="ref31" ref-type="bibr">31</xref></sup></p></sec><sec sec-type="other" id="sec4"><title>A hint of change?</title><p>A quick search using Google Trends shows that online interest in the HCR-20 has fallen dramatically, from a peak in September 2007 to date. The Gartner Hype Cycle,<sup><xref rid="ref32" ref-type="bibr">32</xref></sup> with its phases of a technology trigger, a peak of inflated expectations, a trough of disillusionment, a slope of enlightenment and then a final plateau of productivity, is held as an example of the boom, bust and then stabilisation of new technologies. But perhaps this is what is happening already?</p></sec></body><back><notes id="nts1" notes-type="other"><title>About the author</title><p><bold>Edward Silva</bold> is a consultant forensic psychiatrist at Ashworth Hospital, Mersey Care NHS Foundation Trust, Liverpool, UK. He has worked in secure services since 1998 and has been involved in the use of SPJ tools throughout as part of the routine clinical care of many detained patients.</p></notes><ref-list id="reflist1"><title>References</title><ref id="ref1"><label>1</label><mixed-citation publication-type="book" id="cite1"><string-name><surname>Douglas</surname>
<given-names>KS</given-names></string-name>, <string-name><surname>Hart</surname>
<given-names>SD</given-names></string-name>, <string-name><surname>Webster</surname>
<given-names>CD</given-names></string-name>, <string-name><surname>Belfrage</surname>
<given-names>H</given-names></string-name>. <source>HCR-20V3: Assessing Risk of Violence &#x02013; User Guide</source>. <publisher-name>Mental Health, Law, and Policy Institute, Simon Fraser University</publisher-name>, <year>2013</year>.</mixed-citation></ref><ref id="ref2"><label>2</label><mixed-citation publication-type="book" id="cite2"><string-name><surname>Tetlock</surname>
<given-names>PE</given-names></string-name>. <source>Expert Political Judgment: How Good Is It? How Can We Know?</source>
<publisher-name>Princeton University Press</publisher-name>, <year>2005</year>.</mixed-citation></ref><ref id="ref3"><label>3</label><mixed-citation publication-type="journal" id="cite3"><string-name><surname>Troquete</surname>
<given-names>NAC</given-names></string-name>, <string-name><surname>van den Brink</surname>
<given-names>RHS</given-names></string-name>, <string-name><surname>Beintema</surname>
<given-names>H</given-names></string-name>, <string-name><surname>Mulder</surname>
<given-names>T</given-names></string-name>, <string-name><surname>van Os</surname>
<given-names>TWDP</given-names></string-name>, <string-name><surname>Schoevers</surname>
<given-names>RA</given-names></string-name>, <etal/>
<article-title>Risk assessment and shared care planning in out-patient forensic psychiatry: cluster randomised controlled trial</article-title>. <source>Br J Psychiatry</source>
<year>2013</year>; <volume>202</volume>: <fpage>365</fpage>&#x02013;71.<pub-id pub-id-type="pmid">23520222</pub-id></mixed-citation></ref><ref id="ref4"><label>4</label><mixed-citation publication-type="journal" id="cite4"><string-name><surname>Coid</surname>
<given-names>JW</given-names></string-name>, <string-name><surname>Yang</surname>
<given-names>M</given-names></string-name>, <string-name><surname>Ullrich</surname>
<given-names>S</given-names></string-name>, <string-name><surname>Zhang</surname>
<given-names>T</given-names></string-name>, <string-name><surname>Sizmur</surname>
<given-names>S</given-names></string-name>, <string-name><surname>Farrington</surname>
<given-names>D</given-names></string-name>, <etal/>
<article-title>Most items in structured risk assessment instruments do not predict violence</article-title>. <source>J Forensic Psychiatry Psychol</source>
<year>2011</year>; <volume>22</volume>: <fpage>3</fpage>&#x02013;<lpage>21</lpage>.</mixed-citation></ref><ref id="ref5"><label>5</label><mixed-citation publication-type="journal" id="cite5"><string-name><surname>Kroner</surname>
<given-names>DG</given-names></string-name>, <string-name><surname>Mills</surname>
<given-names>JF</given-names></string-name>, <string-name><surname>Reddon</surname>
<given-names>JR</given-names></string-name>. <article-title>A coffee can, factor analysis, and prediction of antisocial behavior: the structure of criminal risk</article-title>. <source>Int J Law Psychiatry</source>
<year>2005</year>; <volume>28</volume>: <fpage>360</fpage>&#x02013;74.<pub-id pub-id-type="pmid">15936077</pub-id></mixed-citation></ref><ref id="ref6"><label>6</label><mixed-citation publication-type="journal" id="cite6"><string-name><surname>Fazel</surname>
<given-names>S</given-names></string-name>, <string-name><surname>Zetterqvist</surname>
<given-names>J</given-names></string-name>, <string-name><surname>Larsson</surname>
<given-names>H</given-names></string-name>, <string-name><surname>L&#x000e5;ngstr&#x000f6;m</surname>
<given-names>N</given-names></string-name>, <string-name><surname>Lichtenstein</surname>
<given-names>P</given-names></string-name>. <article-title>Antipsychotics, mood stabilisers, and risk of violent crime</article-title>. <source>Lancet</source>
<year>2014</year>; <volume>384</volume>: <fpage>1206</fpage>&#x02013;14.<pub-id pub-id-type="pmid">24816046</pub-id></mixed-citation></ref><ref id="ref7"><label>7</label><mixed-citation publication-type="journal" id="cite7"><string-name><surname>Nielssen</surname>
<given-names>O</given-names></string-name>, <string-name><surname>Large</surname>
<given-names>M</given-names></string-name>. <article-title>Rates of homicide during the first episode of psychosis and after treatment: a systematic review and meta-analysis</article-title>. <source>Schizophr Bull</source>
<year>2010</year>; <volume>36</volume>: <fpage>702</fpage>&#x02013;12.<pub-id pub-id-type="pmid">18990713</pub-id></mixed-citation></ref><ref id="ref8"><label>8</label><mixed-citation publication-type="book" id="cite8"><string-name><surname>Stone</surname>
<given-names>JV</given-names></string-name>. <source>Bayes&#x02019; Rule: A Tutorial Introduction to Bayesian Analysis</source>. <publisher-name>Sebtel Press</publisher-name>, <year>2013</year>.</mixed-citation></ref><ref id="ref9"><label>9</label><mixed-citation publication-type="journal" id="cite9"><string-name><surname>Fazel</surname>
<given-names>S</given-names></string-name>, <string-name><surname>Singh</surname>
<given-names>JP</given-names></string-name>, <string-name><surname>Doll</surname>
<given-names>H</given-names></string-name>, <string-name><surname>Grann</surname>
<given-names>M</given-names></string-name>. <article-title>Use of risk assessment instruments to predict violence and antisocial behaviour in 73 samples involving 24 827 people: systematic review and meta-analysis</article-title>. <source>BMJ</source>
<year>2012</year>; <volume>345</volume>: <fpage>e4692</fpage>.<pub-id pub-id-type="pmid">22833604</pub-id></mixed-citation></ref><ref id="ref10"><label>10</label><mixed-citation publication-type="journal" id="cite10"><string-name><surname>Tully</surname>
<given-names>J</given-names></string-name>. <article-title>HCR-20 shows poor field validity in clinical forensic psychiatry settings</article-title>. <source>Evid Based Ment Health</source>
<year>2017</year>; <volume>20</volume>: <fpage>95</fpage>&#x02013;6.<pub-id pub-id-type="pmid">28710066</pub-id></mixed-citation></ref><ref id="ref11"><label>11</label><mixed-citation publication-type="journal" id="cite11"><string-name><surname>Singh</surname>
<given-names>JP</given-names></string-name>, <string-name><surname>Grann</surname>
<given-names>M</given-names></string-name>, <string-name><surname>Fazel</surname>
<given-names>S</given-names></string-name>. <article-title>Authorship bias in violence risk assessment?</article-title> A systematic review and meta-analysis. <source>PLoS One</source>
<year>2013</year>; <volume>8</volume>(<issue>9</issue>): <fpage>e72484</fpage>.<pub-id pub-id-type="pmid">24023744</pub-id></mixed-citation></ref><ref id="ref12"><label>12</label><mixed-citation publication-type="book" id="cite12"><string-name><surname>Kahneman</surname>
<given-names>D</given-names></string-name>. <source>Thinking, Fast and Slow</source>. <publisher-name>Penguin</publisher-name>, <year>2011</year>.</mixed-citation></ref><ref id="ref13"><label>13</label><mixed-citation publication-type="journal" id="cite13"><string-name><surname>Tversky</surname>
<given-names>A</given-names></string-name>, <string-name><surname>Kahneman</surname>
<given-names>D</given-names></string-name>. <article-title>Judgment under uncertainty: heuristics and biases</article-title>. <source>Science</source>
<year>1974</year>; <volume>185</volume>: <fpage>1124</fpage>.<pub-id pub-id-type="pmid">17835457</pub-id></mixed-citation></ref><ref id="ref14"><label>14</label><mixed-citation publication-type="journal" id="cite14"><string-name><surname>Slovic</surname>
<given-names>P</given-names></string-name>, <string-name><surname>Peters</surname>
<given-names>E</given-names></string-name>. <article-title>Risk perception and affect</article-title>. <source>Curr Dir Psychol Sci</source>
<year>2006</year>; <volume>15</volume>: <fpage>322</fpage>&#x02013;5.</mixed-citation></ref><ref id="ref15"><label>15</label><mixed-citation publication-type="book" id="cite15"><string-name><surname>Brown</surname>
<given-names>DE</given-names></string-name>. <chapter-title>Human universals and their implications</chapter-title> In <source>Being Humans: Anthropological Universality and Particularity in Transdisciplinary Perspectives</source> (ed <string-name><given-names>N</given-names>
<surname>Roughley</surname></string-name>): 156&#x02013;74. <publisher-name>De Gruyter</publisher-name>, <year>2013</year>.</mixed-citation></ref><ref id="ref16"><label>16</label><mixed-citation publication-type="book" id="cite16"><string-name><surname>Sandman</surname>
<given-names>PM</given-names></string-name>. <chapter-title>Hazard versus outrage in the public perception of risk</chapter-title> In <source>Effective Risk Communication: The Role and Responsibility of Government and Nongovernment Organizations</source> (eds <string-name><given-names>VT</given-names>
<surname>Covello</surname></string-name>, <string-name><given-names>DB</given-names>
<surname>McCallum</surname></string-name>, <string-name><given-names>MT</given-names>
<surname>Pavlova</surname></string-name>): <fpage>45</fpage>&#x02013;9. <publisher-name>Springer</publisher-name>, <year>1989</year>.</mixed-citation></ref><ref id="ref17"><label>17</label><mixed-citation publication-type="journal" id="cite17"><string-name><surname>Haidt</surname>
<given-names>J</given-names></string-name>. <article-title>The emotional dog and its rational tail: a social intuitionist approach to moral judgment</article-title>. <source>Psychol Rev</source>
<year>2001</year>; <volume>108</volume>: <fpage>814</fpage>&#x02013;34.<pub-id pub-id-type="pmid">11699120</pub-id></mixed-citation></ref><ref id="ref18"><label>18</label><mixed-citation publication-type="journal" id="cite18"><string-name><surname>Kahneman</surname>
<given-names>D</given-names></string-name>, <string-name><surname>Tversky</surname>
<given-names>A</given-names></string-name>. <article-title>Prospect theory: an analysis of decision under risk</article-title>. <source>Econometrica</source>
<year>1979</year>; <volume>47</volume>: <fpage>263</fpage>&#x02013;91.</mixed-citation></ref><ref id="ref19"><label>19</label><mixed-citation publication-type="journal" id="cite19"><string-name><surname>Keown</surname>
<given-names>P</given-names></string-name>, <string-name><surname>Murphy</surname>
<given-names>H</given-names></string-name>, <string-name><surname>McKenna</surname>
<given-names>D</given-names></string-name>, <string-name><surname>McKinnon</surname>
<given-names>I</given-names></string-name>. <article-title>Changes in the use of the Mental Health Act 1983 in England 1984/85 to 2015/16</article-title>. <source>Br J Psychiatry</source>
<year>2018</year>; <volume>213</volume>: <fpage>595</fpage>&#x02013;9.<pub-id pub-id-type="pmid">30070183</pub-id></mixed-citation></ref><ref id="ref20"><label>20</label><mixed-citation publication-type="other" id="cite20"><collab>Healthcare Quality Improvement Partnership</collab>. <italic>The National Confidential Inquiry into Suicide and Safety in Mental Health. Annual Report: England, Northern Ireland, Scotland, Wales. October 2018</italic> University of Manchester, <year>2018</year>.</mixed-citation></ref><ref id="ref21"><label>21</label><mixed-citation publication-type="journal" id="cite21"><string-name><surname>Crichton</surname>
<given-names>JHM</given-names></string-name>. <article-title>A review of published independent inquiries in England into psychiatric patient homicide, 1995&#x02013;2010</article-title>. <source>J Forensic Psychiatry Psychol</source>
<year>2011</year>; <volume>22</volume>: <fpage>761</fpage>&#x02013;89.</mixed-citation></ref><ref id="ref22"><label>22</label><mixed-citation publication-type="journal" id="cite22"><string-name><surname>Burns</surname>
<given-names>T</given-names></string-name>, <string-name><surname>Creed</surname>
<given-names>F</given-names></string-name>, <string-name><surname>Fahy</surname>
<given-names>T</given-names></string-name>, <string-name><surname>Thompson</surname>
<given-names>S</given-names></string-name>, <string-name><surname>Tyrer</surname>
<given-names>P</given-names></string-name>. <article-title>Intensive versus standard case management for severe psychotic illness: a randomised trial</article-title>. <source>Lancet</source>
<year>1999</year>; <volume>353</volume>: <fpage>2185</fpage>&#x02013;9.<pub-id pub-id-type="pmid">10392982</pub-id></mixed-citation></ref><ref id="ref23"><label>23</label><mixed-citation publication-type="journal" id="cite23"><string-name><surname>Burns</surname>
<given-names>T</given-names></string-name>, <string-name><surname>Rugk&#x000e5;sa</surname>
<given-names>J</given-names></string-name>, <string-name><surname>Molodynski</surname>
<given-names>A</given-names></string-name>, <string-name><surname>Dawson</surname>
<given-names>J</given-names></string-name>, <string-name><surname>Yeeles</surname>
<given-names>K</given-names></string-name>, <string-name><surname>Vazquez-Montes</surname>
<given-names>M</given-names></string-name>, <etal/>
<article-title>Community treatment orders for patients with psychosis (OCTET): a randomised controlled trial</article-title>. <source>Lancet</source>
<year>2013</year>; <volume>381</volume>: <fpage>1627</fpage>&#x02013;33.<pub-id pub-id-type="pmid">23537605</pub-id></mixed-citation></ref><ref id="ref24"><label>24</label><mixed-citation publication-type="journal" id="cite24"><string-name><surname>Chiswick</surname>
<given-names>D</given-names></string-name>. <article-title>The falling shadow: a psychiatrist's view</article-title>. <source>J Forensic Psychiatry</source>
<year>1995</year>; <volume>6</volume>: <fpage>594</fpage>&#x02013;<lpage>600</lpage>.</mixed-citation></ref><ref id="ref25"><label>25</label><mixed-citation publication-type="journal" id="cite25"><string-name><surname>Wilson</surname>
<given-names>S</given-names></string-name>, <string-name><surname>James</surname>
<given-names>D</given-names></string-name>, <string-name><surname>Forrester</surname>
<given-names>A</given-names></string-name>. <article-title>The medium-secure project and criminal justice mental health</article-title>. <source>Lancet</source>
<year>2011</year>; <volume>378</volume>: <fpage>110</fpage>&#x02013;1.<pub-id pub-id-type="pmid">21397939</pub-id></mixed-citation></ref><ref id="ref26"><label>26</label><mixed-citation publication-type="other" id="cite26"><collab>National Institute for Health and Care Excellence</collab>. <italic>Self-Harm in over 8s: Longer-Term Management</italic> [Clinical Guideline CG 133]. <year>2011</year>.</mixed-citation></ref><ref id="ref27"><label>27</label><mixed-citation publication-type="journal" id="cite27"><string-name><surname>Large</surname>
<given-names>MM</given-names></string-name>, <string-name><surname>Ryan</surname>
<given-names>CJ</given-names></string-name>, <string-name><surname>Carter</surname>
<given-names>G</given-names></string-name>, <string-name><surname>Kapur</surname>
<given-names>N</given-names></string-name>. <article-title>Can we usefully stratify patients according to suicide risk?</article-title>
<source>BMJ</source>
<year>2017</year>; <volume>359</volume>: j4627.</mixed-citation></ref><ref id="ref28"><label>28</label><mixed-citation publication-type="journal" id="cite28"><string-name><surname>Morris</surname>
<given-names>ZS</given-names></string-name>, <string-name><surname>Wooding</surname>
<given-names>S</given-names></string-name>, <string-name><surname>Grant</surname>
<given-names>J</given-names></string-name>. <article-title>The answer is 17 years, what is the question: understanding time lags in translational research</article-title>. <source>J R Soc Med</source>
<year>2011</year>; <volume>104</volume>: <fpage>510</fpage>&#x02013;20.<pub-id pub-id-type="pmid">22179294</pub-id></mixed-citation></ref><ref id="ref29"><label>29</label><mixed-citation publication-type="journal" id="cite29"><string-name><surname>Toma&#x00161;ev</surname>
<given-names>N</given-names></string-name>, <string-name><surname>Glorot</surname>
<given-names>X</given-names></string-name>, <string-name><surname>Rae</surname>
<given-names>JW</given-names></string-name>, <string-name><surname>Zielinski</surname>
<given-names>M</given-names></string-name>, <string-name><surname>Askham</surname>
<given-names>H</given-names></string-name>, <string-name><surname>Saraiva</surname>
<given-names>A</given-names></string-name>, <etal/>
<article-title>A clinically applicable approach to continuous prediction of future acute kidney injury</article-title>. <source>Nature</source>
<year>2019</year>; <volume>572</volume>: <fpage>116</fpage>&#x02013;9.<pub-id pub-id-type="pmid">31367026</pub-id></mixed-citation></ref><ref id="ref30"><label>30</label><mixed-citation publication-type="book" id="cite30"><string-name><surname>Jochelson</surname>
<given-names>R</given-names></string-name>, <string-name><surname>Gacek</surname>
<given-names>J</given-names></string-name>, <string-name><surname>Menzie</surname>
<given-names>L</given-names></string-name>, <string-name><surname>Kramar</surname>
<given-names>K</given-names></string-name>, <string-name><surname>Doerksen</surname>
<given-names>M</given-names></string-name>. <source>Criminal Law and Precrime: Legal Studies in Canadian Punishment and Surveillance in Anticipation of Criminal Guilt</source>. <publisher-name>Taylor &#x00026; Francis</publisher-name>, <year>2017</year>.</mixed-citation></ref><ref id="ref31"><label>31</label><mixed-citation publication-type="journal" id="cite31"><string-name><surname>Haynes</surname>
<given-names>AB</given-names></string-name>, <string-name><surname>Weiser</surname>
<given-names>TG</given-names></string-name>, <string-name><surname>Berry</surname>
<given-names>WR</given-names></string-name>, <string-name><surname>Lipsitz</surname>
<given-names>SR</given-names></string-name>, <string-name><surname>Breizat</surname>
<given-names>A-HS</given-names></string-name>, <string-name><surname>Dellinger</surname>
<given-names>EP</given-names></string-name>, <etal/>
<article-title>A surgical safety checklist to reduce morbidity and mortality in a global population</article-title>. <source>N Engl J Med</source>
<year>2009</year>; <volume>360</volume>: <fpage>491</fpage>&#x02013;9.<pub-id pub-id-type="pmid">19144931</pub-id></mixed-citation></ref><ref id="ref32"><label>32</label><mixed-citation publication-type="other" id="cite32"><collab>Gartner</collab>. <italic>Gartner Hype Cycle: interpreting technology hype</italic> Gartner Inc, 2016 (<uri xlink:href="https://www.gartner.com/en/research/methodologies/gartner-hype-cycle">https://www.gartner.com/en/research/methodologies/gartner-hype-cycle</uri>).</mixed-citation></ref></ref-list></back></article>