<!DOCTYPE article PUBLIC "-//NLM//DTD JATS (Z39.96) Journal Archiving and Interchange DTD with MathML3 v1.2 20190208//EN" "JATS-archivearticle1-mathml3.dtd"> 
<article xmlns:xlink="http://www.w3.org/1999/xlink" xmlns:mml="http://www.w3.org/1998/Math/MathML" article-type="other"><?properties open_access?><?DTDIdentifier.IdentifierValue -//NLM//DTD JATS (Z39.96) Journal Publishing DTD v1.1 20151215//EN?><?DTDIdentifier.IdentifierType public?><?SourceDTD.DTDName JATS-journalpublishing1.dtd?><?SourceDTD.Version 1.1?><?ConverterInfo.XSLTName jp2nlmx2.xsl?><?ConverterInfo.Version 1?><front><journal-meta><journal-id journal-id-type="nlm-ta">BJPsych Bull</journal-id><journal-id journal-id-type="iso-abbrev">BJPsych Bull</journal-id><journal-id journal-id-type="publisher-id">BJB</journal-id><journal-title-group><journal-title>BJPsych Bulletin</journal-title></journal-title-group><issn pub-type="ppub">2056-4694</issn><issn pub-type="epub">2056-4708</issn><publisher><publisher-name>Cambridge University Press</publisher-name><publisher-loc>Cambridge, UK</publisher-loc></publisher></journal-meta><article-meta><article-id pub-id-type="pmcid">7283122</article-id><article-id pub-id-type="doi">10.1192/bjb.2020.18</article-id><article-id pub-id-type="pii">S2056469420000182</article-id><article-categories><subj-group subj-group-type="heading"><subject>Interview</subject></subj-group></article-categories><title-group><article-title>Kevin Mitchell</article-title></title-group><contrib-group><contrib contrib-type="author"><contrib-id contrib-id-type="orcid" authenticated="false">https://orcid.org/0000-0003-0298-4413</contrib-id><name><surname>McKenna</surname><given-names>Claire</given-names></name></contrib></contrib-group><author-notes><fn id="fns1" fn-type="other"><p><bold>Claire McKenna talks to neurogeneticist Kevin Mitchell</bold> about &#x02018;neuro-hype&#x02019;, psychiatric genomics and a unifying theory for neuroscience.</p></fn></author-notes><pub-date publication-format="print" date-type="pub" iso-8601-date="2020-04"><month>4</month><year>2020</year></pub-date><pub-date publication-format="electronic" date-type="pub"><day>30</day><month>3</month><year>2020</year></pub-date><volume>44</volume><issue>2</issue><fpage>81</fpage><lpage>83</lpage><permissions><copyright-statement>&#x000a9; The Author 2020</copyright-statement><copyright-year>2020</copyright-year><copyright-holder>The Author</copyright-holder><license license-type="open-access" xlink:href="http://creativecommons.org/licenses/by/4.0/"><ali:license_ref xmlns:ali="http://www.niso.org/schemas/ali/1.0/">http://creativecommons.org/licenses/by/4.0/</ali:license_ref><license-p>This is an Open Access article, distributed under the terms of the Creative Commons Attribution licence (<uri xlink:href="http://creativecommons.org/licenses/by/4.0/">http://creativecommons.org/licenses/by/4.0/</uri>), which permits unrestricted re-use, distribution, and reproduction in any medium, provided the original work is properly cited.</license-p></license></permissions><self-uri xlink:title="pdf" xlink:href="S2056469420000182a.pdf"/><counts><page-count count="3"/></counts></article-meta></front><body><p><fig orientation="portrait" id="d36e88" position="anchor"><graphic xlink:href="S2056469420000182_figU1"/></fig>
Professor Kevin Mitchell has a few pet peeves with the way neuroscience is represented in the media. To start, he highlights the siren call of fMRI scans that often adorn any remotely psychological article: &#x02018;People demonstrably find that same article more convincing if it has a glowing brain in one corner of it than if it doesn't. So people are a bit susceptible, I think, to what we affectionately term &#x0201c;neuro-bollocks&#x0201d;&#x02019;.</p><p>Mitchell is Associate Professor in Developmental Neurobiology and Genetics at Trinity College Dublin, where he is also Dean of Undergraduate Studies. His mission is to make complex neuroscience more accessible while resisting the temptations of neuro-reductionism. In his blog &#x02018;Wiring the Brain&#x02019; (<uri xlink:href="https://www.wiringthebrain.com">www.wiringthebrain.com</uri>), he writes spirited and forensic take-downs of overly hyped neuroscience research, as well as thoughtful philosophical explorations of the nature of the brain and mind. Blog titles include: &#x02018;Is your future income written in your DNA?&#x02019; and &#x02018;The murderous brain &#x02013; can neuroimaging really distinguish murderers?&#x02019;.</p><p>In 2018 he published <italic>Innate</italic>, an engaging popular science book exploring &#x02018;how the wiring of our brains shapes who we are&#x02019;, which has been praised by Stephen Pinker as a &#x02018;new landmark&#x02019; in the old nature versus nurture debate.</p><p>Any other neuromyths he'd like to bust? He laughs, &#x02018;There are so many!&#x02019;. He is a critic of &#x02018;blobology&#x02019; generally (the tendency to use blurry pictures of the brain to illustrate articles of little scientific value, such as &#x02018;Your brain reacts to love like cocaine&#x02019;), in part because it reflects a modular understanding of the way the brain works that bears no resemblance to reality.</p><p>One of his key messages is that nature is not obliged to make biology simple enough for us to understand. He does, though, think that public engagement by neuroscientists is vital, as &#x02018;we see the effects of scientific illiteracy in lots of public policy&#x02019;. He has several popular public talks on YouTube (including a TED talk titled &#x02018;Who's in charge? You or your brain?&#x02019;).</p><p>Mitchell fizzes with infectious enthusiasm for his subject. Two and a half hours later we're still talking and I feel I've just skimmed the surface. The themes of outdated traditions in neuroscience that try to localise brain functions (telling us nothing about the connectivity of the brain) and the lack of an underpinning philosophy of neuroscience are ones he continually comes back to. The way that neuroscience is taught explains the appeal of things like the decorative fMRI to professionals and public alike, he thinks. He emphasises that these scans are very indirect measures of neural activity on a background of constant endogenous activity. There is also the intuitive appeal of finding a &#x02018;biomarker&#x02019; for mental illness.</p><sec sec-type="other" id="sec1"><title>Biomarker research</title><p>Mitchell dismisses the idea that we have biomarkers for any neurodevelopmental or psychiatric conditions: &#x02018;All that literature [on biomarkers] is polluted with false positives&#x02019;. Small samples, lack of replication, statistical &#x02018;fishing&#x02019; in an exploratory fashion are all major problems that undermine the validity of biomarker research. And, he says, &#x02018;it gets worse if you add in the dimension of genomics to that, because now you have the enormous genomics space in which to search for covariates of neural activity or structure&#x02019;.</p><p>So, no scans as diagnostic tests for mental illnesses then? He is bracingly sceptical:
<disp-quote><p>&#x02018;There's not going to be a blood test. There's not going to be a brain scan. There's not going to be any other biomarker that captures those things, because they're looking at the wrong level. [Those conditions] are defined at the level of human behaviour [&#x02026;] Even if there's a dynamic neural state that underpins some aspect of psychosis that we both share, the way that that state looks in your brain may be very different from the way it looks in my brain because our brains are not the same. So I don't hold out much hope for, you know, getting to diagnostic biomarkers from that kind of imaging.&#x02019;</p></disp-quote></p></sec><sec sec-type="other" id="sec2"><title>The neuro-hype of epigenetics</title><p>We turn next to epigenetics, a mechanism in molecular biology by which genes are &#x02018;switched&#x02019; on and off and which is at risk of becoming &#x02018;neuro-hype&#x02019;. Epigenetics as a mode of intergenerational trauma transmission is very much a buzzword at present. Mitchell cautions against invoking sciency-sounding mechanisms to lend credibility to &#x02018;nurture&#x02019; as a cause of psychological distress: &#x02018;So people look at two fields &#x02013; neuroplasticity/brain plasticity and now epigenetics &#x02013; as some kind of a &#x0201c;get out of genetics free card&#x0201d;. I think people don't like the idea, some people anyway, that we are born with certain predispositions that are hard to change&#x02019;.</p><p>Mitchell finds the concept of trauma transmission through epigenetic mechanisms implausible primarily because it suggests an overly simplistic relationship between genes and our psychological traits. Our experiences, he says, are expressed through changes in our neuroanatomy, not in our patterns of gene expression.</p><p>He sees in such flimsy claims a cautionary tale about the need for a different approach in science publishing: &#x02018;There is a hype industry around science, which I think is corrosive. And I think scientists are willing participants in it in a way that I find more and more distasteful the older I get, because it does a massive disservice cumulatively to how science is understood by the general public because we have this constant hype&#x02019;. He thinks his cynicism reflects a growing awareness in the research community of the need to focus on replicability and reproducibility and is hopeful things are changing for the better.</p></sec><sec sec-type="other" id="sec3"><title>&#x02018;Biology is not just complicated physics&#x02019;</title><p>Mitchell is most passionate when discussing the need to bring about a sea-change in the way neuroscience is taught and thought about. At this stage in his career he sees this as the biggest contribution he can make to his field.</p><p>By and large, he says, biological research is conducted in a theoretical vacuum, which means that a mechanistic understanding of how brains and minds work has become entrenched. Much neuroscience research is, he feels, linear and reductionist as a result:
<disp-quote><p>&#x02018;We have one theory, which is the theory of evolution, which is great. And it does underpin everything. But it doesn't really explain how biological systems work and what they do [&#x02026;] There are lots of engineering principles and dynamic systems principles that we could be applying from those fields [from engineering and physics] that most biologists don't think about. It's just not the way that we approach things.&#x02019;</p></disp-quote></p><p>He emphasises the need to get away from a modular understanding of how the brain works &#x02013; the old &#x02018;find the lesion&#x02019; trope &#x02013; which works in neurology but not in psychiatry. &#x02018;The connectivity across circuits is what's really important&#x02019;, he says.</p><p>He thinks an understanding of neuroscience <italic>is</italic> important for psychiatrists but needs to be taught alongside complexity theory (understanding the dynamics of change in systems) so that we don't see brains as &#x02018;passive stimulus&#x02013;response machines&#x02019;. He has a gift for the memorable tagline: &#x02018;Biology is not just complicated physics!&#x02019;, he quips.</p></sec><sec sec-type="other" id="sec4"><title>Undergraduates</title><p>Mitchell's genetics background influences his approach to his role as undergraduate dean. He says, &#x02018;IQ scores, for example, are I think a measure not of potential but of achievement&#x02019;. So two people with the same biological potential will perform differently depending on whether their environment allows them to thrive. He talks about the so-called &#x02018;Matthew effect&#x02019; &#x02013; the positive feedback loop between socioeconomic privilege, exam success and later career success that gets amplified across generations. Trinity College Dublin has pioneered novel approaches to making admissions criteria more equitable by accounting for social factors that affect a student's exam grades.</p><p>He is critical of commentators in the British press who use the partial heritability of intelligence to suggest that we live in a meritocracy and even to lend credence to eugenics: &#x02018;It's a very Ayn Randian kind of idea that. Most of the people who've done well may have had some genetic capital in terms of talents and natural abilities but, of course, many of them also had lots of social capital and cultural capital&#x02019;.</p></sec><sec sec-type="other" id="sec5"><title>Innate</title><p>In his book <italic>Innate</italic>, Mitchell argues strongly against the idea of the mind as a <italic>tabula rasa</italic> but he distinguishes his book from the work of people such as Robert Plomin, who also writes about the influence of DNA on our psychological traits. He agrees with Plomin that our traits are partly heritable but differs in how predictive he thinks that is.</p><p>He explains that the precise statistical meaning of &#x02018;heritability&#x02019; is commonly misunderstood. It refers to the variance in a particular trait being due to genetic differences. This variance or &#x02018;heritability&#x02019; is meaningful at a population level, but less useful when it comes to individuals. If, for example, intelligence is 50% heritable, it does not mean that 50% of your intelligence comes from your genes.</p><p>He is sceptical of the idea that genomic analysis or &#x02018;polygenic risk scores&#x02019; in individuals can be used as a prediction of, for example, how intelligent that person will be, because of the massive spread in distribution of a particular trait across people with the same polygenic score.</p><p>Polygenic scores also have poor predictive value because of the nature of genetic variation. They capture a background of common mutations, each with a tiny effect on a trait, which account for about half of genetic effects, but &#x02018;the rest will be from really rare newer mutations that have bigger effects but that kind of wink in and out of existence in a population because they get selected against&#x02019;.</p><p>Another key theme in his work is that our DNA has distal and very indirect effects on the development of our brain. It is the multitudinous &#x02018;noisy&#x02019; developmental processes between the transcription of the program encoded in our genome and the &#x02018;wiring&#x02019; of our brain that are responsible for much of the variation in our traits. He says:
<disp-quote><p>&#x02018;So one of the main points, I guess, of <italic>Innate</italic> that I was trying to make was that there's this source of variation in our psychological make-up that has gone largely unappreciated. It's not just genes and environment. There's this third source, third component of variation, this developmental variation that isn't due either to genetics or to environment. It's just the way that the development plays out during embryogenesis, during gestation and the way that it continues to play out over life.&#x02019;</p></disp-quote></p></sec><sec sec-type="other" id="sec6"><title>Psychiatric genomics</title><p>All of this &#x02018;noise&#x02019; in developmental variation is one of the reasons that Mitchell is guarded about the potential for genomics research to directly influence psychiatry. He points out that schizophrenia risk is only about 50% heritable but that doesn't necessarily mean that the other 50% of the variation is environmental: &#x02018;A lot of the outcome may just be the random chance actually during development&#x02019;.</p><p>Mitchell mistrusts much of the early work in psychiatric genetics, in particular the candidate gene association studies, in which researchers studied one or two genes at a time. He describes the statistical acrobatics in data analysis and publication bias towards positive results that threw up spurious associations between individual genes and psychological distress. Genome-wide association studies (GWAS) have shown candidate gene studies to be unreliable. The effects of genes implicated in the development of mental illness are mediated by the sum of interactions between probably thousands of different genes with different biochemical pathways.</p><p>So, has genetic research added to our understanding of the causes of mental illness? Mitchell thinks it has, but not in the way we'd hoped for. He cites the example that 80&#x02013;90% of the variance in who develops autism is down to genetics, but most of the contributing variants are not inherited &#x02013; so-called <italic>de novo</italic> variants.</p><p>Another key finding is that genetic risk factors overlap and are shared between multiple psychiatric and neurodevelopmental morbidities: &#x02018;One of the things we've learned is that those sorts of [<italic>de novo</italic>] mutations can give rise in different people to autism or ADHD or epilepsy or intellectual disability or schizophrenia or bipolar disorder, depression or a whole range of things. So, they don't respect the diagnostic boundaries that we have&#x02019;.</p><p>He feels that genetics research adds weight to the need to think about psychiatric disorders in dimensional terms but also in developmental terms: &#x02018;You have two identical twins. As their brain is developing, what is the trajectory that leads one to develop schizophrenia and the other not? We can't just look at the genes and say these are genes for psychosis because that's not what the genes are doing&#x02019;.</p><p>So far, so gloomy for a brave new world of psychiatric genomics leading to personalised medicine and new therapeutic targets. Genetics research will be useful for psychiatry in a probabilistic kind of way but he finds it difficult to see how it could be used to predict outcomes or therapies with certainty in individuals.</p></sec><sec sec-type="other" id="sec7"><title>Towards a unifying theory for neuroscience</title><p>Where then does the future lie for genetics research into psychiatric disorders? Mitchell stresses that genes are algorithms for making proteins. Human behaviour is not directly resultant from the activities of proteins; instead we perceive and think and feel with our neural circuits: &#x02018;So, the way the neural circuits are organised is, for me, the proximal biological underpinning of the conditions. The genetic variations that led to those things being organised in that way are extremely distal causes [&#x02026;] So I think what we need to do is hand off to the neuroscientists&#x02019;. Basically, he sees the biological causes of psychiatric disorders as a neuroscience problem: &#x02018;I'm more optimistic about the idea of using genetic findings as a starting point to get at the neuroscience&#x02019;.</p><p>He is particularly excited by the new field of optogenetics to help us study how discrete neural circuits work to influence animal behaviour in real time. He also hopes that the field of computational psychiatry will develop &#x02018;so that we can develop a kind of a mature theory of what these circuits are doing in a complex dynamical systems kind of framework&#x02019;.</p><p>He seems to bristle slightly at my suggestion that his approach to understanding the mind could be criticised as epiphenomenalism, and the associated problems with rooting thoughts, feelings and behaviours in biology. He appeals to holism: &#x02018;I wouldn't use the word epiphenomena because that sounds a bit dismissive actually, but I would say emergent phenomena&#x02019;. He emphasises that our cognitive and social development are crucial in understanding these phenomena: &#x02018;We shouldn't think of nature and nurture as independent from each other, but highly interactive&#x02019;.</p><p>He thinks neuroscience may be in the midst of a paradigm shift due to new technologies and mathematical tools that let us model the brain in a way that reflects its complexity.</p><p>So, I ask him, how long before the fruits of this new approach to neuroscience will benefit patients in psychiatry clinics? &#x02018;Maybe if you ask me again in 5 years I'd be giving you, I think, a much more positive view of the importance of that. And if you ask me in 10 years, I'd be, I hope, pointing to areas where that understanding has led to some difference in the clinic&#x02019;. He pauses. &#x02018;Maybe 10 years is still too optimistic. Give me 20 years. Give us 20 years&#x02019;. Not quite a headline that plays well to the gallery but a tonic in our era of spin.</p></sec></body></article>