<!DOCTYPE article PUBLIC "-//NLM//DTD JATS (Z39.96) Journal Archiving and Interchange DTD with MathML3 v1.2 20190208//EN" "JATS-archivearticle1-mathml3.dtd"> 
<article xmlns:xlink="http://www.w3.org/1999/xlink" xmlns:mml="http://www.w3.org/1998/Math/MathML" article-type="editorial"><?properties open_access?><?DTDIdentifier.IdentifierValue -//NLM//DTD JATS (Z39.96) Journal Publishing DTD v1.1 20151215//EN?><?DTDIdentifier.IdentifierType public?><?SourceDTD.DTDName JATS-journalpublishing1.dtd?><?SourceDTD.Version 1.1?><?ConverterInfo.XSLTName jp2nlmx2.xsl?><?ConverterInfo.Version 1?><front><journal-meta><journal-id journal-id-type="nlm-ta">BJPsych Bull</journal-id><journal-id journal-id-type="iso-abbrev">BJPsych Bull</journal-id><journal-id journal-id-type="publisher-id">BJB</journal-id><journal-title-group><journal-title>BJPsych Bulletin</journal-title></journal-title-group><issn pub-type="ppub">2056-4694</issn><issn pub-type="epub">2056-4708</issn><publisher><publisher-name>Cambridge University Press</publisher-name><publisher-loc>Cambridge, UK</publisher-loc></publisher></journal-meta><article-meta><article-id pub-id-type="pmcid">7283121</article-id><article-id pub-id-type="pmid">31379314</article-id><article-id pub-id-type="doi">10.1192/bjb.2019.51</article-id><article-id pub-id-type="pii">S2056469419000512</article-id><article-categories><subj-group subj-group-type="heading"><subject>Editorial</subject></subj-group></article-categories><title-group><article-title>Rethinking self-injury recovery: a commentary and conceptual reframing</article-title></title-group><contrib-group><contrib contrib-type="author"><contrib-id contrib-id-type="orcid" authenticated="true">https://orcid.org/0000-0002-4068-5759</contrib-id><name><surname>Lewis</surname><given-names>Stephen P.</given-names></name><xref ref-type="aff" rid="aff1">1</xref><xref ref-type="corresp" rid="cor1"/></contrib><contrib contrib-type="author"><name><surname>Hasking</surname><given-names>Penelope A.</given-names></name><xref ref-type="aff" rid="aff2">2</xref></contrib></contrib-group><aff id="aff1"><label>1</label>Department of Psychology, <institution>University of Guelph</institution>, <country>Canada</country></aff><aff id="aff2"><label>2</label>School of Psychology, <institution>Curtin University</institution>, <country>Australia</country></aff><author-notes><fn id="fns01" fn-type="COI-statement"><p><bold>Declaration of interest:</bold> None.</p></fn><corresp id="cor1">Correspondence to Stephen P. Lewis (<email>stephen.lewis@uoguelph.ca</email>)</corresp></author-notes><pub-date publication-format="print" date-type="pub" iso-8601-date="2020-04"><month>4</month><year>2020</year></pub-date><pub-date publication-format="electronic" date-type="pub"><day>05</day><month>8</month><year>2019</year></pub-date><volume>44</volume><issue>2</issue><fpage>44</fpage><lpage>46</lpage><history><date date-type="received"><day>06</day><month>3</month><year>2019</year></date><date date-type="rev-recd"><day>22</day><month>6</month><year>2019</year></date><date date-type="accepted"><day>05</day><month>7</month><year>2019</year></date></history><permissions><copyright-statement>&#x000a9; The Authors 2019</copyright-statement><copyright-year>2019</copyright-year><copyright-holder>The Authors</copyright-holder><license license-type="open-access" xlink:href="http://creativecommons.org/licenses/by/4.0/"><ali:license_ref xmlns:ali="http://www.niso.org/schemas/ali/1.0/">http://creativecommons.org/licenses/by/4.0/</ali:license_ref><license-p><!--CREATIVE COMMONS-->This is an Open Access article, distributed under the terms of the Creative Commons Attribution licence (<ext-link ext-link-type="uri" xlink:href="http://creativecommons.org/licenses/by/4.0/">http://creativecommons.org/licenses/by/4.0/</ext-link>), which permits unrestricted re-use, distribution, and reproduction in any medium, provided the original work is properly cited.</license-p></license></permissions><self-uri xlink:title="pdf" xlink:href="S2056469419000512a.pdf"/><abstract abstract-type="normal"><title>Summary</title><p>A growing body of research has focused on understanding what may contribute to cessation of self-injury. Although these efforts are of value, cessation represents just one component of self-injury recovery. Exclusive or primary focus on cessation may foster unrealistic expectations for those with lived experience of non-suicidal self-injury (NSSI). Accordingly, this commentary discusses the importance of expanding the concept of NSSI recovery beyond cessation in both research and clinical domains. We conclude by presenting a person-centred and non-stigmatising conceptual reframing of recovery.</p></abstract><kwd-group><title>Keywords</title><kwd>Non-suicidal self-injury</kwd><kwd>self-harm</kwd><kwd>recovery</kwd></kwd-group><counts><ref-count count="27"/><page-count count="3"/></counts></article-meta></front><body><p>Non-suicidal self-injury (NSSI), deliberate damage to one's body tissue in the absence of conscious suicidal intent,<sup><xref rid="ref1" ref-type="bibr">1</xref></sup> is a behaviour that is most often used to regulate intense or unwanted emotions.<sup><xref rid="ref2" ref-type="bibr">2</xref>,<xref rid="ref3" ref-type="bibr">3</xref></sup> In community samples, 18% of adolescents, 13% of young adults and 5% of adults (aged 25+) report a history of NSSI,<sup><xref rid="ref4" ref-type="bibr">4</xref></sup> with approximately one-third persisting with the behaviour for longer than 1 year.<sup><xref rid="ref5" ref-type="bibr">5</xref></sup> Associated with psychological distress, mental health difficulties (e.g. depression, anxiety, eating disorders),<sup><xref rid="ref2" ref-type="bibr">2</xref>,<xref rid="ref3" ref-type="bibr">3</xref></sup> interpersonal difficulties<sup><xref rid="ref2" ref-type="bibr">2</xref>,<xref rid="ref3" ref-type="bibr">3</xref></sup> and subsequent suicide risk,<sup><xref rid="ref6" ref-type="bibr">6</xref></sup> NSSI can also leave physical scars that can represent both resilience and a source of shame for people who have self-injured.<sup><xref rid="ref7" ref-type="bibr">7</xref></sup></p><p>Given its many adverse consequences, researchers have recently focused on identifying factors that facilitate cessation of NSSI. In particular, researchers have sought to delineate individuals who currently engage in NSSI and those who report having stopped, with the aim of identifying targets for intervention.<sup><xref rid="ref5" ref-type="bibr">5</xref>,<xref rid="ref8" ref-type="bibr">8</xref>&#x02013;<xref rid="ref12" ref-type="bibr">12</xref></sup> Clearly, there is merit in these efforts. Yet, this approach may inadvertently emphasise NSSI cessation, without equal attention to the many concerns those with lived NSSI experience report in the broader context of recovery. In keeping with a recent trend in the NSSI literature to offer more person-centred views of NSSI,<sup><xref rid="ref13" ref-type="bibr">13</xref>&#x02013;<xref rid="ref15" ref-type="bibr">15</xref></sup> the present commentary discusses issues inherent in limiting focus to NSSI cessation and offers a person-centred, non-stigmatising framing of recovery.</p><sec sec-type="other" id="sec1"><title>Recent trends in NSSI recovery research</title><p>Notwithstanding the value of examining NSSI recovery, focus is often circumscribed to desistance of the behaviour. Indeed, this is typically the primary outcome measure in research.<sup><xref rid="ref5" ref-type="bibr">5</xref>,<xref rid="ref8" ref-type="bibr">8</xref>&#x02013;<xref rid="ref12" ref-type="bibr">12</xref></sup> From a theoretical standpoint, NSSI has been situated within the context of recovery-based models in which desistance of a behaviour is the primary aim.<sup><xref rid="ref16" ref-type="bibr">16</xref></sup> For example, NSSI has been viewed in the context of the transtheoretical stages of change model, which considers individuals as &#x02018;recovered&#x02019; (from the target behaviour) following a 6-month period of abstinence from that behaviour.<sup><xref rid="ref16" ref-type="bibr">16</xref>&#x02013;<xref rid="ref18" ref-type="bibr">18</xref></sup></p><p>In contrast to these views are those of individuals with lived NSSI experience, who have expressed concern that salient NSSI experiences may be neglected if the primary focus is on the behaviour.<sup><xref rid="ref19" ref-type="bibr">19</xref></sup> Indeed, individuals discuss a range of concerns (e.g. scarring, disclosure, coping) that extend well beyond NSSI disengagement.<sup><xref rid="ref6" ref-type="bibr">6</xref>,<xref rid="ref7" ref-type="bibr">7</xref>,<xref rid="ref20" ref-type="bibr">20</xref>&#x02013;<xref rid="ref23" ref-type="bibr">23</xref></sup> Taken together, the totality of experiences expressed by individuals with lived experience of NSSI may not consistently be represented in the extant literature. Moreover, emphasis on cessation of behaviour may inadvertently place NSSI in disease-based conceptualisations of &#x02018;illness&#x02019;. In particular, there has been a recent and growing movement away from pathologising behaviour, including NSSI.<sup><xref rid="ref24" ref-type="bibr">24</xref></sup> Notwithstanding the psychological and medical consequences of NSSI (e.g. distress, scarring), using disease-based language to describe NSSI can conflate illness with a behaviour, and exacerbate the already strong stigma associated with NSSI.<sup><xref rid="ref14" ref-type="bibr">14</xref></sup> Specifically, the tendency to conceptualise NSSI within models of infectious disease, including borrowing language from this domain (e.g. contagion), can have an &#x02018;othering&#x02019; effect in distancing people who self-injure from those who are not &#x02018;diseased&#x02019;.<sup><xref rid="ref14" ref-type="bibr">14</xref></sup> This is reflected in recent research eliciting views from individuals with lived NSSI experience.<sup><xref rid="ref19" ref-type="bibr">19</xref></sup> Consistent with an emerging trend in the field, researchers and clinicians may find it more helpful to adopt a strengths-based and person-centred (rather than deficit- or disease-based) conceptualisation of NSSI and recovery.</p></sec><sec sec-type="other" id="sec2"><title>Moving beyond cessation</title><p>Cessation of NSSI represents just one element of an ongoing and multifaceted recovery process. Although many would not disagree that recovery is broader in scope, researchers typically focus on cessation of the behaviour,<sup><xref rid="ref5" ref-type="bibr">5</xref>,<xref rid="ref9" ref-type="bibr">9</xref>&#x02013;<xref rid="ref12" ref-type="bibr">12</xref></sup> with the implicit argument that this is the desired outcome of any intervention effort. However, it is not uncommon for people with lived NSSI experience to mention ongoing NSSI thoughts or urges,<sup><xref rid="ref7" ref-type="bibr">7</xref>,<xref rid="ref20" ref-type="bibr">20</xref></sup> learning new ways to cope with difficult emotions,<sup><xref rid="ref8" ref-type="bibr">8</xref>,<xref rid="ref20" ref-type="bibr">20</xref>,<xref rid="ref23" ref-type="bibr">23</xref></sup> disclosure-related concerns<sup><xref rid="ref22" ref-type="bibr">22</xref></sup> and coming to terms with scarring<sup><xref rid="ref7" ref-type="bibr">7</xref>,<xref rid="ref21" ref-type="bibr">21</xref></sup> &#x02013; even long after ceasing to self-injure.</p><p>Attenuated focus on complete NSSI cessation may result in people perceiving their own recovery as all-or-nothing. As ongoing NSSI thoughts and urges are common, beliefs that people can be &#x02018;cured&#x02019; or fully removed from NSSI are unrealistic. Likewise, equating recovery with a single outcome and viewing cessation as the sole indication of success are unhelpful. Ultimately, considering cessation as &#x02018;successful recovery&#x02019; detracts from the multifarious paths people inevitably have. Left with the impression that recovery is a linear path to cessation, individuals are prone to become discouraged (even when progress is made) or may view their own efforts as futile.</p><p>A more realistic expectation would be that many individuals <italic>will</italic> continue to experience thoughts and even urges to self-injure in the future. However, over time, these occurrences will abate in magnitude and frequency. Moreover, as individuals begin to find and utilise alternative strategies in lieu of NSSI, the pairing of NSSI with painful emotions should correspondingly dissipate. By acknowledging and ultimately adopting more realistic and holistic expectations, individuals are apt to feel encouraged over the course of their NSSI journeys.</p></sec><sec sec-type="other" id="sec3"><title>Reframing recovery</title><p>Following the above, we would encourage researchers and clinicians to adopt a broad, multipronged conception of recovery to account for a range of variables, including but not limited to NSSI cessation. Hence, we propose that consideration be given to how:
<list list-type="bullet"><list-item><p>people respond to difficult emotions and thoughts of NSSI (including coping responses);</p></list-item><list-item><p>individuals adapt to and live with having NSSI scars;</p></list-item><list-item><p>the process is non-linear and may involve setbacks (e.g. instances of NSSI);</p></list-item><list-item><p>recovery may be an enduring (at times life-long) process; and</p></list-item><list-item><p>other factors (e.g. disclosure, future coping, mental health difficulties) are germane.</p></list-item></list>By virtue of expanding beyond NSSI cessation, more realistic expectations can be fostered. This not only acknowledges the multitude of experiences people may have but stands to foster more resilience.</p><p>In keeping with the above, when working with people with lived NSSI experience, it might be more helpful for researchers and clinicians to strive to adopt and reflect back the precise language these individuals use when referring to recovery. As the lexis of recovery is commonplace in NSSI discourses,<sup><xref rid="ref17" ref-type="bibr">17</xref>,<xref rid="ref18" ref-type="bibr">18</xref>,<xref rid="ref25" ref-type="bibr">25</xref></sup> the term &#x02018;recovery&#x02019; is bound to be used. Yet, alternative referents (e.g. journey, overcoming self-injury) may also be employed. Some people may even be resistant to using the term &#x02018;recovery&#x02019; as it may position NSSI within disease-based (as opposed to behavioural) frameworks. As noted above, such framings have been rendered stigmatising by those with lived experience.<sup><xref rid="ref19" ref-type="bibr">19</xref></sup> Others may view the term recovery as conceptually ill-suited, as recovery is defined as a return to a normal or healthy state.<sup><xref rid="ref26" ref-type="bibr">26</xref></sup> Indeed, individuals may not view their experience as a return but more an experience in which they view themselves in a new light (e.g. more resilient);<sup><xref rid="ref7" ref-type="bibr">7</xref>,<xref rid="ref23" ref-type="bibr">23</xref></sup> additionally, some may view this definition as inferring that people who self-injure are somehow &#x02018;abnormal&#x02019;. Ultimately, by using individuals' own language researchers and clinicians can avoid unnecessarily &#x02018;correcting&#x02019; those who are arguably experts in <italic>their</italic> experience; further, this approach coheres with recommendations for discussing NSSI in assessment and related contexts.<sup><xref rid="ref3" ref-type="bibr">3</xref>,<xref rid="ref27" ref-type="bibr">27</xref></sup></p><p>Nevertheless, irrespective of the phrasings used, it would be helpful if conversations could underscore and foster realistic expectations extending beyond NSSI cessation. This may necessitate ascertaining what individuals mean by the particular term they use. Doing so can help determine whether an individual's primary focus is on desistance of NSSI. Although desistance may have value for some people (e.g. acknowledging progress by the time elapsed since they last self-injured), it would be important to ensure that individuals view their trajectory realistically, cognisant of the manifold complexion of recovery (e.g. persistent urges, set-backs).</p></sec><sec sec-type="other" id="sec4"><title>Summary</title><p>Recent trends in the NSSI literature have seen the emergence of research on NSSI recovery, with a particular focus on factors related to cessation of the behaviour. Hopefully, it is apparent from our commentary that a primary focus on cessation in the context of self-injury could detract from the myriad experiences people have and may inadvertently lead to a sense of failure, as thoughts and urges (among other features) are apt to continue long after a person no longer self-injures. Instead, we call on researchers and clinicians to focus on how people respond to intense or unwanted emotions and whether the chosen strategies are meeting the desired aims. In this way, focus centres on individuals and their experiences, with realistic expectations about their own progress, while allowing the requisite space to adopt alternative strategies that will best serve the functions needed.</p></sec></body><back><notes id="nts1" notes-type="other"><title>About the authors</title><p><bold>Stephen P. Lewis</bold>, PhD, is an associate professor in the Department of Psychology, University of Guelph, Ontario, Canada. <bold>Penelope A. Hasking</bold>, PhD, is an associate professor in the School of Psychology, Curtin University, Australia.</p></notes><ref-list id="reflist1"><title>References</title><ref id="ref1"><label>1</label><mixed-citation publication-type="other" id="cite1"><collab>International Society for the Study of Self-Injury</collab>. <italic>About self-injury</italic> ISSC, <year>2019</year> (<uri xlink:href="https://itriples.org/category/about-self-injury/">https://itriples.org/category/about-self-injury/</uri>).</mixed-citation></ref><ref id="ref2"><label>2</label><mixed-citation publication-type="journal" id="cite2"><name><surname>Nock</surname><given-names>MK.</given-names></name>
<article-title>Self-injury</article-title>. <source>Ann Rev Clin Psychol</source>
<year>2010</year>; <volume>6</volume>: <fpage>339</fpage>&#x02013;63.<pub-id pub-id-type="pmid">20192787</pub-id></mixed-citation></ref><ref id="ref3"><label>3</label><mixed-citation publication-type="journal" id="cite3"><name><surname>Lewis</surname><given-names>SP</given-names></name>, <name><surname>Heath</surname><given-names>NL.</given-names></name>
<article-title>Nonsuicidal self-injury among youth</article-title>. <source>J Pediatr</source>
<year>2015</year>; <volume>166</volume>: <fpage>526</fpage>&#x02013;30.<pub-id pub-id-type="pmid">25596101</pub-id></mixed-citation></ref><ref id="ref4"><label>4.</label><mixed-citation publication-type="journal" id="cite4"><name><surname>Swannell</surname><given-names>SV</given-names></name>, <name><surname>Martin</surname><given-names>GE</given-names></name>, <name><surname>Page</surname><given-names>A</given-names></name>, <name><surname>Hasking</surname><given-names>P</given-names></name>, <name><surname>St John</surname><given-names>NJ.</given-names></name>
<article-title>Prevalence of nonsuicidal self-injury in nonclinical samples: systematic review, meta-analysis and meta-regression</article-title>. <source>Suicide Life Threat Behav</source>
<year>2014</year>; <volume>44</volume>: <fpage>273</fpage>&#x02013;<lpage>303</lpage>.<pub-id pub-id-type="pmid">24422986</pub-id></mixed-citation></ref><ref id="ref5"><label>5</label><mixed-citation publication-type="journal" id="cite5"><name><surname>Andrews</surname><given-names>T</given-names></name>, <name><surname>Martin</surname><given-names>G</given-names></name>, <name><surname>Hasking</surname><given-names>P</given-names></name>, <name><surname>Page</surname><given-names>A.</given-names></name>
<article-title>Predictors of continuation and cessation of nonsuicidal self-injury</article-title>. <source>J Adolesc Health</source>
<year>2013</year>; <volume>53</volume>: <fpage>40</fpage>&#x02013;6.<pub-id pub-id-type="pmid">23608520</pub-id></mixed-citation></ref><ref id="ref6"><label>6</label><mixed-citation publication-type="journal" id="cite6"><name><surname>Kiekens</surname><given-names>G</given-names></name>, <name><surname>Hasking</surname><given-names>P</given-names></name>, <name><surname>Claes</surname><given-names>L</given-names></name>, <name><surname>Boyes</surname><given-names>M</given-names></name>, <name><surname>Mortier</surname><given-names>P</given-names></name>, <name><surname>Auerbach</surname><given-names>RP</given-names></name>, <etal/>
<article-title>The associations between non-suicidal self-injury and first onset suicidal thoughts and behaviors</article-title>. <source>J Affect Disord</source>
<year>2018</year>; <volume>239</volume>: <fpage>171</fpage>&#x02013;9.<pub-id pub-id-type="pmid">30014957</pub-id></mixed-citation></ref><ref id="ref7"><label>7</label><mixed-citation publication-type="journal" id="cite7"><name><surname>Lewis</surname><given-names>SP</given-names></name>, <name><surname>Mehrabkhani</surname><given-names>S.</given-names></name>
<article-title>Every scar tells a story: insight into people's self-injury scar experiences</article-title>. <source>Counsel Psychol Quart</source>
<year>2016</year>; <volume>29</volume>: <fpage>296</fpage>&#x02013;<lpage>310</lpage>.</mixed-citation></ref><ref id="ref8"><label>8</label><mixed-citation publication-type="journal" id="cite8"><name><surname>Kelada</surname><given-names>L</given-names></name>, <name><surname>Hasking</surname><given-names>P</given-names></name>, <name><surname>Melvin</surname><given-names>G</given-names></name>, <name><surname>Whitlock</surname><given-names>J</given-names></name>, <name><surname>Baetens</surname><given-names>I.</given-names></name>
<article-title>&#x02018;I do want to stop, at least I think I do&#x02019;: an international comparison of recovery from nonsuicidal self-injury among young people.</article-title>
<source>J Adolesc Res</source>
<year>2016</year>; <volume>33</volume>: <fpage>416</fpage>&#x02013;41.</mixed-citation></ref><ref id="ref9"><label>9</label><mixed-citation publication-type="journal" id="cite9"><name><surname>Whitlock</surname><given-names>J</given-names></name>, <name><surname>Prussien</surname><given-names>K</given-names></name>, <name><surname>Pietrusza</surname><given-names>C.</given-names></name>
<article-title>Predictors of self-injury cessation and subsequent psychological growth: results of a probability sample survey of students in eight universities and colleges</article-title>. <source>Child Adolesc Psychiatry Ment Health</source>
<year>2015</year>; <volume>9</volume>: <fpage>19</fpage>.<pub-id pub-id-type="pmid">26236394</pub-id></mixed-citation></ref><ref id="ref10"><label>10</label><mixed-citation publication-type="journal" id="cite10"><name><surname>Kiekens</surname><given-names>G</given-names></name>, <name><surname>Hasking</surname><given-names>P</given-names></name>, <name><surname>Bruffaerts</surname><given-names>R</given-names></name>, <name><surname>Claes</surname><given-names>L</given-names></name>, <name><surname>Baetens</surname><given-names>I</given-names></name>, <name><surname>Boyes</surname><given-names>M</given-names></name>, <etal/>
<article-title>What predicts ongoing nonsuicidal self-injury? A comparison between persistent and ceased self-injury in emerging adults</article-title>. <source>J Nervous Ment Dis</source>
<year>2017</year>; <volume>205</volume>: <fpage>762</fpage>&#x02013;70.</mixed-citation></ref><ref id="ref11"><label>11</label><mixed-citation publication-type="journal" id="cite11"><name><surname>Rotolone</surname><given-names>C</given-names></name>, <name><surname>Martin</surname><given-names>G.</given-names></name>
<article-title>Giving up self-injury: a comparison of everyday social and personal resources in past versus current self-injurers</article-title>. <source>Arch Suicide Res</source>
<year>2012</year>; <volume>16</volume>: <fpage>147</fpage>&#x02013;58.<pub-id pub-id-type="pmid">22551045</pub-id></mixed-citation></ref><ref id="ref12"><label>12</label><mixed-citation publication-type="journal" id="cite12"><name><surname>Tatnell</surname><given-names>R</given-names></name>, <name><surname>Kelada</surname><given-names>L</given-names></name>, <name><surname>Hasking</surname><given-names>P</given-names></name>, <name><surname>Martin</surname><given-names>G.</given-names></name>
<article-title>Longitudinal analysis of adolescent NSSI: the role of intrapersonal and interpersonal factors</article-title>. <source>J Abnorm Child Psychol</source>
<year>2014</year>; <volume>42</volume>: <fpage>885</fpage>&#x02013;96.<pub-id pub-id-type="pmid">24343795</pub-id></mixed-citation></ref><ref id="ref13"><label>13</label><mixed-citation publication-type="journal" id="cite13"><name><surname>Lewis</surname><given-names>SP.</given-names></name>
<article-title>I cut therefore I am? Avoiding labels in the context of self-injury</article-title>. <source>Med Humanit</source>
<year>2017</year>; <volume>43</volume>: <fpage>204</fpage>.<pub-id pub-id-type="pmid">28264901</pub-id></mixed-citation></ref><ref id="ref14"><label>14</label><mixed-citation publication-type="journal" id="cite14"><name><surname>Hasking</surname><given-names>P</given-names></name>, <name><surname>Boyes</surname><given-names>M.</given-names></name>
<article-title>Cutting words: a commentary on language and stigma in the context of nonsuicidal self-injury</article-title>. <source>J Nervous Ment Dis</source>
<year>2018</year>; <volume>206</volume>: <fpage>829</fpage>&#x02013;33.</mixed-citation></ref><ref id="ref15"><label>15</label><mixed-citation publication-type="journal" id="cite15"><name><surname>Hasking</surname><given-names>P</given-names></name>, <name><surname>Lewis</surname><given-names>SP</given-names></name>, <name><surname>Boyes</surname><given-names>M.</given-names></name>
<article-title>When language is maladaptive: recommendations for discussing self-injury</article-title>. <source>J Public Ment Health</source>
<year>2019</year>; <volume>18</volume>: <fpage>148</fpage>&#x02013;52.</mixed-citation></ref><ref id="ref16"><label>16</label><mixed-citation publication-type="journal" id="cite16"><name><surname>Kamen</surname><given-names>DG.</given-names></name>
<article-title>How can we stop our children from hurting themselves? Stages of change, motivational interviewing, and exposure therapy applications for non-suicidal self-injury in children and adolescents</article-title>. <source>Int J Behav Consul Therapy</source>
<year>2009</year>; <volume>5</volume>: <fpage>106</fpage>&#x02013;23.</mixed-citation></ref><ref id="ref17"><label>17</label><mixed-citation publication-type="journal" id="cite17"><name><surname>Kress</surname><given-names>V</given-names></name>, <name><surname>Hoffman</surname><given-names>R.</given-names></name>
<article-title>Non-suicidal self-injury and motivational interviewing: enhancing readiness for change</article-title>. <source>J Ment Health Counsel</source>
<year>2008</year>; <volume>30</volume>: <fpage>311</fpage>&#x02013;29.</mixed-citation></ref><ref id="ref18"><label>18</label><mixed-citation publication-type="journal" id="cite18"><name><surname>Grunberg</surname><given-names>PH</given-names></name>, <name><surname>Lewis</surname><given-names>SP.</given-names></name>
<article-title>Self-injury and readiness to recover: preliminary examination of components of the stages of change model</article-title>. <source>Counsel Psychol Quart</source>
<year>2015</year>; <volume>28</volume>: <fpage>361</fpage>&#x02013;71.</mixed-citation></ref><ref id="ref19"><label>19</label><mixed-citation publication-type="journal" id="cite19"><name><surname>Lewis</surname><given-names>SP</given-names></name>, <name><surname>Bryant</surname><given-names>LA</given-names></name>, <name><surname>Schaefer</surname><given-names>BM</given-names></name>, <name><surname>Grunberg</surname><given-names>PH.</given-names></name>
<article-title>In their own words: perspectives on nonsuicidal self-injury disorder among those with lived experience</article-title>. <source>J Nervous Ment Dis</source>
<year>2017</year>; <volume>205</volume>: <fpage>771</fpage>&#x02013;9.</mixed-citation></ref><ref id="ref20"><label>20</label><mixed-citation publication-type="journal" id="cite20"><name><surname>Guerdjikova</surname><given-names>AI</given-names></name>, <name><surname>Gwizdowski</surname><given-names>IS</given-names></name>, <name><surname>McElroy</surname><given-names>SL</given-names></name>, <name><surname>McCullumsmith</surname><given-names>C</given-names></name>, <name><surname>Suppes</surname><given-names>P.</given-names></name>
<article-title>Treating nonsuicidal self-injury</article-title>. <source>Curr Treat Opt Psychiatry</source>
<year>2014</year>; <volume>1</volume>: <fpage>325</fpage>&#x02013;34.</mixed-citation></ref><ref id="ref21"><label>21</label><mixed-citation publication-type="journal" id="cite21"><name><surname>Lewis</surname><given-names>SP.</given-names></name>
<article-title>The overlooked role of self-injury scars: commentary and suggestions for clinical practice</article-title>. <source>J Nervous Ment Dis</source>
<year>2016</year>; <volume>204</volume>: <fpage>33</fpage>&#x02013;5.</mixed-citation></ref><ref id="ref22"><label>22</label><mixed-citation publication-type="journal" id="cite22"><name><surname>Rosenrot</surname><given-names>SA</given-names></name>, <name><surname>Lewis</surname><given-names>SP.</given-names></name>
<article-title>Barriers and responses to the disclosure of non-suicidal self-injury: a thematic analysis</article-title>. <source>Counsel Psychol Quart</source>
<year>2018</year>; doi: <uri xlink:href="http://10.1080/09515070.2018.1489220">10.1080/09515070.2018.1489220</uri>.</mixed-citation></ref><ref id="ref23"><label>23</label><mixed-citation publication-type="journal" id="cite23"><name><surname>Sutherland</surname><given-names>O</given-names></name>, <name><surname>Dawczyk</surname><given-names>A</given-names></name>, <name><surname>De Leon</surname><given-names>K</given-names></name>, <name><surname>Cripps</surname><given-names>J</given-names></name>, <name><surname>Lewis</surname><given-names>SP.</given-names></name>
<article-title>Self-compassion in online accounts of nonsuicidal self-injury: an interpretive phenomenological analysis</article-title>. <source>Counsel Psychol Quart</source>
<year>2014</year>; <volume>27</volume>: <fpage>409</fpage>&#x02013;33.</mixed-citation></ref><ref id="ref24"><label>24</label><mixed-citation publication-type="journal" id="cite24"><name><surname>Ben-Zeev</surname><given-names>D</given-names></name>, <name><surname>Young</surname><given-names>MA</given-names></name>, <name><surname>Corrigan</surname><given-names>PW.</given-names></name>
<article-title>DSM-5 and the stigma of mental illness</article-title>. <source>J Ment Health</source>
<year>2010</year>; <volume>19</volume>: <fpage>318</fpage>&#x02013;27.<pub-id pub-id-type="pmid">20636112</pub-id></mixed-citation></ref><ref id="ref25"><label>25</label><mixed-citation publication-type="journal" id="cite25"><name><surname>Buser</surname><given-names>TJ</given-names></name>, <name><surname>Pitchko</surname><given-names>A</given-names></name>, <name><surname>Buser</surname><given-names>JK.</given-names></name>
<article-title>Naturalistic recovery from nonsuicidal self-injury: a phenomenological inquiry</article-title>. <source>J Counsel Dev</source>
<year>2014</year>; <volume>92</volume>: <fpage>438</fpage>&#x02013;46.</mixed-citation></ref><ref id="ref26"><label>26</label><mixed-citation publication-type="other" id="cite26"><collab>OxfordDictionaries.com</collab> (<uri xlink:href="https://www.lexico.com/en/definition/recovery">https://www.lexico.com/en/definition/recovery</uri>).</mixed-citation></ref><ref id="ref27"><label>27</label><mixed-citation publication-type="book" id="cite27"><name><surname>Klonsky</surname><given-names>DE</given-names></name>, <name><surname>Lewis</surname><given-names>SP.</given-names></name>
<chapter-title>Assessment of non-suicidal self-injury</chapter-title> In <source>Oxford Handbook of Suicide and Self-Injury</source> (ed <string-name><given-names>MK</given-names>
<surname>Nock</surname></string-name>). <publisher-name>Oxford University Press</publisher-name>, <year>2014</year>.</mixed-citation></ref></ref-list></back></article>