<!DOCTYPE article PUBLIC "-//NLM//DTD JATS (Z39.96) Journal Archiving and Interchange DTD with MathML3 v1.2 20190208//EN" "JATS-archivearticle1-mathml3.dtd"> 
<article xmlns:xlink="http://www.w3.org/1999/xlink" xmlns:mml="http://www.w3.org/1998/Math/MathML" article-type="discussion"><?properties open_access?><?DTDIdentifier.IdentifierValue -//NLM//DTD JATS (Z39.96) Journal Publishing DTD v1.1 20151215//EN?><?DTDIdentifier.IdentifierType public?><?SourceDTD.DTDName JATS-journalpublishing1.dtd?><?SourceDTD.Version 1.1?><?ConverterInfo.XSLTName jp2nlmx2.xsl?><?ConverterInfo.Version 1?><front><journal-meta><journal-id journal-id-type="nlm-ta">BJPsych Bull</journal-id><journal-id journal-id-type="iso-abbrev">BJPsych Bull</journal-id><journal-id journal-id-type="publisher-id">BJB</journal-id><journal-title-group><journal-title>BJPsych Bulletin</journal-title></journal-title-group><issn pub-type="ppub">2056-4694</issn><issn pub-type="epub">2056-4708</issn><publisher><publisher-name>Cambridge University Press</publisher-name><publisher-loc>Cambridge, UK</publisher-loc></publisher></journal-meta><article-meta><article-id pub-id-type="pmcid">8058856</article-id><article-id pub-id-type="pmid">31931898</article-id><article-id pub-id-type="doi">10.1192/bjb.2019.85</article-id><article-id pub-id-type="pii">S2056469419000858</article-id><article-categories><subj-group subj-group-type="heading"><subject>Special Articles</subject></subj-group></article-categories><title-group><article-title>Challenges during the transition from child and adolescent mental health services to adult mental health services</article-title></title-group><contrib-group><contrib contrib-type="author"><contrib-id contrib-id-type="orcid" authenticated="true">https://orcid.org/0000-0001-5687-3239</contrib-id><name><surname>Hendrickx</surname><given-names>Gaelle</given-names></name><xref ref-type="aff" rid="aff1">1</xref><xref ref-type="corresp" rid="cor1"/></contrib><contrib contrib-type="author"><name><surname>De Roeck</surname><given-names>Veronique</given-names></name><xref ref-type="aff" rid="aff2">2</xref></contrib><contrib contrib-type="author"><name><surname>Maras</surname><given-names>Athanasios</given-names></name><xref ref-type="aff" rid="aff3">3</xref></contrib><contrib contrib-type="author"><name><surname>Dieleman</surname><given-names>Gwen</given-names></name><xref ref-type="aff" rid="aff4">4</xref></contrib><contrib contrib-type="author"><name><surname>Gerritsen</surname><given-names>Suzanne</given-names></name><xref ref-type="aff" rid="aff4">4</xref></contrib><contrib contrib-type="author"><name><surname>Purper-Ouakil</surname><given-names>Diane</given-names></name><xref ref-type="aff" rid="aff5">5</xref></contrib><contrib contrib-type="author"><name><surname>Russet</surname><given-names>Fr&#x000e9;d&#x000e9;rick</given-names></name><xref ref-type="aff" rid="aff5">5</xref></contrib><contrib contrib-type="author"><name><surname>Schepker</surname><given-names>Renate</given-names></name><xref ref-type="aff" rid="aff6">6</xref></contrib><contrib contrib-type="author"><name><surname>Signorini</surname><given-names>Giulia</given-names></name><xref ref-type="aff" rid="aff7">7</xref></contrib><contrib contrib-type="author"><name><surname>Singh</surname><given-names>Swaran Preet</given-names></name><xref ref-type="aff" rid="aff8">8</xref></contrib><contrib contrib-type="author"><name><surname>Street</surname><given-names>Cathy</given-names></name><xref ref-type="aff" rid="aff8">8</xref></contrib><contrib contrib-type="author"><name><surname>Tuomainen</surname><given-names>Helena</given-names></name><xref ref-type="aff" rid="aff8">8</xref></contrib><contrib contrib-type="author"><name><surname>Tremmery</surname><given-names>Sabine</given-names></name><xref ref-type="aff" rid="aff2">2</xref><on-behalf-of>on behalf of MILESTONE consortium</on-behalf-of></contrib></contrib-group><aff id="aff1"><label>1</label>Department of Neurosciences, <institution>Centre for Clinical Psychiatry</institution>, <city>KU Leuven</city>, <country>Belgium</country></aff><aff id="aff2"><label>2</label>Department of Neurosciences, <institution>Child and Adolescent Psychiatry</institution>, <city>KU Leuven</city>, <country>Belgium</country></aff><aff id="aff3"><label>3</label><institution>Yulius Academy</institution>, Yulius Mental Health Organization, <country>The Netherlands</country></aff><aff id="aff4"><label>4</label>Department of Child and Adolescent Psychiatry and Psychology, <institution>Erasmus Medical Center</institution>, <country>The Netherlands</country></aff><aff id="aff5"><label>5</label>Child and Adolescent Psychiatry Unit, <institution>University Hospital of Montpellier</institution>, <country>France</country></aff><aff id="aff6"><label>6</label><institution>Centre for Psychiatry South-Wuerttemberg</institution>, <country>Germany</country></aff><aff id="aff7"><label>7</label>Psychiatric Epidemiology and Evaluation Unit, <institution>Saint John of God Clinical Research Center</institution>, <country>Italy</country></aff><aff id="aff8"><label>8</label>Warwick Medical School, <institution>University of Warwick</institution>, <country>UK</country></aff><author-notes><fn id="fns01" fn-type="COI-statement"><p><bold>Declaration of interest:</bold> None.</p></fn><corresp id="cor1">Correspondence to Gaelle Hendrickx (<email>gaelle.hendrickx@kuleuven.be</email>)</corresp></author-notes><pub-date publication-format="print" date-type="pub" iso-8601-date="2020-08"><month>8</month><year>2020</year></pub-date><volume>44</volume><issue>4</issue><fpage>163</fpage><lpage>168</lpage><history><date date-type="received"><day>13</day><month>2</month><year>2019</year></date><date date-type="rev-recd"><day>29</day><month>10</month><year>2019</year></date><date date-type="accepted"><day>12</day><month>11</month><year>2019</year></date></history><permissions><copyright-statement>&#x000a9; The Authors 2020</copyright-statement><copyright-year>2020</copyright-year><copyright-holder>The Authors</copyright-holder><license><ali:license_ref xmlns:ali="http://www.niso.org/schemas/ali/1.0/" specific-use="textmining" content-type="ccbyncndlicense">https://creativecommons.org/licenses/by-nc-nd/4.0/</ali:license_ref><license-p>This is an Open Access article, distributed under the terms of the Creative Commons Attribution-NonCommercial-NoDerivatives licence (<uri xlink:href="https://creativecommons.org/licenses/by-nc-nd/4.0/">http://creativecommons.org/licenses/by-nc-nd/4.0/</uri>), which permits non-commercial re-use, distribution, and reproduction in any medium, provided the original work is unaltered and is properly cited. The written permission of Cambridge University Press must be obtained for commercial re-use or in order to create a derivative work.</license-p></license></permissions><self-uri xlink:title="pdf" xlink:href="S2056469419000858a.pdf"/><abstract abstract-type="normal"><p>The transition from child and adolescent to adult mental health services for young people with mental health problems is of international concern. Despite the high prevalence of mental disorders during adolescence and their tendency to continue during adulthood, the majority of young people do not experience continuity of care. The aim of this review paper is to unravel the complexity of transitional mental healthcare to clinicians, policy makers and mental health service managers, and to address challenges to a smooth transition process at all levels.</p></abstract><kwd-group><title>Keywords</title><kwd>Patients</kwd><kwd>psychosocial interventions</kwd><kwd>carers</kwd></kwd-group><counts><ref-count count="55"/><page-count count="6"/></counts></article-meta></front><body><p>Young people's transition from child and adolescent mental health services (CAMHS) to adult mental health services (AMHS) has gained increasing international interest in recent years. At around the age of 16&#x02013;18 years, young people with chronic mental health problems are confronted with two simultaneous transitions: a situational transition (from CAMHS to AMHS) and a developmental transition (to adulthood).<sup><xref rid="ref1" ref-type="bibr">1</xref></sup></p><p>Transition is defined as an efficient, planned, patient-oriented process that meets the medical, psychosocial and educational/occupational needs of young people with chronic conditions.<sup><xref rid="ref2" ref-type="bibr">2</xref></sup> Additionally, the developmental perspective is important in conceptualising transition as young people, those aged 16&#x02013;24 years, are confronted with changes in various life domains.<sup><xref rid="ref3" ref-type="bibr">3</xref>,<xref rid="ref4" ref-type="bibr">4</xref></sup></p><p>The transition age refers to the age at which the care of the young person in CAMHS is continued in AMHS, and in most cases, concerns young people in the 16&#x02013;18 year age range. The following findings linked with psychopathology are relevant for transitional care at this time point: first, psychopathology has a high persistence from an early age into adulthood<sup><xref rid="ref5" ref-type="bibr">5</xref></sup>; second, the onset of many psychopathologies has been shown to coincide with the transition age.<sup><xref rid="ref6" ref-type="bibr">6</xref>,<xref rid="ref7" ref-type="bibr">7</xref></sup> Critical changes in the brain occur during late adolescence, which make this age group more vulnerable for developing psychopathology.<sup><xref rid="ref7" ref-type="bibr">7</xref></sup></p><p>Moreover, 75% of all psychiatric disorders in adults start before 24 years of age, and 50% before 14 years of age.<sup><xref rid="ref8" ref-type="bibr">8</xref></sup> However, there is a discord in the pattern of increased risk of psychopathology in young people and mental health service use.<sup><xref rid="ref1" ref-type="bibr">1</xref>,<xref rid="ref9" ref-type="bibr">9</xref></sup> Older adolescents access care far less (28.9%) than 13- to 16-year-olds (50.9%) or adults over 26 years (41.1%).<sup><xref rid="ref10" ref-type="bibr">10</xref>,<xref rid="ref11" ref-type="bibr">11</xref></sup> Furthermore, the gap between CAMHS and AMHS, the so-called &#x02018;transition gap&#x02019;, results in a clear discontinuity of care. A sizeable number of youth and young adults who &#x02018;fall&#x02019; in this transition gap access adult services at a later point in time, when more serious and chronic problems have developed.<sup><xref rid="ref12" ref-type="bibr">12</xref>,<xref rid="ref13" ref-type="bibr">13</xref></sup></p><p>The care gap affects not only the young people, but also their families, communities and society as a whole. Mental health problems are associated with poorer physical health and poorer functioning in the social, educational and economic life domains.<sup><xref rid="ref14" ref-type="bibr">14</xref></sup> At the societal level, the presence of a mental disorder during childhood leads to a 10-fold higher health cost during adulthood compared with children without mental health problems.<sup><xref rid="ref15" ref-type="bibr">15</xref></sup> To date, it is unclear what the real societal impact of the care gap in late adolescence is and to what extent adequate transitional care reduces this impact.</p><p>The aim of this paper is to summarise the new insights and developments investigated since the review of Singh in 2009.<sup><xref rid="ref12" ref-type="bibr">12</xref></sup> Furthermore, this paper includes research on youth mental health services and shared management components, which is one of the limitations of the review of Paul <italic>et al</italic>.<sup><xref rid="ref16" ref-type="bibr">16</xref></sup></p><p>Continuation of care is a complex process, with important players at the policy and organisational level, service level and at the level of individuals: patients, their families and healthcare providers. However, care discontinuity cannot be explained by only one level.<sup><xref rid="ref4" ref-type="bibr">4</xref>,<xref rid="ref17" ref-type="bibr">17</xref></sup> This paper attempts to unravel the complexity of transitional mental healthcare to clinicians, policy makers and mental health service managers, and to address challenges to a smooth transition process at all levels. The advantage of splitting the findings according to the three levels makes the extensive research regarding transition more manageable. Furthermore, it emphasises the complexity of the topic, but also makes clear that solutions are possible at every level.</p><sec sec-type="other" id="sec1"><title>Challenges regarding transitional mental healthcare</title><sec id="sec1-1" sec-type="other"><title>Policy and organisational level</title><p>Improving transitional care has been on the policy agenda in different European countries for some time now; however, it has been one of a number of competing priorities. Furthermore, there has been a gap between policy and implementation in practice, insufficient research regarding transition, and a lack of transition protocols guiding transitional care of service providers.<sup><xref rid="ref16" ref-type="bibr">16</xref></sup></p><p>Historically, the way in which mental health services have been structured, with separate facilities for children/adolescents and adults is a significant bottleneck to transitional care.<sup><xref rid="ref13" ref-type="bibr">13</xref></sup> Eligibility thresholds for referral to CAMHS and AMHS often differ; thereby causing young people to fall through the care gap.<sup><xref rid="ref4" ref-type="bibr">4</xref>,<xref rid="ref18" ref-type="bibr">18</xref></sup> Furthermore, the CAMHS-AMHS interface is characterised by different cultural approaches, a lack of communication and doubts about AMHS staff being proficient in managing young peoples' care.<sup><xref rid="ref19" ref-type="bibr">19</xref></sup></p><p>Waiting lists form another major barrier in the provision of mental healthcare to youth and young adults.<sup><xref rid="ref20" ref-type="bibr">20</xref>,<xref rid="ref21" ref-type="bibr">21</xref></sup> As a result, young people presenting with a mental health problem at 17 years of age are often referred directly to AMHS because the waiting time for CAMHS coincides or exceeds their 18th birthday, i.e. the transition boundary. Adult services, in turn, hesitate to treat these young people before 18 years of age, because the expertise or the adjusted setting for this patient group is lacking, or because internal or external regulations prevent care providers from forming a treatment plan. Young people who have attended CAMHS but find themselves on a long waiting list for AMHS &#x02013; usually with no interim support in place &#x02013; describe this as highly anxiety-provoking.<sup><xref rid="ref22" ref-type="bibr">22</xref></sup></p><p>Another challenge is the lack of training requirements for care providers and variations in the content of training programmes.<sup><xref rid="ref23" ref-type="bibr">23</xref>,<xref rid="ref24" ref-type="bibr">24</xref></sup> The knowledge clinicians in either child/adolescent or adult speciality acquire about young people largely depends on whether they are provided with adequate training on psychopathology of adolescents. A lack of confidence amongst mental health practitioners to work with young people in transition is an area of concern frequently identified by young people.<sup><xref rid="ref22" ref-type="bibr">22</xref></sup></p><p>Healthcare financing is another policy challenge affecting the care trajectories of young people. Gaining financial responsibility at the age of majority can have a real effect on the provision of care in some countries. Differences in financial benefits for minors versus adults may relate to the cost of a consultation, the possibility to organise family therapy or the reimbursement of medication. Some health insurance policies provide partial reimbursement for therapy sessions for young people up to 18 years of age, but not for (young) adults. Hence, although they have reached the age of majority and the ability to organise their mental healthcare independently, young people often still remain financially dependent on their parents to pay for their care. If there is a serious disruption in the parent&#x02013;child relationship, the continuation of care at a new mental health service may be in jeopardy.</p></sec><sec id="sec1-2" sec-type="other"><title>Service level</title><p>Different treatment approaches at CAMHS and AMHS pose a significant challenge. In CAMHS, treatment is reported to be more family-oriented and holistic, inherent to the legal position of the parents, whereas in adult psychiatry, individual patients and their symptoms are the main focus. These differences are described by young people and their families as an important reason for discontinuing care in AMHS.<sup><xref rid="ref25" ref-type="bibr">25</xref></sup> This perception may also lead to hesitance among CAMHS clinicians to refer young people.<sup><xref rid="ref16" ref-type="bibr">16</xref></sup> In addition, the lack of common registration and information systems hampers the exchange of information between services.<sup><xref rid="ref17" ref-type="bibr">17</xref></sup></p></sec><sec id="sec1-3" sec-type="other"><title>Level of the individual</title><sec id="sec1-3-1" sec-type="other"><title>Youth and young adults</title><p>Characteristics specific to young people can influence the transition process. Having a severe and enduring mental illness, e.g. schizophrenia, enhances the chance of being referred to AMHS, whereas having a neurodevelopmental disorder decreases the chance of being referred. Moreover, receiving medication, having a history of hospital admissions and living with both parents or independently are all variables that can determine whether a young person is more likely to be referred.<sup><xref rid="ref4" ref-type="bibr">4</xref>,<xref rid="ref26" ref-type="bibr">26</xref>&#x02013;<xref rid="ref28" ref-type="bibr">28</xref></sup></p><p>Even if a transition to adult services has been carefully planned, a young person's urge for autonomy and self-determination may influence their care trajectory. For example, the young person can decide to abandon psychological care or to not make the transition to AMHS, even when a referral has been made.<sup><xref rid="ref4" ref-type="bibr">4</xref>,<xref rid="ref26" ref-type="bibr">26</xref>,<xref rid="ref28" ref-type="bibr">28</xref>,<xref rid="ref29" ref-type="bibr">29</xref></sup> The reasons for this are diverse: young people want to solve their problems themselves, or they may not want to repeat their story to a new clinician. The lack of information about mental healthcare, the stigma associated with mental health problems,<sup><xref rid="ref30" ref-type="bibr">30</xref>,<xref rid="ref31" ref-type="bibr">31</xref></sup> anxiety about how confidentiality is handled and the physical accessibility of mental health services can all act as barriers to seeking help or accessing care.<sup><xref rid="ref32" ref-type="bibr">32</xref></sup> Young people have also suggested that further investments should be made to improve the accessibility of mental healthcare and have pointed out to the importance of e-health.<sup><xref rid="ref17" ref-type="bibr">17</xref></sup></p><p>Furthermore, service (dis)engagement is influenced by an identity change that accompanies the transition from CAMHS to AMHS. Besides adopting an adult identity, transitioning to AMHS implies adopting a new illness identity.<sup><xref rid="ref31" ref-type="bibr">31</xref></sup> Although CAMHS is associated with temporary psychopathology, AMHS is associated with having a severe and enduring mental illness, as this is often the prerequisite for being referred to or accepted by AMHS.<sup><xref rid="ref4" ref-type="bibr">4</xref></sup> Disengagement can be attributed to failure in adopting a new illness identity, an illness identity that is incompatible with AMHS service remit or fractious professional relationships between CAMHS and AMHS during the transition, which causes anxiety and uncertainty to the young person.<sup><xref rid="ref31" ref-type="bibr">31</xref></sup></p><p>Although young people want to make autonomous decisions and are concerned about the confidentiality of information, the loss of parental or other psychosocial support is an important negative factor for care continuation or adequate help-seeking behaviour.<sup><xref rid="ref32" ref-type="bibr">32</xref></sup></p><p>The relationship of trust with the CAMHS clinician must not be forgotten, as at the transition to adult services this relationship comes to an end. Entering into a new social and trust relationship at an AMHS can be daunting for young people. On the other hand, a positive relationship with the new clinician can enable the development of other positive relationships.<sup><xref rid="ref33" ref-type="bibr">33</xref></sup></p></sec><sec id="sec1-3-2" sec-type="other"><title>The parents and important others</title><p>The parents' position changes the moment a young person becomes an adult, as their legal right to be involved in the care for their child is no longer there. Furthermore, because of the distinct service cultures, CAMHS and AMHS clinicians' training regarding family involvement differs considerably; in adult psychiatry, the focus is more on the individual, not the family.<sup><xref rid="ref25" ref-type="bibr">25</xref>,<xref rid="ref34" ref-type="bibr">34</xref></sup></p><p>The need to give a young person autonomy to make their own decisions regarding treatment can be a difficult process for the parents, who may also require additional support.<sup><xref rid="ref35" ref-type="bibr">35</xref></sup> Many parents and carers would like to remain involved in the treatment, although they respect their child's wishes and their right to privacy.<sup><xref rid="ref36" ref-type="bibr">36</xref>,<xref rid="ref37" ref-type="bibr">37</xref></sup> They also want psychoeducation about how to deal with their child and to attend parent support groups where they can benefit from increased knowledge, shared recognition and exchange of experiences.<sup><xref rid="ref38" ref-type="bibr">38</xref></sup></p></sec><sec id="sec1-3-3" sec-type="other"><title>The clinician</title><p>Mental healthcare transition should be a planned and efficient process. This implies starting on time to prepare individuals and their families for the transition. Some authors state that this process should start at 14 years of age,<sup><xref rid="ref39" ref-type="bibr">39</xref></sup> whereas others stress that it should start at least 1 year before the transition boundary.<sup><xref rid="ref40" ref-type="bibr">40</xref></sup> For the process to be efficient, by the time the young person reaches the transition boundary it should be clear whether they need further care or not, and whether this care will be continued in CAMHS or whether a referral to AMHS, or another type of service (e.g. private practice), is appropriate. In any case, the clinician should consider all these options to make the best possible decision.</p><p>To date, there is no consensus about this decision-making process, and the follow-up trajectory of the young person thus depends on the practitioner's clinical judgement. Because of the lack of transition protocols, this clinical judgement is not usually based on a structured assessment of transition-relevant factors, such as severity of symptoms, the patient's motivation regarding further mental healthcare and the risk and protective factors in several psychosocial domains.<sup><xref rid="ref13" ref-type="bibr">13</xref></sup> CAMHS and AMHS should, therefore, be supported in the initiation, advancement and supervision of the transition process. The National Institute for Health and Care Excellence and Cleverley <italic>et al</italic> have produced guidelines on transition.<sup><xref rid="ref41" ref-type="bibr">41</xref>,<xref rid="ref42" ref-type="bibr">42</xref></sup> The Managing the Link and Strengthening Transition from Child to Adult Mental Healthcare (MILESTONE) project developed an instrument for assessing transition, the Transition Readiness and Appropriateness Measure, a process called managed transition, which uses the Transition Readiness and Appropriateness Measure to guide clinicians' actions, and training regarding transition.<sup><xref rid="ref43" ref-type="bibr">43</xref>,<xref rid="ref44" ref-type="bibr">44</xref></sup></p><p>The transition process is also influenced by professional relationships between CAMHS and AMHS. Clinicians' decisions regarding referrals may depend on the (not always comprehensive) knowledge they have of the other care provider and their prior experience with the service and clinician.<sup><xref rid="ref45" ref-type="bibr">45</xref></sup> Furthermore, incompatible beliefs about who is responsible for the different steps during the transition process, lack of confidence in AMHS staff in managing young people and different cultural approaches in service delivery may also impede the transition process.<sup><xref rid="ref18" ref-type="bibr">18</xref>,<xref rid="ref46" ref-type="bibr">46</xref></sup></p></sec></sec></sec><sec sec-type="other" id="sec2"><title>Improving transition through specific interventions</title><p>Some of the above-mentioned challenges provide directions as to what should be done in clinical practice and at policy level to improve the transition process. On the other hand, effect studies are lacking and there is a need for longitudinal research about different transition trajectories and health outcomes.<sup><xref rid="ref16" ref-type="bibr">16</xref>,<xref rid="ref47" ref-type="bibr">47</xref></sup> Although care trajectories, transition experiences and quality of transition have been investigated within the UK,<sup><xref rid="ref1" ref-type="bibr">1</xref></sup> Ireland,<sup><xref rid="ref28" ref-type="bibr">28</xref>,<xref rid="ref46" ref-type="bibr">46</xref></sup> the USA and Australia,<sup><xref rid="ref16" ref-type="bibr">16</xref></sup> no research has been performed about the care and transition trajectories (both the experiences and the quality) in relation to their effects on mental health in the long term. The MILESTONE project contains a prospective study on the longitudinal outcomes and experiences of young people reaching the transition boundary within eight different European countries, taking into account differences in the organisation of mental health systems, the age at which transition takes place and the available services.<sup><xref rid="ref43" ref-type="bibr">43</xref>,<xref rid="ref44" ref-type="bibr">44</xref></sup> The MILESTONE study will result in evidence- and practice-based guidelines that clinicians can follow to support their decision-making and direct their actions.</p><p>To prevent young people from falling through the care gap and to tailor services to their specific needs, new service models have been developed. Examples include mental health services in Australia, Canada and some European countries that target the age group of 0&#x02013;25 years. Besides solely focusing on mental health, these services take into account all aspects of psychosocial functioning.<sup><xref rid="ref48" ref-type="bibr">48</xref>&#x02013;<xref rid="ref50" ref-type="bibr">50</xref></sup> Despite the aim of trying to solve the problem of a shortage of tailored services for this target group, some of these services are faced with an additional transition boundary: the first around 12 years of age and the second around 25 years of age, both of which need to be optimally managed. At the current time, it is too early to conclude if these models provide an answer to the longstanding problems of transition barriers.</p><p>An alternative approach to bridge the transition gap is by improving the liaison between CAMHS and AMHS, but keeping services as they currently exist. To achieve this, diverse models to enhance joint-working between services, including transition clinics and transition coordinators have been suggested.<sup><xref rid="ref51" ref-type="bibr">51</xref>&#x02013;<xref rid="ref54" ref-type="bibr">54</xref></sup></p></sec><sec sec-type="other" id="sec3"><title>Improving clinical practice</title><p>Policy makers should consider implementing the topic of transition in the training program of clinicians as 94% of European psychiatric trainees indicated further training regarding transition is necessary.<sup><xref rid="ref23" ref-type="bibr">23</xref></sup> Furthermore the distinct split between CAMHS and AMHS should be revised as well as the separate funding, which may hamper collaborative efforts.<sup><xref rid="ref13" ref-type="bibr">13</xref>,<xref rid="ref42" ref-type="bibr">42</xref></sup></p><p>To ensure that the transition process is better managed, the transition should be mentioned to the young person well in advance,<sup><xref rid="ref17" ref-type="bibr">17</xref>,<xref rid="ref41" ref-type="bibr">41</xref>,<xref rid="ref42" ref-type="bibr">42</xref></sup> whereby the young person should be involved in the decision-making during all phases of the process.<sup><xref rid="ref22" ref-type="bibr">22</xref>,<xref rid="ref42" ref-type="bibr">42</xref>,<xref rid="ref55" ref-type="bibr">55</xref></sup> Guidelines and criteria regarding optimal transition can guide clinicians during their clinical practice.<sup><xref rid="ref4" ref-type="bibr">4</xref>,<xref rid="ref41" ref-type="bibr">41</xref>,<xref rid="ref42" ref-type="bibr">42</xref></sup> Furthermore, standardised assessment of the young persons' needs when approaching the transition boundary should become routine, although it is rarely done nowadays.<sup><xref rid="ref13" ref-type="bibr">13</xref></sup></p></sec><sec sec-type="conclusions" id="sec4"><title>Conclusion</title><p>The transition from CAMHS to AMHS is an important process for young people with mental health problems. Literature shows that continuation of care is a complex process, with important players at policy and organisational levels, service level and at the level of individuals: patients, their families and healthcare providers. At the moment, specific programmes for young people are being developed. However, research such as the MILESTONE project is needed to support these interventions in an evidence-based manner.</p></sec></body><back><ack><title>Acknowledgements</title><p>We would like to thank Marc Hermans, past president of the European Union of Medical Specialists (UEMS) board of psychiatry, for inviting us to join the UEMS working group regarding transition. We are also very grateful for the whole UEMS working group on transition for their interest and plans to make transition part of the training of psychiatrists throughout Europe. Furthermore, we would like to thank all members of the MILESTONE consortium.</p></ack><notes id="nts1" notes-type="other"><title>Funding</title><p>The MILESTONE project has received funding from the European Union's Seventh Framework Programme for research, technological development and demonstration under grant agreement no. 602442. This paper reflects only the authors' views and the European Union is not liable for any use that may be made of the information contained therein. The funding body has had no role in the study design, in the writing of the protocol or in the decision to submit the paper for publication.</p><p>S.P.S. is part-funded by the National Institute for Health Research (NIHR) Collaboration for Leadership in Applied Health Research and Care WM (CLAHRC-WM). The views expressed are those of the authors and not necessarily those of the CLAHRC-WM collaborative organisations, the NIHR or the Department of Health.</p></notes><notes id="nts2" notes-type="other"><title>About the authors</title><p><bold>Gaelle Hendrickx</bold> is a PhD student at Department of Neurosciences, Centre for Clinical Psychiatry, KU Leuven, Belgium, and a research associate with the MILESTONE consortium. <bold>Veronique De Roeck</bold> is a is a researcher at the Department of Neurosciences, KU Leuven, Belgium, and a research associate with the MILESTONE consortium. <bold>Athanasios Maras</bold> is Director of Yulius Academy, Yulius Mental Health Organization, The Netherlands, and a principal investigator with the MILESTONE consortium. <bold>Gwen Dieleman</bold> is a child and adolescent psychiatrist and clinical research coordinator at Department of Child and Adolescent Psychiatry and Psychology, Erasmus Medical Center, The Netherlands, and a principal investigator with the MILESTONE consortium. <bold>Suzanne Gerritsen</bold> is a PhD student at the Department of Child and Adolescent Psychiatry and Psychology, Erasmus Medical Center, The Netherlands, and a research associate with the MILESTONE consortium. <bold>Diane Purper-Ouakil</bold> is a psychiatrist at the Child and Adolescent Psychiatry Unit of the University Hospital of Montpellier, France, and a principal investigator with the MILESTONE consortium. <bold>Frederick Russet</bold> is a psychologist at the Child and Adolescent Psychiatry Unit of the University Hospital of Montpellier, France, and research associate with the MILESTONE consortium. <bold>Renate Schepker</bold> is a psychiatrist at the Centre for Psychiatry South-Wuerttemberg, Germany, and a principal investigator with the MILESTONE consortium. <bold>Giulia Signorini</bold> is a researcher at the Psychiatric Epidemiology and Evaluation Unit of Saint John of God Clinical Research Center, Italy, and research associate with the MILESTONE consortium. <bold>Swaran Preet Singh</bold> is Head of Mental Health and Wellbeing at Warwick Medical School, University of Warwick, UK, and Chief Investigator with the MILESTONE consortium. <bold>Cathy Street</bold> is the Patient and Public Involvement Lead at Warwick Medical School, University of Warwick, UK, and at the MILESTONE consortium. <bold>Helena Tuomainen</bold> is a senior research fellow at Warwick Medical School, University of Warwick, UK, and Scientific Research Manager with the MILESTONE consortium. <bold>Sabine Tremmery</bold> is a professor at the Department of Neurosciences, KU Leuven, Belgium, and a principal investigator with the MILESTONE consortium.</p></notes><ref-list id="reflist1"><title>References</title><ref id="ref1"><label>1</label><mixed-citation publication-type="journal" id="cite1"><string-name><surname>Singh</surname>
<given-names>SP</given-names></string-name>, <string-name><surname>Paul</surname>
<given-names>M</given-names></string-name>, <string-name><surname>Ford</surname>
<given-names>T</given-names></string-name>, <string-name><surname>Kramer</surname>
<given-names>T</given-names></string-name>, <string-name><surname>Weaver</surname>
<given-names>T</given-names></string-name>. <article-title>Transitions of care from child and adolescent mental health services to adult mental health services (TRACK study): a study of protocols in Greater London</article-title>. <source>BMC Health Serv Res</source>
<year>2008</year>; <volume>8</volume>: 135.</mixed-citation></ref><ref id="ref2"><label>2</label><mixed-citation publication-type="journal" id="cite2"><string-name><surname>Blum</surname>
<given-names>RW</given-names></string-name>, <string-name><surname>Garell</surname>
<given-names>D</given-names></string-name>, <string-name><surname>Hodgman</surname>
<given-names>CH</given-names></string-name>, <string-name><surname>Jorissen</surname>
<given-names>TW</given-names></string-name>, <string-name><surname>Okinow</surname>
<given-names>NA</given-names></string-name>, <string-name><surname>Orr</surname>
<given-names>DP</given-names></string-name>, <etal/>
<article-title>Transition from child-centered to adult health-care systems for adolescents with chronic conditions: a position paper of the Society for Adolescent Medicine</article-title>. <source>J Adolesc Health</source>
<year>1993</year>; <volume>14</volume>(<issue>7</issue>): <fpage>570</fpage>&#x02013;6.<pub-id pub-id-type="pmid">8312295</pub-id></mixed-citation></ref><ref id="ref3"><label>3</label><mixed-citation publication-type="journal" id="cite3"><string-name><surname>Arnett</surname>
<given-names>JJ</given-names></string-name>. <article-title>Emerging adulthood. A theory of development from the late teens through the twenties</article-title>. <source>Am Psychol</source>
<year>2000</year>; <volume>55</volume>(<issue>5</issue>): <fpage>469</fpage>&#x02013;80.<pub-id pub-id-type="pmid">10842426</pub-id></mixed-citation></ref><ref id="ref4"><label>4</label><mixed-citation publication-type="journal" id="cite4"><string-name><surname>Singh</surname>
<given-names>SP</given-names></string-name>, <string-name><surname>Paul</surname>
<given-names>M</given-names></string-name>, <string-name><surname>Ford</surname>
<given-names>T</given-names></string-name>, <string-name><surname>Kramer</surname>
<given-names>T</given-names></string-name>, <string-name><surname>Weaver</surname>
<given-names>T</given-names></string-name>, <string-name><surname>McLaren</surname>
<given-names>S</given-names></string-name>, <etal/>
<article-title>Process, outcome and experience of transition from child to adult mental healthcare: multiperspective study</article-title>. <source>Br J Psychiatry</source>
<year>2010</year>; <volume>197</volume>(<issue>4</issue>): <fpage>305</fpage>&#x02013;12.<pub-id pub-id-type="pmid">20884954</pub-id></mixed-citation></ref><ref id="ref5"><label>5</label><mixed-citation publication-type="journal" id="cite5"><string-name><surname>Reef</surname>
<given-names>J</given-names></string-name>, <string-name><surname>Diamantopoulou</surname>
<given-names>S</given-names></string-name>, <string-name><surname>Meurs</surname>
<given-names>I</given-names></string-name>, <string-name><surname>Verhulst</surname>
<given-names>F</given-names></string-name>, <string-name><surname>Ende</surname>
<given-names>J</given-names></string-name>. <article-title>Predicting adult emotional and behavioral problems from externalizing problem trajectories in a 24-year longitudinal study</article-title>. <source>Eur Child Adolesc Psychiatry</source>
<year>2010</year>; <volume>19</volume>(<issue>7</issue>): <fpage>577</fpage>&#x02013;85.<pub-id pub-id-type="pmid">20140633</pub-id></mixed-citation></ref><ref id="ref6"><label>6</label><mixed-citation publication-type="journal" id="cite6"><string-name><surname>Kessler</surname>
<given-names>CR</given-names></string-name>, <string-name><surname>Amminger</surname>
<given-names>PG</given-names></string-name>, <string-name><surname>Aguilar-Gaxiola</surname>
<given-names>BS</given-names></string-name>, <string-name><surname>Alonso</surname>
<given-names>BJ</given-names></string-name>, <string-name><surname>Lee</surname>
<given-names>BS</given-names></string-name>, <string-name><surname>&#x000dc;st&#x000fc;n</surname>
<given-names>BT</given-names></string-name>. <article-title>Age of onset of mental disorders: a review of recent literature</article-title>. <source>Curr Opin Psychiatry</source>
<year>2007</year>; <volume>20</volume>(<issue>4</issue>): <fpage>359</fpage>&#x02013;64.<pub-id pub-id-type="pmid">17551351</pub-id></mixed-citation></ref><ref id="ref7"><label>7</label><mixed-citation publication-type="book" id="cite7"><string-name><surname>de Girolamo</surname>
<given-names>G</given-names></string-name>, <string-name><surname>McGorry</surname>
<given-names>PD</given-names></string-name>, <string-name><surname>Sartorius</surname>
<given-names>N</given-names></string-name>. <source>Age of Onset of Mental Disorders: Etiopathogenetic and Treatment Implications</source>. <publisher-name>Springer</publisher-name>, <year>2018</year>.</mixed-citation></ref><ref id="ref8"><label>8</label><mixed-citation publication-type="journal" id="cite8"><string-name><surname>Kessler</surname>
<given-names>RC</given-names></string-name>, <string-name><surname>Chiu</surname>
<given-names>WT</given-names></string-name>, <string-name><surname>Demler</surname>
<given-names>O</given-names></string-name>, <string-name><surname>Walters</surname>
<given-names>EE</given-names></string-name>. <article-title>Prevalence, severity, and comorbidity of 12-month DSM-IV disorders in the National Comorbidity Survey Replication</article-title>. <source>Arch Gen Psychiatry</source>
<year>2005</year>; <volume>62</volume>(<issue>6</issue>): <fpage>617</fpage>.<pub-id pub-id-type="pmid">15939839</pub-id></mixed-citation></ref><ref id="ref9"><label>9</label><mixed-citation publication-type="book" id="cite9"><string-name><surname>Vanclooster</surname>
<given-names>C</given-names></string-name>, <string-name><surname>Vanderhaegen</surname>
<given-names>J</given-names></string-name>, <string-name><surname>Bruffaerts</surname>
<given-names>R</given-names></string-name>, <string-name><surname>Hermans</surname>
<given-names>K</given-names></string-name>, <string-name><surname>Van Audenhove</surname>
<given-names>C</given-names></string-name>. <source>Inschatting van de behoefte aan geestelijke gezondheidszorg</source>. <publisher-name>Steunpunt Welzijn, Volksgezondheid en Gezin</publisher-name>, <year>2013</year>.</mixed-citation></ref><ref id="ref10"><label>10</label><mixed-citation publication-type="journal" id="cite10"><string-name><surname>Wang</surname>
<given-names>PS</given-names></string-name>, <string-name><surname>Lane</surname>
<given-names>M</given-names></string-name>, <string-name><surname>Olfson</surname>
<given-names>M</given-names></string-name>, <string-name><surname>Pincus</surname>
<given-names>H</given-names></string-name>, <string-name><surname>Wells</surname>
<given-names>K</given-names></string-name>, <string-name><surname>Kessler</surname>
<given-names>RC</given-names></string-name>. <article-title>Twelve-month use of Mental Health Services in the United States - results from the National Comorbidity Survey Replication</article-title>. <source>Arch Gen Psychiatry</source>
<year>2005</year>; <volume>62</volume>(<issue>6</issue>): <fpage>629</fpage>&#x02013;40.<pub-id pub-id-type="pmid">15939840</pub-id></mixed-citation></ref><ref id="ref11"><label>11</label><mixed-citation publication-type="journal" id="cite11"><string-name><surname>Copeland</surname>
<given-names>WE</given-names></string-name>, <string-name><surname>Shanahan</surname>
<given-names>L</given-names></string-name>, <string-name><surname>Davis</surname>
<given-names>M</given-names></string-name>, <string-name><surname>Burns</surname>
<given-names>BJ</given-names></string-name>, <string-name><surname>Angold</surname>
<given-names>A</given-names></string-name>, <string-name><surname>Costello</surname>
<given-names>EJ</given-names></string-name>. <article-title>Increase in untreated cases of psychiatric disorders during the transition to adulthood</article-title>. <source>Psychiatr Serv</source>
<year>2015</year>; <volume>66</volume>(<issue>4</issue>): <fpage>397</fpage>&#x02013;<lpage>403</lpage>.<pub-id pub-id-type="pmid">25554854</pub-id></mixed-citation></ref><ref id="ref12"><label>12</label><mixed-citation publication-type="journal" id="cite12"><string-name><surname>Singh</surname>
<given-names>SP</given-names></string-name>. <article-title>Transition of care from child to adult mental health services: the great divide</article-title>. <source>Curr Opin Psychiatry</source>
<year>2009</year>; <volume>22</volume>(<issue>4</issue>): <fpage>386</fpage>&#x02013;90.<pub-id pub-id-type="pmid">19417667</pub-id></mixed-citation></ref><ref id="ref13"><label>13</label><mixed-citation publication-type="journal" id="cite13"><string-name><surname>Signorini</surname>
<given-names>G</given-names></string-name>, <string-name><surname>Singh</surname>
<given-names>SP</given-names></string-name>, <string-name><surname>Marsanic</surname>
<given-names>VB</given-names></string-name>, <string-name><surname>Dieleman</surname>
<given-names>G</given-names></string-name>, <string-name><surname>Dodig-Curkovic</surname>
<given-names>K</given-names></string-name>, <string-name><surname>Franic</surname>
<given-names>T</given-names></string-name>, <etal/>
<article-title>The interface between child/adolescent and adult mental health services: results from a European 28-country survey</article-title>. <source>Eur Child Adolesc Psychiatry</source>
<year>2018</year>; <volume>27</volume>(<issue>4</issue>): <fpage>501</fpage>&#x02013;11.<pub-id pub-id-type="pmid">29368253</pub-id></mixed-citation></ref><ref id="ref14"><label>14</label><mixed-citation publication-type="book" id="cite14"><string-name><surname>Singleton</surname>
<given-names>N</given-names></string-name>, <string-name><surname>Lewis</surname>
<given-names>G</given-names></string-name>. <source>Better or Worse: A Longitudinal Study of the Mental Health of Adults Living in Private Households in Great Britain: Report Based on Surveys Carried out by the Office for National Statistics in 2000 and 2001 for the Department of Health and the Scottish Executive Health Department</source>. <publisher-name>The Stationery Office</publisher-name>, <year>2003</year>.</mixed-citation></ref><ref id="ref15"><label>15</label><mixed-citation publication-type="book" id="cite15"><string-name><surname>Suhrcke</surname>
<given-names>M</given-names></string-name>, <string-name><surname>Pillas</surname>
<given-names>D</given-names></string-name>, <string-name><surname>Selai</surname>
<given-names>C</given-names></string-name>. <source>Economic Aspects of Mental Health in Children and Adolescents</source>. <publisher-name>World Health Organization Regional Office for Europe</publisher-name>, <year>2008</year>.</mixed-citation></ref><ref id="ref16"><label>16</label><mixed-citation publication-type="journal" id="cite16"><string-name><surname>Paul</surname>
<given-names>M</given-names></string-name>, <string-name><surname>Street</surname>
<given-names>C</given-names></string-name>, <string-name><surname>Wheeler</surname>
<given-names>N</given-names></string-name>, <string-name><surname>Singh</surname>
<given-names>SP</given-names></string-name>. <article-title>Transition to adult services for young people with mental health needs: a systematic review</article-title>. <source>Clin Child Psychol Psychiatry</source>
<year>2015</year>; <volume>20</volume>(<issue>3</issue>): <fpage>436</fpage>&#x02013;57.<pub-id pub-id-type="pmid">24711585</pub-id></mixed-citation></ref><ref id="ref17"><label>17</label><mixed-citation publication-type="book" id="cite17"><string-name><surname>Coppens</surname>
<given-names>E</given-names></string-name>, <string-name><surname>Vermet</surname>
<given-names>I</given-names></string-name>, <string-name><surname>Knaeps</surname>
<given-names>J</given-names></string-name>, <string-name><surname>De Clerck</surname>
<given-names>M</given-names></string-name>, <string-name><surname>De Schrijver</surname>
<given-names>I</given-names></string-name>, <string-name><surname>Matot</surname>
<given-names>JP</given-names></string-name>, <etal/>
<source>ADOCARE &#x02013; A Preparatory Action Related to the Creation of an EU Network of Experts in the Field of Adapted Care for Adolescents with Mental Health Problems</source>. <publisher-name>European Commission</publisher-name>, <year>2015</year>.</mixed-citation></ref><ref id="ref18"><label>18</label><mixed-citation publication-type="journal" id="cite18"><string-name><surname>Lamb</surname>
<given-names>C</given-names></string-name>, <string-name><surname>Murphy</surname>
<given-names>M</given-names></string-name>. <article-title>The divide between child and adult mental health services: points for debate</article-title>. <source>Br J Psychiatry</source>
<year>2013</year>; <volume>202</volume>(<issue>54</issue>): <fpage>s41</fpage>&#x02013;4.</mixed-citation></ref><ref id="ref19"><label>19</label><mixed-citation publication-type="journal" id="cite19"><string-name><surname>McLaren</surname>
<given-names>S</given-names></string-name>, <string-name><surname>Belling</surname>
<given-names>R</given-names></string-name>, <string-name><surname>Paul</surname>
<given-names>M</given-names></string-name>, <string-name><surname>Ford</surname>
<given-names>T</given-names></string-name>, <string-name><surname>Kramer</surname>
<given-names>T</given-names></string-name>, <string-name><surname>Weaver</surname>
<given-names>T</given-names></string-name>, <etal/>
<article-title>Talking a different language&#x02019;: an exploration of the influence of organizational cultures and working practices on transition from child to adult mental health services</article-title>. <source>BMC Health Serv Res</source>
<year>2013</year>; <volume>13</volume>: 254.</mixed-citation></ref><ref id="ref20"><label>20</label><mixed-citation publication-type="journal" id="cite20"><string-name><surname>Paul</surname>
<given-names>M</given-names></string-name>, <string-name><surname>Ford</surname>
<given-names>T</given-names></string-name>, <string-name><surname>Kramer</surname>
<given-names>T</given-names></string-name>, <string-name><surname>Islam</surname>
<given-names>Z</given-names></string-name>, <string-name><surname>Harley</surname>
<given-names>K</given-names></string-name>, <string-name><surname>Singh</surname>
<given-names>SP</given-names></string-name>. <article-title>Transfers and transitions between child and adult mental health services</article-title>. <source>Br J Psychiatry</source>
<year>2013</year>; <volume>202</volume>(<issue>s54</issue>): <fpage>s36</fpage>&#x02013;<lpage>40</lpage>.</mixed-citation></ref><ref id="ref21"><label>21</label><mixed-citation publication-type="journal" id="cite21"><string-name><surname>Vandenbroeck</surname>
<given-names>P</given-names></string-name>, <string-name><surname>Dechenne</surname>
<given-names>R</given-names></string-name>, <string-name><surname>Becher</surname>
<given-names>K</given-names></string-name>, <string-name><surname>Eyssen</surname>
<given-names>M</given-names></string-name>, <string-name><surname>Van Den Heede</surname>
<given-names>K</given-names></string-name>. <article-title>Recommendations for the organization of mental health services for children and adolescents in Belgium: use of the soft systems methodology</article-title>. <source>Health Policy</source>
<year>2014</year>; <volume>114</volume>(<issue>2&#x02013;3</issue>): <fpage>263</fpage>&#x02013;8.<pub-id pub-id-type="pmid">23932415</pub-id></mixed-citation></ref><ref id="ref22"><label>22</label><mixed-citation publication-type="journal" id="cite22"><string-name><surname>Street</surname>
<given-names>C</given-names></string-name>, <string-name><surname>Walker</surname>
<given-names>L</given-names></string-name>, <string-name><surname>Tuffrey</surname>
<given-names>A</given-names></string-name>, <string-name><surname>Wilson</surname>
<given-names>A</given-names></string-name>. <article-title>Transition between different UK mental health services: young people's experiences on what makes a difference</article-title>. <source>J Clin Psychiatry Cognitive Psychol</source>
<year>2018</year>; <volume>2</volume>: <fpage>1</fpage>&#x02013;<lpage>5</lpage>.</mixed-citation></ref><ref id="ref23"><label>23</label><mixed-citation publication-type="journal" id="cite23"><string-name><surname>Hendrickx</surname>
<given-names>G</given-names></string-name>, <string-name><surname>De Roeck</surname>
<given-names>V</given-names></string-name>, <string-name><surname>Russet</surname>
<given-names>F</given-names></string-name>, <string-name><surname>Dieleman</surname>
<given-names>G</given-names></string-name>, <string-name><surname>Franic</surname>
<given-names>T</given-names></string-name>, <string-name><surname>Maras</surname>
<given-names>A</given-names></string-name>, <etal/>
<article-title>Transition as a topic in psychiatry training throughout Europe: trainees&#x02019; perspectives</article-title>. <source>Eur Child Adolesc Psychiatry</source>
<year>2019</year>; <volume>9</volume>: <fpage>1</fpage>&#x02013;<lpage>9</lpage>.</mixed-citation></ref><ref id="ref24"><label>24</label><mixed-citation publication-type="journal" id="cite24"><string-name><surname>Russet</surname>
<given-names>F</given-names></string-name>, <string-name><surname>Humbertclaude</surname>
<given-names>V</given-names></string-name>, <string-name><surname>Dieleman</surname>
<given-names>G</given-names></string-name>, <string-name><surname>Dodig-Curkovic</surname>
<given-names>K</given-names></string-name>, <string-name><surname>Hendrickx</surname>
<given-names>G</given-names></string-name>, <string-name><surname>Kovac</surname>
<given-names>V</given-names></string-name>, <etal/>
<article-title>Training of adult psychiatrists and child and adolescent psychiatrists in Europe: a systematic review of training characteristics and transition from child/adolescent to adult mental health services</article-title>. <source>BMC Med Educ</source> 2019; <volume>19</volume>: <fpage>204</fpage>.<pub-id pub-id-type="pmid">31196080</pub-id></mixed-citation></ref><ref id="ref25"><label>25</label><mixed-citation publication-type="journal" id="cite25"><string-name><surname>Reale</surname>
<given-names>L</given-names></string-name>, <string-name><surname>Bonati</surname>
<given-names>M</given-names></string-name>. <article-title>Mental disorders and transition to adult mental health services: a scoping review</article-title>. <source>Eur Psychiatry</source>
<year>2015</year>; <volume>30</volume>(<issue>8</issue>): <fpage>932</fpage>&#x02013;42.<pub-id pub-id-type="pmid">26647869</pub-id></mixed-citation></ref><ref id="ref26"><label>26</label><mixed-citation publication-type="journal" id="cite26"><string-name><surname>McNicholas</surname>
<given-names>F</given-names></string-name>, <string-name><surname>Adamson</surname>
<given-names>M</given-names></string-name>, <string-name><surname>McNamara</surname>
<given-names>N</given-names></string-name>, <string-name><surname>Gavin</surname>
<given-names>B</given-names></string-name>, <string-name><surname>Paul</surname>
<given-names>M</given-names></string-name>, <string-name><surname>Ford</surname>
<given-names>T</given-names></string-name>, <etal/>
<article-title>Who is in the transition gap? Transition from CAMHS to AMHS in the Republic of Ireland</article-title>. <source>Ir J Psychol Med</source>
<year>2015</year>; <volume>32</volume>(<issue>1</issue>): <fpage>61</fpage>&#x02013;9.<pub-id pub-id-type="pmid">30185283</pub-id></mixed-citation></ref><ref id="ref27"><label>27</label><mixed-citation publication-type="journal" id="cite27"><string-name><surname>Perera</surname>
<given-names>RH</given-names></string-name>, <string-name><surname>Rogers</surname>
<given-names>SL</given-names></string-name>, <string-name><surname>Edwards</surname>
<given-names>S</given-names></string-name>, <string-name><surname>Hudman</surname>
<given-names>P</given-names></string-name>, <string-name><surname>Malone</surname>
<given-names>C</given-names></string-name>. <article-title>Determinants of transition from child and adolescent to adult mental health services: a Western Australian pilot study</article-title>. <source>Aust Psychol</source>
<year>2017</year>; <volume>52</volume>(<issue>3</issue>): <fpage>184</fpage>&#x02013;90.</mixed-citation></ref><ref id="ref28"><label>28</label><mixed-citation publication-type="journal" id="cite28"><string-name><surname>Leavey</surname>
<given-names>G</given-names></string-name>, <string-name><surname>McGrellis</surname>
<given-names>S</given-names></string-name>, <string-name><surname>Forbes</surname>
<given-names>T</given-names></string-name>, <string-name><surname>Thampi</surname>
<given-names>A</given-names></string-name>, <string-name><surname>Davidson</surname>
<given-names>G</given-names></string-name>, <string-name><surname>Rosato</surname>
<given-names>M</given-names></string-name>, <etal/>
<article-title>Improving mental health pathways and care for adolescents in transition to adult services (IMPACT): a retrospective case note review of social and clinical determinants of transition</article-title>. <source>Soc Psychiatry Psychiatr Epidemiol</source>
<year>2019</year>; <volume>54</volume>: <fpage>955</fpage>&#x02013;63.<pub-id pub-id-type="pmid">30843086</pub-id></mixed-citation></ref><ref id="ref29"><label>29</label><mixed-citation publication-type="journal" id="cite29"><string-name><surname>Breland</surname>
<given-names>DJ</given-names></string-name>, <string-name><surname>McCarty</surname>
<given-names>CA</given-names></string-name>, <string-name><surname>Zhou</surname>
<given-names>C</given-names></string-name>, <string-name><surname>McCauley</surname>
<given-names>E</given-names></string-name>, <string-name><surname>Rockhill</surname>
<given-names>C</given-names></string-name>, <string-name><surname>Katon</surname>
<given-names>W</given-names></string-name>, <etal/>
<article-title>Determinants of mental health service use among depressed adolescents</article-title>. <source>Gen Hosp Psychiatry</source>
<year>2014</year>; <volume>36</volume>(<issue>3</issue>): <fpage>296</fpage>&#x02013;<lpage>301</lpage>.<pub-id pub-id-type="pmid">24417955</pub-id></mixed-citation></ref><ref id="ref30"><label>30</label><mixed-citation publication-type="book" id="cite30"><string-name><surname>Davis</surname>
<given-names>M</given-names></string-name>, <string-name><surname>Butler</surname>
<given-names>M</given-names></string-name>. <source>Service System Supports during the Transition from Adolescence to Adulthood: Parent Perspectives</source>. <publisher-name>Implementation Science and Practice Advances Research Center Publications</publisher-name>, <year>2002</year> (<uri xlink:href="https://escholarship.umassmed.edu/psych_cmhsr/435/">https://escholarship.umassmed.edu/psych_cmhsr/435/</uri>).</mixed-citation></ref><ref id="ref31"><label>31</label><mixed-citation publication-type="journal" id="cite31"><string-name><surname>McNamara</surname>
<given-names>N</given-names></string-name>, <string-name><surname>Coyne</surname>
<given-names>I</given-names></string-name>, <string-name><surname>Ford</surname>
<given-names>T</given-names></string-name>, <string-name><surname>Paul</surname>
<given-names>M</given-names></string-name>, <string-name><surname>Singh</surname>
<given-names>SP</given-names></string-name>, <string-name><surname>McNicholas</surname>
<given-names>F</given-names></string-name>. <article-title>Exploring social identity change during mental healthcare transition</article-title>. <source>Eur J Soc Psychol</source>
<year>2017</year>; <volume>47</volume>: <fpage>889</fpage>&#x02013;<lpage>903</lpage>.</mixed-citation></ref><ref id="ref32"><label>32</label><mixed-citation publication-type="journal" id="cite32"><string-name><surname>Gulliver</surname>
<given-names>A</given-names></string-name>, <string-name><surname>Griffiths</surname>
<given-names>KM</given-names></string-name>, <string-name><surname>Christensen</surname>
<given-names>H</given-names></string-name>. <article-title>Perceived barriers and facilitators to mental health help-seeking in young people: a systematic review</article-title>. <source>BMC Psychiatry</source>
<year>2010</year>; <volume>10</volume>: 113.</mixed-citation></ref><ref id="ref33"><label>33</label><mixed-citation publication-type="journal" id="cite33"><string-name><surname>Hiles</surname>
<given-names>D</given-names></string-name>, <string-name><surname>Moss</surname>
<given-names>D</given-names></string-name>, <string-name><surname>Wright</surname>
<given-names>J</given-names></string-name>, <string-name><surname>Dallos</surname>
<given-names>R</given-names></string-name>. <article-title>Young people's experience of social support during the process of leaving care: a review of the literature</article-title>. <source>Child Youth Serv Rev</source>
<year>2013</year>; <volume>35</volume>(<issue>12</issue>): <fpage>2059</fpage>&#x02013;71.</mixed-citation></ref><ref id="ref34"><label>34</label><mixed-citation publication-type="journal" id="cite34"><string-name><surname>Singh</surname>
<given-names>SP</given-names></string-name>, <string-name><surname>Evans</surname>
<given-names>N</given-names></string-name>, <string-name><surname>Sireling</surname>
<given-names>L</given-names></string-name>, <string-name><surname>Stuart</surname>
<given-names>H</given-names></string-name>. <article-title>Mind the gap: the interface between child and adult mental health services</article-title>. <source>Psychiatr Bull</source>
<year>2005</year>; <volume>29</volume>: <fpage>292</fpage>&#x02013;4.</mixed-citation></ref><ref id="ref35"><label>35</label><mixed-citation publication-type="journal" id="cite35"><string-name><surname>Rodriguez-Meirinhos</surname>
<given-names>A</given-names></string-name>, <string-name><surname>Antolin-Suarez</surname>
<given-names>L</given-names></string-name>, <string-name><surname>Oliva</surname>
<given-names>A</given-names></string-name>. <article-title>Support needs of families of adolescents with mental illness: a systematic mixed studies review</article-title>. <source>Arch Psychiatr Nurs</source>
<year>2018</year>; <volume>32</volume>(<issue>1</issue>): <fpage>152</fpage>&#x02013;63.<pub-id pub-id-type="pmid">29413065</pub-id></mixed-citation></ref><ref id="ref36"><label>36</label><mixed-citation publication-type="journal" id="cite36"><string-name><surname>Jivanjee</surname>
<given-names>P</given-names></string-name>, <string-name><surname>Kruzich</surname>
<given-names>JM</given-names></string-name>, <string-name><surname>Gordon</surname>
<given-names>LJ</given-names></string-name>. <article-title>The age of uncertainty: parent perspectives on the transitions of young people with mental health difficulties to adulthood</article-title>. <source>J Child Fam Stud</source>
<year>2009</year>; <volume>18</volume>(<issue>4</issue>): <fpage>435</fpage>&#x02013;46.</mixed-citation></ref><ref id="ref37"><label>37</label><mixed-citation publication-type="journal" id="cite37"><string-name><surname>Coyne</surname>
<given-names>I</given-names></string-name>, <string-name><surname>McNamara</surname>
<given-names>N</given-names></string-name>, <string-name><surname>Healy</surname>
<given-names>M</given-names></string-name>, <string-name><surname>Gower</surname>
<given-names>C</given-names></string-name>, <string-name><surname>Sarkar</surname>
<given-names>M</given-names></string-name>, <string-name><surname>McNicholas</surname>
<given-names>F</given-names></string-name>. <article-title>Adolescents&#x02019; and parents&#x02019; views of Child and Adolescent Mental Health Services (CAMHS) in Ireland</article-title>. <source>J Psychiatr Ment Health Nurs</source>
<year>2015</year>; <volume>22</volume>(<issue>8</issue>): <fpage>561</fpage>&#x02013;9.<pub-id pub-id-type="pmid">25977175</pub-id></mixed-citation></ref><ref id="ref38"><label>38</label><mixed-citation publication-type="journal" id="cite38"><string-name><surname>Stapley</surname>
<given-names>E</given-names></string-name>, <string-name><surname>Midgley</surname>
<given-names>N</given-names></string-name>, <string-name><surname>Target</surname>
<given-names>M</given-names></string-name>. <article-title>The experience of being the parent of an adolescent with a diagnosis of depression</article-title>. <source>J Child Fam Stud</source>
<year>2016</year>; <volume>25</volume>(<issue>2</issue>): <fpage>618</fpage>&#x02013;30.</mixed-citation></ref><ref id="ref39"><label>39</label><mixed-citation publication-type="journal" id="cite39"><string-name><surname>McDonagh</surname>
<given-names>JE</given-names></string-name>. <article-title>Transition of care: how should we do it?</article-title>
<source>Paediatr Child Health</source>
<year>2007</year>; <volume>17</volume>(<issue>12</issue>): <fpage>480</fpage>&#x02013;4.</mixed-citation></ref><ref id="ref40"><label>40</label><mixed-citation publication-type="journal" id="cite40"><string-name><surname>Suris</surname>
<given-names>JC</given-names></string-name>, <string-name><surname>Rutishauser</surname>
<given-names>C</given-names></string-name>, <string-name><surname>Akre</surname>
<given-names>C</given-names></string-name>. <article-title>Does talking about it make a difference? Opinions of chronically ill young adults after being transferred to adult care</article-title>. <source>Arch Pediatr</source>
<year>2015</year>; <volume>22</volume>(<issue>3</issue>): <fpage>267</fpage>.<pub-id pub-id-type="pmid">25649648</pub-id></mixed-citation></ref><ref id="ref41"><label>41</label><mixed-citation publication-type="book" id="cite41"><collab>National Institute for Health and Care Excellence (NICE)</collab>. <source>Transition from Children's to Adults&#x02019; Services for Young People Using Health or Social Care Services</source>, Guideline 43. <publisher-name>NICE</publisher-name>, <year>2016</year> (<uri xlink:href="https://www.nice.org.uk/guidance/ng43">https://www.nice.org.uk/guidance/ng43</uri>).</mixed-citation></ref><ref id="ref42"><label>42</label><mixed-citation publication-type="journal" id="cite42"><string-name><surname>Cleverley</surname>
<given-names>K</given-names></string-name>, <string-name><surname>Rowland</surname>
<given-names>E</given-names></string-name>, <string-name><surname>Bennett</surname>
<given-names>K</given-names></string-name>, <string-name><surname>Jeffs</surname>
<given-names>L</given-names></string-name>, <string-name><surname>Gore</surname>
<given-names>D</given-names></string-name>. <article-title>Identifying core components and indicators of successful transitions from child to adult mental health services: a scoping review</article-title>. <source>Eur Child Adolesc Psychiatry</source>
<year>2018</year>, in press. doi:<pub-id pub-id-type="doi">10.1007/s00787-018-1213-1</pub-id></mixed-citation></ref><ref id="ref43"><label>43</label><mixed-citation publication-type="journal" id="cite43"><string-name><surname>Singh</surname>
<given-names>SP</given-names></string-name>, <string-name><surname>Tuomainen</surname>
<given-names>H</given-names></string-name>, <string-name><surname>de Girolamo</surname>
<given-names>G</given-names></string-name>, <string-name><surname>Maras</surname>
<given-names>A</given-names></string-name>, <string-name><surname>Santosh</surname>
<given-names>P</given-names></string-name>, <string-name><surname>McNicholas</surname>
<given-names>F</given-names></string-name>, <etal/>
<article-title>Protocol for a cohort study of adolescent mental health service users with a nested cluster randomised controlled trial to assess the clinical and cost-effectiveness of managed transition in improving transitions from child to adult mental health services (the MILESTONE study)</article-title>. <source>BMJ Open</source>
<year>2017</year>; <volume>7</volume>(<issue>10</issue>): <fpage>e016055</fpage>.</mixed-citation></ref><ref id="ref44"><label>44</label><mixed-citation publication-type="journal" id="cite44"><string-name><surname>Tuomainen</surname>
<given-names>H</given-names></string-name>, <string-name><surname>Schulze</surname>
<given-names>U</given-names></string-name>, <string-name><surname>Warwick</surname>
<given-names>J</given-names></string-name>, <string-name><surname>Paul</surname>
<given-names>M</given-names></string-name>, <string-name><surname>Dieleman</surname>
<given-names>G</given-names></string-name>, <string-name><surname>Franic</surname>
<given-names>T</given-names></string-name>, <etal/>
<article-title>Managing the link and strengthening transition from child to adult mental health care in Europe (MILESTONE): background, rationale and methodology</article-title>. <source>BMC Psychiatry</source>
<year>2018</year>; <volume>18</volume>: <fpage>167</fpage>.<pub-id pub-id-type="pmid">29866202</pub-id></mixed-citation></ref><ref id="ref45"><label>45</label><mixed-citation publication-type="journal" id="cite45"><string-name><surname>Aebi</surname>
<given-names>M</given-names></string-name>, <string-name><surname>Kuhn</surname>
<given-names>C</given-names></string-name>, <string-name><surname>Metzke</surname>
<given-names>C</given-names></string-name>, <string-name><surname>Stringaris</surname>
<given-names>A</given-names></string-name>, <string-name><surname>Goodman</surname>
<given-names>R</given-names></string-name>, <string-name><surname>Steinhausen</surname>
<given-names>H-C</given-names></string-name>. <article-title>The use of the development and well-being assessment (DAWBA) in clinical practice: a randomized trial</article-title>. <source>Eur Child Adolesc Psychiatry</source>
<year>2012</year>; <volume>21</volume>(<issue>10</issue>): <fpage>559</fpage>&#x02013;67.<pub-id pub-id-type="pmid">22722664</pub-id></mixed-citation></ref><ref id="ref46"><label>46</label><mixed-citation publication-type="journal" id="cite46"><string-name><surname>McNamara</surname>
<given-names>N</given-names></string-name>, <string-name><surname>McNicholas</surname>
<given-names>F</given-names></string-name>, <string-name><surname>Ford</surname>
<given-names>T</given-names></string-name>, <string-name><surname>Paul</surname>
<given-names>M</given-names></string-name>, <string-name><surname>Gavin</surname>
<given-names>B</given-names></string-name>, <string-name><surname>Coyne</surname>
<given-names>I</given-names></string-name>, <etal/>
<article-title>Transition from child and adolescent to adult mental health services in the Republic of Ireland: an investigation of process and operational practice</article-title>. <source>Early Interv Psychiatry</source>
<year>2014</year>; <volume>8</volume>(<issue>3</issue>): <fpage>291</fpage>&#x02013;7.<pub-id pub-id-type="pmid">23826636</pub-id></mixed-citation></ref><ref id="ref47"><label>47</label><mixed-citation publication-type="journal" id="cite47"><string-name><surname>Embrett</surname>
<given-names>M</given-names></string-name>, <string-name><surname>Randall</surname>
<given-names>G</given-names></string-name>, <string-name><surname>Longo</surname>
<given-names>C</given-names></string-name>, <string-name><surname>Nguyen</surname>
<given-names>T</given-names></string-name>, <string-name><surname>Mulvale</surname>
<given-names>G</given-names></string-name>. <article-title>Effectiveness of health system services and programs for youth to adult transitions in mental health care: a systematic review of academic literature</article-title>. <source>Adm Policy Ment Health</source>
<year>2016</year>; <volume>43</volume>(<issue>2</issue>): <fpage>259</fpage>&#x02013;69.<pub-id pub-id-type="pmid">25708229</pub-id></mixed-citation></ref><ref id="ref48"><label>48</label><mixed-citation publication-type="journal" id="cite48"><string-name><surname>McGorry</surname>
<given-names>PD</given-names></string-name>, <string-name><surname>Goldstone</surname>
<given-names>SD</given-names></string-name>, <string-name><surname>Parker</surname>
<given-names>AG</given-names></string-name>, <string-name><surname>Rickwood</surname>
<given-names>DJ</given-names></string-name>, <string-name><surname>Hickie</surname>
<given-names>IB</given-names></string-name>. <article-title>Cultures for mental health care of young people: an Australian blueprint for reform</article-title>. <source>Lancet Psychiatry</source>
<year>2014</year>; <volume>1</volume>(<issue>7</issue>): <fpage>559</fpage>&#x02013;68.<pub-id pub-id-type="pmid">26361315</pub-id></mixed-citation></ref><ref id="ref49"><label>49</label><mixed-citation publication-type="journal" id="cite49"><string-name><surname>Rickwood</surname>
<given-names>DJ</given-names></string-name>, <string-name><surname>Mazzer</surname>
<given-names>KR</given-names></string-name>, <string-name><surname>Telford</surname>
<given-names>NR</given-names></string-name>, <string-name><surname>Parker</surname>
<given-names>AG</given-names></string-name>, <string-name><surname>Tanti</surname>
<given-names>CJ</given-names></string-name>, <string-name><surname>McGorry</surname>
<given-names>PD</given-names></string-name>. <article-title>Changes in psychological distress and psychosocial functioning in young people visiting headspace centres for mental health problems</article-title>. <source>Med J Aust</source>
<year>2015</year>; <volume>202</volume>(<issue>10</issue>): <fpage>537</fpage>&#x02013;42.<pub-id pub-id-type="pmid">26021366</pub-id></mixed-citation></ref><ref id="ref50"><label>50</label><mixed-citation publication-type="journal" id="cite50"><string-name><surname>Halsall</surname>
<given-names>T</given-names></string-name>, <string-name><surname>Manion</surname>
<given-names>I</given-names></string-name>, <string-name><surname>Iyer</surname>
<given-names>SN</given-names></string-name>, <string-name><surname>Mathias</surname>
<given-names>S</given-names></string-name>, <string-name><surname>Purcell</surname>
<given-names>R</given-names></string-name>, <string-name><surname>Henderson</surname>
<given-names>J</given-names></string-name>. <article-title>Trends in mental health system transformation: Integrating youth services within the Canadian context</article-title>. <source>Healthc Manage Forum</source>
<year>2019</year>; <volume>32</volume>(<issue>2</issue>): <fpage>51</fpage>&#x02013;5.<pub-id pub-id-type="pmid">30799661</pub-id></mixed-citation></ref><ref id="ref51"><label>51</label><mixed-citation publication-type="book" id="cite51"><string-name><surname>Maitra</surname>
<given-names>B</given-names></string-name>, <string-name><surname>Jolley</surname>
<given-names>A</given-names></string-name>. <chapter-title>Liaison between child and adult psychiatric services</chapter-title>. In <source>Family Matters: Interface Between Child and Adult Mental Health</source> (eds <string-name><given-names>P</given-names>
<surname>Reder</surname></string-name>, <string-name><given-names>M</given-names>
<surname>McClure</surname></string-name>, <string-name><given-names>A</given-names>
<surname>Jolley</surname></string-name>): <fpage>285</fpage>&#x02013;<lpage>302</lpage>. <publisher-name>Routledge</publisher-name>, <year>2000</year>.</mixed-citation></ref><ref id="ref52"><label>52</label><mixed-citation publication-type="journal" id="cite52"><string-name><surname>Cappeli</surname>
<given-names>M</given-names></string-name>, <string-name><surname>Davidson</surname>
<given-names>S</given-names></string-name>, <string-name><surname>Racek</surname>
<given-names>J</given-names></string-name>, <string-name><surname>Leon</surname>
<given-names>S</given-names></string-name>, <string-name><surname>Vloet</surname>
<given-names>M</given-names></string-name>, <string-name><surname>Tataryn</surname>
<given-names>K</given-names></string-name>, <etal/>
<article-title>Transitioning youth into adult mental health and addiction services: an outcomes evaluation of the Youth Transition Project</article-title>. <source>J Behav Health Serv Res</source>
<year>2016</year>; <volume>43</volume>(<issue>4</issue>): <fpage>597</fpage>&#x02013;<lpage>610</lpage>.<pub-id pub-id-type="pmid">25292462</pub-id></mixed-citation></ref><ref id="ref53"><label>53</label><mixed-citation publication-type="journal" id="cite53"><string-name><surname>Henderson</surname>
<given-names>JL</given-names></string-name>, <string-name><surname>Cheung</surname>
<given-names>A</given-names></string-name>, <string-name><surname>Cleverley</surname>
<given-names>K</given-names></string-name>, <string-name><surname>Chaim</surname>
<given-names>G</given-names></string-name>, <string-name><surname>Moretti</surname>
<given-names>ME</given-names></string-name>, <string-name><surname>de Oliveira</surname>
<given-names>C</given-names></string-name>, <etal/>
<article-title>Integrated collaborative care teams to enhance service delivery to youth with mental health and substance use challenges: protocol for a pragmatic randomised controlled trial</article-title>. <source>BMJ Open</source>
<year>2017</year>; <volume>7</volume>(<issue>2</issue>): <fpage>e014080</fpage>.</mixed-citation></ref><ref id="ref54"><label>54</label><mixed-citation publication-type="book" id="cite54"><collab>Health and Social Care Advisory Service (HASCAS)</collab>. <source>CAMHS to Adult Transition: A Literature Review for Informed Practice. Health and Social Care Advisory Service (HASCAS) Tools for Transition</source>. <publisher-name>Department of Health and HASCAS</publisher-name>, <year>2006</year>.</mixed-citation></ref><ref id="ref55"><label>55</label><mixed-citation publication-type="journal" id="cite55"><string-name><surname>Broad</surname>
<given-names>KL</given-names></string-name>, <string-name><surname>Sandhu</surname>
<given-names>VK</given-names></string-name>, <string-name><surname>Sunderji</surname>
<given-names>N</given-names></string-name>, <string-name><surname>Charach</surname>
<given-names>A</given-names></string-name>. <article-title>Youth experiences of transition from child mental health services to adult mental health services: a qualitative thematic synthesis</article-title>. <source>BMC Psychiatry</source>
<year>2017</year>; <volume>17</volume>: <fpage>380</fpage>.<pub-id pub-id-type="pmid">29183289</pub-id></mixed-citation></ref></ref-list></back></article>