<!DOCTYPE article PUBLIC "-//NLM//DTD JATS (Z39.96) Journal Archiving and Interchange DTD with MathML3 v1.2 20190208//EN" "JATS-archivearticle1-mathml3.dtd"> 
<article xmlns:xlink="http://www.w3.org/1999/xlink" xmlns:mml="http://www.w3.org/1998/Math/MathML" article-type="letter"><?properties open_access?><?DTDIdentifier.IdentifierValue -//NLM//DTD JATS (Z39.96) Journal Publishing DTD v1.1 20151215//EN?><?DTDIdentifier.IdentifierType public?><?SourceDTD.DTDName JATS-journalpublishing1.dtd?><?SourceDTD.Version 1.1?><?ConverterInfo.XSLTName jp2nlmx2.xsl?><?ConverterInfo.Version 1?><front><journal-meta><journal-id journal-id-type="nlm-ta">BJPsych Bull</journal-id><journal-id journal-id-type="iso-abbrev">BJPsych Bull</journal-id><journal-id journal-id-type="publisher-id">BJB</journal-id><journal-title-group><journal-title>BJPsych Bulletin</journal-title></journal-title-group><issn pub-type="ppub">2056-4694</issn><issn pub-type="epub">2056-4708</issn><publisher><publisher-name>Cambridge University Press</publisher-name><publisher-loc>Cambridge, UK</publisher-loc></publisher></journal-meta><article-meta><article-id pub-id-type="pmcid">8058926</article-id><article-id pub-id-type="doi">10.1192/bjb.2020.67</article-id><article-id pub-id-type="pii">S2056469420000674</article-id><article-categories><subj-group subj-group-type="heading"><subject>Correspondence</subject></subj-group></article-categories><title-group><article-title>Standing with our medical colleagues</article-title></title-group><contrib-group><contrib contrib-type="author"><name><surname>Castle</surname><given-names>Sarah</given-names></name><xref ref-type="aff" rid="aff1"/></contrib></contrib-group><aff id="aff1">ST6 Doctor in Child and Adolescent Psychiatry, <institution>Tavistock and Portman NHS Foundation Trust</institution>, <country>UK</country>; email: <email>sarah.castle@yahoo.co.uk</email></aff><pub-date publication-format="print" date-type="pub" iso-8601-date="2020-08"><month>8</month><year>2020</year></pub-date><volume>44</volume><issue>4</issue><fpage>180</fpage><lpage>181</lpage><permissions><copyright-statement>&#x000a9; The Author(s) 2020</copyright-statement><copyright-year>2020</copyright-year><copyright-holder>The Author(s)</copyright-holder><license><ali:license_ref xmlns:ali="http://www.niso.org/schemas/ali/1.0/" specific-use="textmining" content-type="ccbylicense">https://creativecommons.org/licenses/by/4.0/</ali:license_ref><license-p>This is an Open Access article, distributed under the terms of the Creative Commons Attribution licence (<uri xlink:href="https://creativecommons.org/licenses/by/4.0/">http://creativecommons.org/licenses/by/4.0/</uri>), which permits unrestricted re-use, distribution, and reproduction in any medium, provided the original work is properly cited.</license-p></license></permissions><self-uri xlink:title="pdf" xlink:href="S2056469420000674a.pdf"/><counts><page-count count="2"/></counts></article-meta></front><body><p>Like many of us I am increasingly concerned about the possible effects of coronavirus on myself, my family and our community and patients. With family in Italy, I am mindful of the need there for other medical professionals to be brought in to work alongside their acute medical colleagues. This has included those more distant from acute medical work now, such as pathologists and even in some cases psychiatrists.</p><p>Little has been spoken about our role in regards to COVID-19 should we see similar scenes here in the UK and what our possible involvement might be. It would be easy to adopt a &#x02018;protectionist&#x02019; attitude and leave the messy stuff to &#x02018;real doctors&#x02019;.</p><p>As a psychiatrist, I am a doctor of the mind and body. Of course, I would never advocate working beyond our professional competencies; however, I feel we have a strong duty to stand beside our medical colleagues be it pushing trolleys, taking blood or sweeping floors if the need arises. We spend so much time and energy trying to reduce the splitting that occurs between &#x02018;medicine&#x02019; and &#x02018;psychiatry&#x02019;; surely we cannot hide behind this very split now when our colleagues and indeed our communities may need us if an outbreak worsens to the degree that many fear. Surely then we must stand together as one profession.</p></body><back><notes id="nts1" notes-type="other"><title>Declaration of interest</title><p>None.</p></notes></back></article>