<!DOCTYPE article PUBLIC "-//NLM//DTD JATS (Z39.96) Journal Archiving and Interchange DTD with MathML3 v1.2 20190208//EN" "JATS-archivearticle1-mathml3.dtd"> 
<article xmlns:xlink="http://www.w3.org/1999/xlink" xmlns:mml="http://www.w3.org/1998/Math/MathML" article-type="letter"><?properties open_access?><?DTDIdentifier.IdentifierValue -//NLM//DTD JATS (Z39.96) Journal Publishing DTD v1.1 20151215//EN?><?DTDIdentifier.IdentifierType public?><?SourceDTD.DTDName JATS-journalpublishing1.dtd?><?SourceDTD.Version 1.1?><?ConverterInfo.XSLTName jp2nlmx2.xsl?><?ConverterInfo.Version 1?><front><journal-meta><journal-id journal-id-type="nlm-ta">BJPsych Bull</journal-id><journal-id journal-id-type="iso-abbrev">BJPsych Bull</journal-id><journal-id journal-id-type="publisher-id">BJB</journal-id><journal-title-group><journal-title>BJPsych Bulletin</journal-title></journal-title-group><issn pub-type="ppub">2056-4694</issn><issn pub-type="epub">2056-4708</issn><publisher><publisher-name>Cambridge University Press</publisher-name><publisher-loc>Cambridge, UK</publisher-loc></publisher></journal-meta><article-meta><article-id pub-id-type="pmcid">8058861</article-id><article-id pub-id-type="doi">10.1192/bjb.2020.38</article-id><article-id pub-id-type="pii">S2056469420000388</article-id><article-categories><subj-group subj-group-type="heading"><subject>Correspondence</subject></subj-group></article-categories><title-group><article-title>Section 12 approval: fit for purpose?</article-title></title-group><contrib-group><contrib contrib-type="author"><name><surname>Ballantyne-Watts</surname><given-names>Darryl</given-names></name><xref ref-type="aff" rid="aff1"/></contrib></contrib-group><aff id="aff1">Consultant Psychiatrist, Gwent Forensic Psychiatry Service, <institution>Aneurin Bevan University Health Board</institution>, email: <email>darryl.ballantyne-watts@wales.nhs.uk</email></aff><pub-date publication-format="print" date-type="pub" iso-8601-date="2020-06"><month>6</month><year>2020</year></pub-date><volume>44</volume><issue>3</issue><fpage>125</fpage><lpage>125</lpage><permissions><copyright-statement>&#x000a9; The Author(s) 2020</copyright-statement><copyright-year>2020</copyright-year><copyright-holder>The Author(s)</copyright-holder><license><ali:license_ref xmlns:ali="http://www.niso.org/schemas/ali/1.0/" specific-use="textmining" content-type="ccbylicense">https://creativecommons.org/licenses/by/4.0/</ali:license_ref><license-p>This is an Open Access article, distributed under the terms of the Creative Commons Attribution licence (<uri xlink:href="https://creativecommons.org/licenses/by/4.0/">http://creativecommons.org/licenses/by/4.0/</uri>), which permits unrestricted re-use, distribution, and reproduction in any medium, provided the original work is properly cited.</license-p></license></permissions><self-uri xlink:title="pdf" xlink:href="S2056469420000388a.pdf"/><counts><ref-count count="1"/><page-count count="1"/></counts></article-meta></front><body><p>I read this article<sup><xref rid="ref1" ref-type="bibr">1</xref></sup> with some interest, and with some alarm. Yes, striving for &#x02018;evidence-based improvements&#x02019; in the Section 12 approval/reapproval process is an understandably good thing. However, basing recommendations on a 21.7% (5/23) return rate for a questionnaire is never going to change much behaviour. Not even when this information is &#x02018;triangulated&#x000a0;&#x02026;&#x000a0;with other sources&#x02019; are many heads going to be turned.</p><p>I believe that those of us who carry out Section 12 assessments in the real world are all too aware of the lack of hospital resources and are thus inclined to seek out every community solution for disposal, given the availability of &#x02018;alternative to hospital&#x02019; teams these days. Particularly when we are considering complex mental illness and mental disorder matters in a social context coupled with a healthy assessment of risk, the decision to detain to hospital for assessment cannot be taken easily or lightly.</p><p>Knowing the precise wording of mental health law is important, and we all want to &#x02018;do things right&#x02019;. But in a complex, sometimes heated, community situation we are required to complete the harder additional task of &#x02018;doing the right thing&#x02019;, which takes time, thought, experience and some element of wisdom. I am not at all sure that the solutions proposed in this paper will take many in that direction.</p></body><back><notes id="nts1" notes-type="other"><title>Declaration of interest</title><p>None.</p></notes><ref-list id="reflist1"><ref id="ref1"><label>1</label><mixed-citation publication-type="journal" id="cite1"><string-name><surname>Rigby</surname>
<given-names>D</given-names></string-name>, <string-name><surname>McAlpine</surname>
<given-names>L.</given-names></string-name>
<article-title>Section 12 approval: fit for purpose?</article-title>
<source>BJPsych Bull</source>
<year>2019</year>; <volume>43</volume>: <fpage>251</fpage>&#x02013;4.<pub-id pub-id-type="pmid">31685065</pub-id></mixed-citation></ref></ref-list></back></article>