<!DOCTYPE article PUBLIC "-//NLM//DTD JATS (Z39.96) Journal Archiving and Interchange DTD with MathML3 v1.2 20190208//EN" "JATS-archivearticle1-mathml3.dtd"> 
<article xmlns:xlink="http://www.w3.org/1999/xlink" xmlns:mml="http://www.w3.org/1998/Math/MathML" article-type="article-commentary"><?properties open_access?><?DTDIdentifier.IdentifierValue -//NLM//DTD JATS (Z39.96) Journal Publishing DTD v1.1 20151215//EN?><?DTDIdentifier.IdentifierType public?><?SourceDTD.DTDName JATS-journalpublishing1.dtd?><?SourceDTD.Version 1.1?><?ConverterInfo.XSLTName jp2nlmx2.xsl?><?ConverterInfo.Version 1?><front><journal-meta><journal-id journal-id-type="nlm-ta">BJPsych Bull</journal-id><journal-id journal-id-type="iso-abbrev">BJPsych Bull</journal-id><journal-id journal-id-type="publisher-id">BJB</journal-id><journal-title-group><journal-title>BJPsych Bulletin</journal-title></journal-title-group><issn pub-type="ppub">2056-4694</issn><issn pub-type="epub">2056-4708</issn><publisher><publisher-name>Cambridge University Press</publisher-name><publisher-loc>Cambridge, UK</publisher-loc></publisher></journal-meta><article-meta><article-id pub-id-type="pmcid">8058836</article-id><article-id pub-id-type="pmid">32077401</article-id><article-id pub-id-type="doi">10.1192/bjb.2019.90</article-id><article-id pub-id-type="pii">S2056469419000901</article-id><article-categories><subj-group subj-group-type="heading"><subject>Article Commentary</subject></subj-group></article-categories><title-group><article-title>What neuroscience has already done for us</article-title><subtitle>Commentary on&#x02026; Why hasn't neuroscience delivered for psychiatry?</subtitle></title-group><contrib-group><contrib contrib-type="author"><contrib-id contrib-id-type="orcid" authenticated="true">https://orcid.org/0000-0002-4776-4118</contrib-id><name><surname>Sinclair</surname><given-names>Lindsey Isla</given-names></name><xref ref-type="aff" rid="aff1"/><xref ref-type="corresp" rid="cor1"/></contrib></contrib-group><aff id="aff1">Department of Population Health Sciences, <institution>University of Bristol</institution>, <country>UK</country></aff><author-notes><fn id="fns02" fn-type="COI-statement"><p><bold>Declaration of interest:</bold> None.</p></fn><corresp id="cor1">Correspondence to Lindsey Sinclair (<email>Lindsey.sinclair@bristol.ac.uk</email>)</corresp><fn id="fns1" fn-type="other"><label>&#x02020;</label><p>See this issue.</p></fn></author-notes><pub-date publication-format="print" date-type="pub" iso-8601-date="2020-06"><month>6</month><year>2020</year></pub-date><volume>44</volume><issue>3</issue><fpage>110</fpage><lpage>112</lpage><history><date date-type="received"><day>19</day><month>11</month><year>2019</year></date><date date-type="accepted"><day>05</day><month>12</month><year>2019</year></date></history><permissions><copyright-statement>&#x000a9; The Author 2020</copyright-statement><copyright-year>2020</copyright-year><copyright-holder>The Author</copyright-holder><license><ali:license_ref xmlns:ali="http://www.niso.org/schemas/ali/1.0/" specific-use="textmining" content-type="ccbyncndlicense">https://creativecommons.org/licenses/by-nc-nd/4.0/</ali:license_ref><license-p>This is an Open Access article, distributed under the terms of the Creative Commons Attribution-NonCommercial-NoDerivatives licence (<uri xlink:href="https://creativecommons.org/licenses/by-nc-nd/4.0/">http://creativecommons.org/licenses/by-nc-nd/4.0/</uri>), which permits non-commercial re-use, distribution, and reproduction in any medium, provided the original work is unaltered and is properly cited. The written permission of Cambridge University Press must be obtained for commercial re-use or in order to create a derivative work.</license-p></license></permissions><self-uri xlink:title="pdf" xlink:href="S2056469419000901a.pdf"/><abstract abstract-type="normal"><title>Summary</title><p>Each of the components of the biopsychosocial model of mental illness is important for understanding mental illness. Biological and genetic abnormalities have been demonstrated in major mental illnesses. These are leading to changes in our understanding of these conditions, as well as our understanding of the link between life events and mental illness.</p></abstract><kwd-group><title>Keywords</title><kwd>Schizophrenia</kwd><kwd>depressive disorders</kwd><kwd>neuropathology</kwd></kwd-group><counts><ref-count count="26"/><page-count count="3"/></counts></article-meta></front><body><p>As readers will be well aware, the biopsychosocial model has underpinned psychiatry for several decades.<sup><xref rid="ref1" ref-type="bibr">1</xref></sup> Each component of this model is important for our understanding of mental illness. Professor Kingdon is therefore correct to say in his interesting editorial that neuroscience is unlikely to hold all of the answers to why people develop mental disorders and when they occur in their lifetime.<sup><xref rid="ref2" ref-type="bibr">2</xref></sup> I challenge, however, his assertion that &#x02018;biological changes have yet to be shown to be relevant to the major mental disorders&#x02019;.</p><sec sec-type="other" id="sec1"><title>Brain imaging and schizophrenia</title><p>Taking schizophrenia as an example, there are clearly demonstrable differences in the brains of individuals with schizophrenia compared with those of controls. It was first shown in the 1970s that people with schizophrenia had enlarged cerebral ventricles.<sup><xref rid="ref3" ref-type="bibr">3</xref></sup> Since then abnormalities in both grey and white matter have been convincingly demonstrated in the disorder.<sup><xref rid="ref4" ref-type="bibr">4</xref></sup> More sophisticated brain-imaging techniques have allowed the discovery in recent years that differences in brain volume are present even in medication-naive individuals with first-episode psychosis.<sup><xref rid="ref5" ref-type="bibr">5</xref></sup> It seems increasingly likely that there are differences in volume even before the at-risk mental state, although this remains difficult to prove definitively.<sup><xref rid="ref6" ref-type="bibr">6</xref>&#x02013;<xref rid="ref8" ref-type="bibr">8</xref></sup></p><p>Recently developed scientific techniques such as the use of induced pluripotent stem cells to create a &#x02018;cortex in a dish&#x02019; (<italic>aka</italic> brain organoids) have allowed tantalising insights into why these imaging abnormalities may emerge. Using cells from individuals with schizophrenia (some with a range of predisposing genetic abnormalities) multiple studies have shown abnormalities such as impaired cellular differentiation and synapse formation.<sup><xref rid="ref9" ref-type="bibr">9</xref>&#x02013;<xref rid="ref11" ref-type="bibr">11</xref></sup></p><p>These studies add to the emerging hypothesis that the brain of someone at risk of schizophrenia differs from controls at an early stage and that these differences increase as psychosis emerges. These neuroscientific findings are a good fit with the long-standing findings from more psychosocially focused research that differences can be seen in childhood behaviour in those who later develop schizophrenia.<sup><xref rid="ref12" ref-type="bibr">12</xref>&#x02013;<xref rid="ref15" ref-type="bibr">15</xref></sup> They also suggest that, to develop better treatments for schizophrenia, we need to look beyond compounds targeting dopamine receptors.</p></sec><sec sec-type="other" id="sec2"><title>Genetics in intellectual disability and depression</title><p>I would also challenge Professor Kingdon's assertion that no genetic findings of use to the practising psychiatrist have been found for the major mental illnesses. Genetic testing for copy number variants is starting to form part of practice in intellectual disability services.<sup><xref rid="ref16" ref-type="bibr">16</xref>,<xref rid="ref17" ref-type="bibr">17</xref></sup> Using his example of depression he is correct to say that the much vaunted candidate genes studied in the 1990s and 2000s have not been replicated in later, large studies.<sup><xref rid="ref18" ref-type="bibr">18</xref></sup> However, more recent, vastly better powered studies have produced findings of greater potential use. The most recent genome-wide association study on depression found 87 independent loci that were associated with depression, with a startling lack of genes involved in the 5-HT system.<sup><xref rid="ref19" ref-type="bibr">19</xref></sup> This may suggest that, although drugs acting on the 5-HT system are effective in treating depression for many people, disturbances in 5-HT are not the cause of depression. Findings such as these are likely to be of great benefit in developing new treatments.</p></sec><sec sec-type="other" id="sec3"><title>Epigenetics and treatment targetting</title><p>Neuroscience can also help us to explain the link between life events, which are frequently assessed in psychosocial research, and mental health outcomes. For example, epigenetic studies have shown that maternal behaviour influences the expression of genes, including those involved in the glucocorticoid stress response.<sup><xref rid="ref20" ref-type="bibr">20</xref>,<xref rid="ref21" ref-type="bibr">21</xref></sup> Because this work was done in rats it was possible to demonstrate that this effect was not genetic as it was abolished by cross-fostering with more affectionate mothers.<sup><xref rid="ref21" ref-type="bibr">21</xref></sup> Childhood maltreatment such as physical abuse has long been recognised as a risk factor for mental illness. Recent genetic and epigenetic studies are helping us to understand why some people are more resilient to the effects of this abuse than others.<sup><xref rid="ref22" ref-type="bibr">22</xref>,<xref rid="ref23" ref-type="bibr">23</xref></sup> It has been suggested by some authors that this information could be used to better target childhood interventions, such as providing more intensive interventions to those likely to be least resilient to the effects of childhood maltreatment.</p></sec><sec sec-type="conclusions" id="sec4"><title>Conclusions</title><p>Our understanding of mental health problems has started to change radically in the past few decades. It is only 50 years since it was widely believed that parents could be responsible for their offspring developing schizophrenia.<sup><xref rid="ref24" ref-type="bibr">24</xref></sup> Within the past 50 years patients with intractable epilepsy were cared for in psychiatric hospitals, something that would now be unthinkable, and the parent&#x02013;child relationship was seriously considered as a cause of epilepsy.<sup><xref rid="ref25" ref-type="bibr">25</xref>,<xref rid="ref26" ref-type="bibr">26</xref></sup></p><p>This improvement in understanding has the potential to reduce stigma, to ultimately lead to new treatments and to provide patients with a better understanding of what is happening to them and why. It is critical that mental health researchers work together, rather than in methods-based silos, to further improve our understanding of why and how patients develop mental health problems.</p></sec></body><back><notes id="nts1" notes-type="other"><title>Funding</title><p>L.I.S. has received research funding from BRACE, Dementias Platform UK, the British Neuropathological Society and the David Telling Charitable Trust.</p></notes><notes id="nts2" notes-type="other"><title>About the author</title><p><bold>Lindsey Isla Sinclair</bold>, MBBS, MSc, PhD, MRCPsych, is a Clinical Research Fellow in psychiatry in the Department of Population Health Sciences at the University of Bristol, UK. Her research is neuroscience based and she is a Gatsby/RCPsych travelling fellowship awardee 2019.</p></notes><ref-list id="reflist1"><title>References</title><ref id="ref1"><label>1</label><mixed-citation publication-type="journal" id="cite1"><string-name><surname>Engel</surname>
<given-names>G</given-names></string-name>. <article-title>The need for a new medical model: a challenge for biomedicine</article-title>. <year>1977</year>; <source>Science</source>
<volume>196</volume>: <fpage>129</fpage>&#x02013;36.<pub-id pub-id-type="pmid">847460</pub-id></mixed-citation></ref><ref id="ref2"><label>2</label><mixed-citation publication-type="journal" id="cite2"><string-name><surname>Kingdon</surname>
<given-names>D</given-names></string-name>. <article-title>Why hasn't neuroscience delivered for psychiatry?</article-title>
<source>BJPsych Bull</source>
<year>2020</year>; this issue.</mixed-citation></ref><ref id="ref3"><label>3</label><mixed-citation publication-type="journal" id="cite3"><string-name><surname>Crow</surname>
<given-names>TJ</given-names></string-name>, <string-name><surname>Johnstone</surname>
<given-names>E</given-names></string-name>. <article-title>Cerebral atrophy and cognitive impairment in chronic schizophrenia</article-title>. <source>Lancet</source>
<year>1977</year>; <volume>309</volume>: <fpage>357</fpage>.</mixed-citation></ref><ref id="ref4"><label>4</label><mixed-citation publication-type="journal" id="cite4"><string-name><surname>Olabi</surname>
<given-names>B</given-names></string-name>, <string-name><surname>Ellison-Wright</surname>
<given-names>I</given-names></string-name>, <string-name><surname>McIntosh</surname>
<given-names>AM</given-names></string-name>, <string-name><surname>Wood</surname>
<given-names>SJ</given-names></string-name>, <string-name><surname>Bullmore</surname>
<given-names>E</given-names></string-name>, <string-name><surname>Lawrie</surname>
<given-names>SM</given-names></string-name>. <article-title>Are there progressive brain changes in schizophrenia? A meta-analysis of structural magnetic resonance imaging studies</article-title>. <source>Biol Psychiatry</source>
<year>2011</year>; <volume>70</volume>: <fpage>88</fpage>&#x02013;<lpage>96</lpage>.<pub-id pub-id-type="pmid">21457946</pub-id></mixed-citation></ref><ref id="ref5"><label>5</label><mixed-citation publication-type="journal" id="cite5"><string-name><surname>Kahn</surname>
<given-names>RS</given-names></string-name>, <string-name><surname>Sommer</surname>
<given-names>IE</given-names></string-name>. <article-title>The neurobiology and treatment of first-episode schizophrenia</article-title>. <source>Mol Psychiatry</source>
<year>2015</year>; <volume>20</volume>: <fpage>84</fpage>&#x02013;<lpage>97</lpage>.<pub-id pub-id-type="pmid">25048005</pub-id></mixed-citation></ref><ref id="ref6"><label>6</label><mixed-citation publication-type="journal" id="cite6"><string-name><surname>Takahashi</surname>
<given-names>T</given-names></string-name>, <string-name><surname>Suzuki</surname>
<given-names>M</given-names></string-name>. <article-title>Brain morphologic changes in early stages of psychosis: implications for clinical application and early intervention</article-title>. <source>Psychiatry Clin Neurosci</source>
<year>2018</year>; <volume>72</volume>: <fpage>556</fpage>&#x02013;71.<pub-id pub-id-type="pmid">29717522</pub-id></mixed-citation></ref><ref id="ref7"><label>7</label><mixed-citation publication-type="journal" id="cite7"><string-name><surname>Brent</surname>
<given-names>BK</given-names></string-name>, <string-name><surname>Rosso</surname>
<given-names>IM</given-names></string-name>, <string-name><surname>Thermenos</surname>
<given-names>HW</given-names></string-name>, <string-name><surname>Holt</surname>
<given-names>DJ</given-names></string-name>, <string-name><surname>Faraone</surname>
<given-names>SV</given-names></string-name>, <string-name><surname>Makris</surname>
<given-names>N</given-names></string-name>, <etal/>
<article-title>Alterations of lateral temporal cortical gray matter and facial memory as vulnerability indicators for schizophrenia: an MRI study in youth at familial high-risk for schizophrenia</article-title>. <source>Schizophr Res</source>
<year>2016</year>; <volume>170</volume>: <fpage>123</fpage>&#x02013;9.<pub-id pub-id-type="pmid">26621001</pub-id></mixed-citation></ref><ref id="ref8"><label>8</label><mixed-citation publication-type="journal" id="cite8"><string-name><surname>Nenadic</surname>
<given-names>I</given-names></string-name>, <string-name><surname>Dietzek</surname>
<given-names>M</given-names></string-name>, <string-name><surname>Sch&#x000f6;nfeld</surname>
<given-names>N</given-names></string-name>, <string-name><surname>Lorenz</surname>
<given-names>C</given-names></string-name>, <string-name><surname>Gussew</surname>
<given-names>A</given-names></string-name>, <string-name><surname>Reichenbach</surname>
<given-names>JR</given-names></string-name>, <etal/>
<article-title>Brain structure in people at ultra-high risk of psychosis, patients with first-episode schizophrenia, and healthy controls: a VBM study</article-title>. <source>Schizophr Res</source>
<year>2015</year>; <volume>161</volume>: <fpage>169</fpage>&#x02013;76.<pub-id pub-id-type="pmid">25497442</pub-id></mixed-citation></ref><ref id="ref9"><label>9</label><mixed-citation publication-type="journal" id="cite9"><string-name><surname>Robicsek</surname>
<given-names>O</given-names></string-name>, <string-name><surname>Karry</surname>
<given-names>R</given-names></string-name>, <string-name><surname>Petit</surname>
<given-names>I</given-names></string-name>, <string-name><surname>Salman-Kesner</surname>
<given-names>N</given-names></string-name>, <string-name><surname>M&#x000fc;ller</surname>
<given-names>FJ</given-names></string-name>, <string-name><surname>Klein</surname>
<given-names>E</given-names></string-name>, <etal/>
<article-title>Abnormal neuronal differentiation and mitochondrial dysfunction in hair follicle-derived induced pluripotent stem cells of schizophrenia patients</article-title>. <source>Mol Psychiatry</source>
<year>2013</year>; <volume>18</volume>: <fpage>1067</fpage>&#x02013;76.<pub-id pub-id-type="pmid">23732879</pub-id></mixed-citation></ref><ref id="ref10"><label>10</label><mixed-citation publication-type="journal" id="cite10"><string-name><surname>Vasistha</surname>
<given-names>NA</given-names></string-name>, <string-name><surname>Johnstone</surname>
<given-names>M</given-names></string-name>, <string-name><surname>Barton</surname>
<given-names>SK</given-names></string-name>, <string-name><surname>Mayerl</surname>
<given-names>SE</given-names></string-name>, <string-name><surname>Thangaraj Selvaraj</surname>
<given-names>B</given-names></string-name>, <string-name><surname>Thomson</surname>
<given-names>PA</given-names></string-name>, <etal/>
<article-title>Familial t(1;11) translocation is associated with disruption of white matter structural integrity and oligodendrocyte&#x02013;myelin dysfunction</article-title>. <source>Mol Psychiatry</source>
<year>2019</year>; <volume>24</volume>: <fpage>1641</fpage>&#x02013;54.<pub-id pub-id-type="pmid">31481758</pub-id></mixed-citation></ref><ref id="ref11"><label>11</label><mixed-citation publication-type="journal" id="cite11"><string-name><surname>Johnstone</surname>
<given-names>M</given-names></string-name>, <string-name><surname>Vasistha</surname>
<given-names>NA</given-names></string-name>, <string-name><surname>Barbu</surname>
<given-names>MC</given-names></string-name>, <string-name><surname>Dando</surname>
<given-names>O</given-names></string-name>, <string-name><surname>Burr</surname>
<given-names>K</given-names></string-name>, <string-name><surname>Christopher</surname>
<given-names>E</given-names></string-name>, <etal/>
<article-title>Reversal of proliferation deficits caused by chromosome 16p13.11 microduplication through targeting NF&#x003ba;B signaling: an integrated study of patient-derived neuronal precursor cells, cerebral organoids and in vivo brain imaging</article-title>. <source>Mol Psychiatry</source>
<year>2019</year>; <volume>24</volume>: <fpage>294</fpage>&#x02013;<lpage>311</lpage>.<pub-id pub-id-type="pmid">30401811</pub-id></mixed-citation></ref><ref id="ref12"><label>12</label><mixed-citation publication-type="journal" id="cite12"><string-name><surname>Niemi</surname>
<given-names>LT</given-names></string-name>, <string-name><surname>Suvisaari</surname>
<given-names>JM</given-names></string-name>, <string-name><surname>Tuulio-Henriksson</surname>
<given-names>A</given-names></string-name>, <string-name><surname>L&#x000f6;nnqvist</surname>
<given-names>JK</given-names></string-name>. <article-title>Childhood developmental abnormalities in schizophrenia: evidence from high-risk studies</article-title>. <source>Schizophr Res</source>
<year>2003</year>; <volume>60</volume>: <fpage>239</fpage>&#x02013;58.<pub-id pub-id-type="pmid">12591587</pub-id></mixed-citation></ref><ref id="ref13"><label>13</label><mixed-citation publication-type="journal" id="cite13"><string-name><surname>Baum</surname>
<given-names>KM</given-names></string-name>, <string-name><surname>Walker</surname>
<given-names>EF</given-names></string-name>. <article-title>Childhood behavioral precursors of adult symptom dimensions in schizophrenia</article-title>. <source>Schizophr Res</source>
<year>1995</year>; <volume>16</volume>: <fpage>111</fpage>&#x02013;20.<pub-id pub-id-type="pmid">7577764</pub-id></mixed-citation></ref><ref id="ref14"><label>14</label><mixed-citation publication-type="journal" id="cite14"><string-name><surname>Bearden</surname>
<given-names>CE</given-names></string-name>, <string-name><surname>Rosso</surname>
<given-names>IM</given-names></string-name>, <string-name><surname>Hollister</surname>
<given-names>JM</given-names></string-name>, <string-name><surname>Sanchez</surname>
<given-names>LE</given-names></string-name>, <string-name><surname>Hadley</surname>
<given-names>T</given-names></string-name>, <string-name><surname>Cannon</surname>
<given-names>TD</given-names></string-name>. <article-title>A prospective cohort study of childhood behavioral deviance and language abnormalities as predictors of adult schizophrenia</article-title>. <source>Schizophr Bull</source>
<year>2000</year>; <volume>26</volume>: <fpage>395</fpage>&#x02013;<lpage>410</lpage>.<pub-id pub-id-type="pmid">10885639</pub-id></mixed-citation></ref><ref id="ref15"><label>15</label><mixed-citation publication-type="journal" id="cite15"><string-name><surname>Davidson</surname>
<given-names>M</given-names></string-name>, <string-name><surname>Reichenberg</surname>
<given-names>A</given-names></string-name>, <string-name><surname>Rabinowitz</surname>
<given-names>J</given-names></string-name>, <string-name><surname>Weiser</surname>
<given-names>M</given-names></string-name>, <string-name><surname>Kaplan</surname>
<given-names>Z</given-names></string-name>, <string-name><surname>Mark</surname>
<given-names>M</given-names></string-name>. <article-title>Behavioral and intellectual markers for schizophrenia in apparently healthy male adolescents</article-title>. <source>Am J Psychiatry</source>
<year>1999</year>; <volume>156</volume>: <fpage>1328</fpage>&#x02013;35.<pub-id pub-id-type="pmid">10484941</pub-id></mixed-citation></ref><ref id="ref16"><label>16</label><mixed-citation publication-type="journal" id="cite16"><string-name><surname>Wolfe</surname>
<given-names>K</given-names></string-name>, <string-name><surname>Strydom</surname>
<given-names>A</given-names></string-name>, <string-name><surname>Morrogh</surname>
<given-names>D</given-names></string-name>, <string-name><surname>Carter</surname>
<given-names>J</given-names></string-name>, <string-name><surname>Cutajar</surname>
<given-names>P</given-names></string-name>, <string-name><surname>Eyeoyibo</surname>
<given-names>M</given-names></string-name>, <etal/>
<article-title>Chromosomal microarray testing in adults with intellectual disability presenting with comorbid psychiatric disorders</article-title>. <source>Eur J Hum Genet</source>
<year>2017</year>; <volume>25</volume>: <fpage>66</fpage>&#x02013;<lpage>72</lpage>.</mixed-citation></ref><ref id="ref17"><label>17</label><mixed-citation publication-type="journal" id="cite17"><string-name><surname>Adlington</surname>
<given-names>K</given-names></string-name>, <string-name><surname>Smith</surname>
<given-names>J</given-names></string-name>, <string-name><surname>Crabtree</surname>
<given-names>J</given-names></string-name>, <string-name><surname>Win</surname>
<given-names>S</given-names></string-name>, <string-name><surname>Rennie</surname>
<given-names>J</given-names></string-name>, <string-name><surname>Khodatars</surname>
<given-names>K</given-names></string-name>, <etal/>
<article-title>Improving access to genetic testing for adults with intellectual disability: a literature review and lessons from a quality improvement project in East London</article-title>. <source>Am J Med Genet B Neuropsychiatr Genet</source>
<year>2019</year>; <volume>180</volume>: <fpage>566</fpage>&#x02013;75.<pub-id pub-id-type="pmid">31077569</pub-id></mixed-citation></ref><ref id="ref18"><label>18</label><mixed-citation publication-type="journal" id="cite18"><string-name><surname>Border</surname>
<given-names>R</given-names></string-name>, <string-name><surname>Johnson</surname>
<given-names>EC</given-names></string-name>, <string-name><surname>Evans</surname>
<given-names>LM</given-names></string-name>, <string-name><surname>Smolen</surname>
<given-names>A</given-names></string-name>, <string-name><surname>Berley</surname>
<given-names>N</given-names></string-name>, <string-name><surname>Sullivan</surname>
<given-names>PF</given-names></string-name>, <etal/>
<article-title>No support for historical candidate gene or candidate gene-by-interaction hypotheses for major depression across multiple large samples</article-title>. <source>Am J Psychiatry</source>
<year>2019</year>; <volume>176</volume>: <fpage>376</fpage>&#x02013;87.<pub-id pub-id-type="pmid">30845820</pub-id></mixed-citation></ref><ref id="ref19"><label>19</label><mixed-citation publication-type="journal" id="cite19"><string-name><surname>Howard</surname>
<given-names>DM</given-names></string-name>, <string-name><surname>Adams</surname>
<given-names>MJ</given-names></string-name>, <string-name><surname>Clarke</surname>
<given-names>T-K</given-names></string-name>, <string-name><surname>Hafferty</surname>
<given-names>JD</given-names></string-name>, <string-name><surname>Gibson</surname>
<given-names>J</given-names></string-name>, <string-name><surname>Shirali</surname>
<given-names>M</given-names></string-name>, <etal/>
<article-title>Genome-wide meta-analysis of depression identifies 102 independent variants and highlights the importance of the prefrontal brain regions</article-title>. <source>Nat Neurosci</source>
<year>2019</year>; <volume>22</volume>: <fpage>343</fpage>&#x02013;52.<pub-id pub-id-type="pmid">30718901</pub-id></mixed-citation></ref><ref id="ref20"><label>20</label><mixed-citation publication-type="journal" id="cite20"><string-name><surname>McGowan</surname>
<given-names>PO</given-names></string-name>, <string-name><surname>Suderman</surname>
<given-names>M</given-names></string-name>, <string-name><surname>Sasaki</surname>
<given-names>A</given-names></string-name>, <string-name><surname>Huang</surname>
<given-names>TCT</given-names></string-name>, <string-name><surname>Hallett</surname>
<given-names>M</given-names></string-name>, <string-name><surname>Meaney</surname>
<given-names>MJ</given-names></string-name>, <etal/>
<article-title>Broad epigenetic signature of maternal care in the brain of adult rats</article-title>. <source>PLoS One</source>
<year>2011</year>; <volume>6</volume>(<issue>2</issue>): <fpage>e14739</fpage>.<pub-id pub-id-type="pmid">21386994</pub-id></mixed-citation></ref><ref id="ref21"><label>21</label><mixed-citation publication-type="journal" id="cite21"><string-name><surname>Weaver</surname>
<given-names>ICG</given-names></string-name>, <string-name><surname>Cervoni</surname>
<given-names>N</given-names></string-name>, <string-name><surname>Champagne</surname>
<given-names>FA</given-names></string-name>, <string-name><surname>D'Alessio</surname>
<given-names>AC</given-names></string-name>, <string-name><surname>Sharma</surname>
<given-names>S</given-names></string-name>, <string-name><surname>Seckl</surname>
<given-names>JR</given-names></string-name>, <etal/>
<article-title>Epigenetic programming by maternal behavior</article-title>. <source>Nat Neurosci</source>
<year>2004</year>; <volume>7</volume>: <fpage>847</fpage>&#x02013;54.<pub-id pub-id-type="pmid">15220929</pub-id></mixed-citation></ref><ref id="ref22"><label>22</label><mixed-citation publication-type="journal" id="cite22"><string-name><surname>Thibodeau</surname>
<given-names>EL</given-names></string-name>, <string-name><surname>Masyn</surname>
<given-names>KE</given-names></string-name>, <string-name><surname>Rogosch</surname>
<given-names>FA</given-names></string-name>, <string-name><surname>Cicchetti</surname>
<given-names>D</given-names></string-name>. <article-title>Child maltreatment, adaptive functioning, and polygenic risk: a structural equation mixture model</article-title>. <source>Dev Psychopathol</source>
<year>2019</year>; <volume>31</volume>: <fpage>443</fpage>&#x02013;56.<pub-id pub-id-type="pmid">30837010</pub-id></mixed-citation></ref><ref id="ref23"><label>23</label><mixed-citation publication-type="journal" id="cite23"><string-name><surname>Dunn</surname>
<given-names>EC</given-names></string-name>, <string-name><surname>Soare</surname>
<given-names>TW</given-names></string-name>, <string-name><surname>Zhu</surname>
<given-names>Y</given-names></string-name>, <string-name><surname>Simpkin</surname>
<given-names>AJ</given-names></string-name>, <string-name><surname>Suderman</surname>
<given-names>MJ</given-names></string-name>, <string-name><surname>Klengel</surname>
<given-names>T</given-names></string-name>, <etal/>
<article-title>Sensitive periods for the effect of childhood adversity on DNA methylation: results from a prospective, longitudinal study</article-title>. <source>Biol Psychiatry</source>
<year>2019</year>; <volume>85</volume>: <fpage>838</fpage>&#x02013;49.<pub-id pub-id-type="pmid">30905381</pub-id></mixed-citation></ref><ref id="ref24"><label>24</label><mixed-citation publication-type="journal" id="cite24"><string-name><surname>Harrington</surname>
<given-names>A</given-names></string-name>. <article-title>The fall of the schizophrenogenic mother</article-title>. <source>Lancet</source>
<year>2012</year>; <volume>379</volume>: <fpage>1292</fpage>&#x02013;3.<pub-id pub-id-type="pmid">22489328</pub-id></mixed-citation></ref><ref id="ref25"><label>25</label><mixed-citation publication-type="journal" id="cite25"><string-name><surname>Liddell</surname>
<given-names>DW</given-names></string-name>. <article-title>Observations on epileptic automatism in a mental hospital population</article-title>. <source>J Ment Sci</source>
<year>1953</year>; <volume>99</volume>: <fpage>732</fpage>&#x02013;48.<pub-id pub-id-type="pmid">13109455</pub-id></mixed-citation></ref><ref id="ref26"><label>26</label><mixed-citation publication-type="book" id="cite26"><string-name><surname>Hewitt</surname>
<given-names>R</given-names></string-name>. <chapter-title>Social stigma, stress and enforced transition in specialist epilepsy services 1905&#x02013;1965</chapter-title>. In <source>Healthy Minds in the Twentieth Century: In and Beyond the Asylum</source> (eds <string-name><given-names>SJ</given-names>
<surname>Taylor</surname></string-name>, <string-name><given-names>A</given-names>
<surname>Brumby</surname></string-name>): <fpage>53</fpage>&#x02013;<lpage>72</lpage>. <publisher-name>Springer International Publishing</publisher-name>, <year>2020</year>.</mixed-citation></ref></ref-list></back></article>