<!DOCTYPE article PUBLIC "-//NLM//DTD JATS (Z39.96) Journal Archiving and Interchange DTD v1.1 20151215//EN" "JATS-archivearticle1.dtd"> 
<article xmlns:xlink="http://www.w3.org/1999/xlink" xmlns:mml="http://www.w3.org/1998/Math/MathML" article-type="obituary"><?properties open_access?><?DTDIdentifier.IdentifierValue -//NLM//DTD JATS (Z39.96) Journal Publishing DTD v1.0 20120330//EN?><?DTDIdentifier.IdentifierType public?><?SourceDTD.DTDName JATS-journalpublishing1.dtd?><?SourceDTD.Version 1.0?><?ConverterInfo.XSLTName jp2nlmx2.xsl?><?ConverterInfo.Version 1?><front><journal-meta><journal-id journal-id-type="nlm-ta">BJPsych Bull</journal-id><journal-id journal-id-type="iso-abbrev">BJPsych Bull</journal-id><journal-id journal-id-type="publisher-id">BJB</journal-id><journal-title-group><journal-title>BJPsych Bulletin</journal-title></journal-title-group><issn pub-type="ppub">2056-4694</issn><issn pub-type="epub">2056-4708</issn><publisher><publisher-name>Cambridge University Press</publisher-name><publisher-loc>Cambridge, UK</publisher-loc></publisher></journal-meta><article-meta><article-id pub-id-type="pmcid">6327292</article-id><article-id pub-id-type="doi">10.1192/bjb.2018.95</article-id><article-id pub-id-type="pii">S2056469418000955</article-id><article-id pub-id-type="publisher-id">00095</article-id><article-categories><subj-group subj-group-type="heading"><subject>Obituary</subject></subj-group></article-categories><title-group><article-title>College Members whose deaths were reported at Council meetings between October 2016 and October 2018</article-title><alt-title alt-title-type="left-running">Santos Sinclair</alt-title><alt-title alt-title-type="right-running">Obituary</alt-title></title-group><pub-date pub-type="ppub"><month>2</month><year>2019</year></pub-date><volume>43</volume><issue>1</issue><fpage>48</fpage><lpage>49</lpage><permissions><copyright-statement>&#x000a9; The Royal College of Psychiatrists 2019</copyright-statement><copyright-year>2019</copyright-year><copyright-holder>The Royal College of Psychiatrists</copyright-holder><license license-type="open-access" xlink:href="http://creativecommons.org/licenses/by-nc-nd/4.0/"><license-p><!--CREATIVE COMMONS-->This is an Open Access article, distributed under the terms of the Creative Commons Attribution-NonCommercial-NoDerivatives licence (<ext-link ext-link-type="uri" xlink:href="http://creativecommons.org/licenses/by-nc-nd/4.0/">http://creativecommons.org/licenses/by-nc-nd/4.0/</ext-link>), which permits non-commercial re-use, distribution, and reproduction in any medium, provided the original work is unaltered and is properly cited. The written permission of Cambridge University Press must be obtained for commercial re-use or in order to create a derivative work.</license-p></license></permissions><self-uri xlink:title="pdf" xlink:href="S2056469418000955a.pdf"/><counts><page-count count="2"/></counts></article-meta></front><body><p><bold>Amara</bold>, Ibrahim Benjamin, <italic>Member</italic>, Kingston, Ontario, Canada</p><p><bold>Ainslie</bold>, John Archibald, <italic>Member</italic>, Canterbury, UK</p><p><bold>Aungle</bold>, Peter George, <italic>Fellow</italic>, Dundee, UK</p><p><bold>Bartrop</bold>, Roger Whitworth, <italic>Member</italic>, Roseville, New South Wales, Australia</p><p><bold>Bearcroft</bold>, John Stephen, <italic>Fellow</italic>, Lymington, Hampshire, UK</p><p><bold>Bech</bold>, Per, <italic>Honorary Fellow</italic>, Rungsted, Denmark</p><p><bold>Behrendt</bold>, Ralf-Peter, <italic>Member</italic>, Le Vauquiedor, St. Martin, Guernsey</p><p><bold>Berry</bold>, Colin, <italic>Fellow</italic>, Finham, Coventry, UK</p><p><bold>Berstock</bold>, Reva Leah, <italic>Member</italic>, Hampstead, London, UK</p><p><bold>Bindal</bold>, Kanwal Krishan, <italic>Member</italic>, Omagh, UK</p><p><bold>Brodie</bold>, Harlow Keith Hammond, <italic>Fellow</italic>, Durham, North Carolina, USA</p><p><bold>Black</bold>, Angus William, <italic>Fellow</italic>, Leven, Fife, UK</p><p><bold>Bomford</bold>, John Powell, <italic>Member</italic>, Bendigo, Victoria, Australia</p><p><bold>Brash</bold>, David Laurence, <italic>Member</italic>, Speers Point, New South Wales, Australia</p><p><bold>Brown</bold>, Alexander Campbell, <italic>Fellow</italic>, Clifton, Bristol, UK</p><p><bold>Bruggen</bold>, Peter, <italic>Fellow</italic>, UK</p><p><bold>Buchan</bold>, Terry, <italic>Fellow</italic>, Lesmurdie, Western Australia, Australia</p><p><bold>Burke</bold>, Terence, Member, Fintry, Turriff, UK</p><p><bold>Calwell</bold>, William Perry Kirkwood, <italic>Fellow</italic>, London, UK</p><p><bold>Campbell</bold>, Maria Theresa Goretti T., <italic>Fellow</italic>, Penrith, Cumbria, UK</p><p><bold>Carlish</bold>, Sidney, <italic>Member</italic>, Moseley, Birmingham, UK</p><p><bold>Carson</bold>, James Alexander, <italic>Fellow</italic>, Melbourne, Victoria, Australia</p><p><bold>Colville</bold>, John Robertson, <italic>Member</italic>, Dorchester, Dorset, UK</p><p><bold>Davies</bold>, Roy James, <italic>Fellow</italic>, Burry Port, Wales, UK</p><p><bold>De Alwis</bold>, Kithsiri Hemapala, <italic>Member</italic>, Kidlington, UK</p><p><bold>Denford</bold>, John Douglas, <italic>Fellow</italic>, London, UK</p><p><bold>Dolan</bold>, Robert, <italic>Member</italic>, UK</p><p><bold>Duncan</bold>, Laura, <italic>Member</italic>, Inverurie, Aberdeenshire, UK</p><p><bold>El-Bakly</bold>, Mohammad Madian, <italic>Member</italic>, London, UK</p><p><bold>Farmer</bold>, Christopher John, <italic>Fellow</italic>, Vale, Guernsey</p><p><bold>Enwere</bold>, Sampson Chukwuemeka, <italic>Affiliate</italic>, Milton Keynes, UK</p><p><bold>Evans</bold>, Myrddin, <italic>Fellow</italic>, Llanddew, Brecon, UK</p><p><bold>Famuyiwa</bold>, Oluwole Olumakinde, <italic>Fellow</italic>, Yaba, Lagos State Nigeria</p><p><bold>Fine</bold>, Eric William, <italic>Member</italic>, Elkins Park, Pennsylvania, USA</p><p><bold>Fink</bold>, Klaus Philip, <italic>Fellow</italic>, Hamburg, Germany</p><p><bold>Flanagan</bold>, William Laurence, <italic>Fellow</italic>, Tullibardine, Auchterarder, UK</p><p><bold>Flynn</bold>, Thomas Gerard, <italic>Member</italic>, Omagh, UK</p><p><bold>Fottrell</bold>, Eamonn, <italic>Fellow</italic>, London, UK</p><p><bold>Gallagher</bold>, Melanie Ellen, <italic>Member</italic>, Rathgar, Dublin, Ireland</p><p><bold>Galvin</bold>, Fionnuala Delia Maria, <italic>Member</italic>, Moycullen, Co Galway, Ireland</p><p><bold>Ghoshal</bold>, Jogeschandra, <italic>Member</italic>, Kirkintilloch, Glasgow, UK</p><p><bold>Gledhill</bold>, Maureen Thelma, <italic>Member</italic>, London, UK</p><p><bold>Green</bold>, Elizabeth Aimee, <italic>Member</italic>, UK</p><p><bold>Hardman</bold>, Anthony Eric, <italic>Fellow</italic>, Southport, Merseyside, UK</p><p><bold>Heaton</bold>, John Moorhouse, <italic>Affiliate</italic>, London, UK</p><p><bold>Hertzog</bold>, Jeanne Lovell, <italic>Foundation Member</italic>, Emsworth, UK</p><p><bold>Higginson</bold>, John Christopher, <italic>Member</italic>, Banstead, UK</p><p><bold>Hoare</bold>, Peter, <italic>Fellow</italic>, Henley-On-Thames, Oxfordshire, UK</p><p><bold>Hodgson</bold>, Oliver Ernest Fenner, <italic>Fellow</italic>, Histon, Cambridge, UK</p><p><bold>Irvine</bold>, George Murray, <italic>Member</italic>, Sudbury, Ontario, Canada</p><p><bold>James</bold>, Basil, <italic>Fellow</italic>, Townsville, Queensland, Australia</p><p><bold>Jayawant</bold>, Girija Sandeep, <italic>Affiliate</italic>, Marston, Oxford, UK</p><p><bold>Jimenez Leiva</bold>, David, <italic>Member</italic>, Pozuelo De Alacon, Madrid, Spain</p><p><bold>Jones</bold>, Dilys Mair, <italic>Fellow</italic>, Old Windsor, Windsor, UK</p><p><bold>Jones</bold>, Kingsley, <italic>Fellow</italic>, Loddon, Norwich, UK</p><p><bold>Kane</bold>, Eileen Patricia, <italic>Member</italic>, Londonderry, UK</p><p><bold>Kaplan</bold>, Theodore Harry, <italic>Member</italic>, Mount Carmel, Haifa, Israel</p><p><bold>Kesharwani</bold>, Shailesh Kumar, <italic>Affiliate</italic>, Bolton, Lancashire, UK</p><p><bold>Klasen</bold>, Henrika, <italic>Member</italic>, Haarlem, The Netherlands</p><p><bold>Kornan</bold>, Paul Jacob, <italic>Member</italic>, Melbourne, Victoria, Australia</p><p><bold>Lawler</bold>, Matthew Patrick Gerald, <italic>Member</italic>, Letterkenny, Co Donegal, Ireland</p><p><bold>Lee</bold>, Catherine Ishbel Mackenzie, <italic>Member</italic>, Wexford, Ireland</p><p><bold>Lekh</bold>, Sudesh Kumar, <italic>Member</italic>, Banstead, Surrey, UK</p><p><bold>Leuvennink</bold>, Johannes Cornelius, <italic>Fellow</italic>, Dumfries, UK</p><p><bold>Lewis</bold>, Dawn Christine, <italic>Chair &#x02013; Carer's Forum</italic>, Hereford, Herefordshire, UK</p><p><bold>Liebling</bold>, Leonard Irving, <italic>Fellow</italic>, Sutton Coldfield, UK</p><p><bold>Lucas</bold>, Christopher James, <italic>Fellow</italic>, Letchworth Garden City, Hertfordshire, UK</p><p><bold>Lutchmun</bold>, Nemnarainsingh, <italic>Member</italic>, London, UK</p><p><bold>MacBride</bold>, Timothy P, <italic>Affiliate</italic>, Letterkenny, Co Donegal, Ireland</p><p><bold>MacCallum</bold>, William Andrew Gordon, <italic>Fellow</italic>, Belfast, UK</p><p><bold>McBride</bold>, Thomas Mary, <italic>Member</italic>, Carrigawley, Letterkenny, Ireland</p><p><bold>McConnell</bold>, William Brian, <italic>Fellow</italic>, Newtown Abbey, UK</p><p><bold>Mahmoud</bold>, Ahmed Mohamed Ahmed, <italic>Specialist Associate</italic>, Nantwich, Cheshire, UK</p><p><bold>Mahendran</bold>, Chelladurai, <italic>Affiliate</italic>, Harrow, UK</p><p><bold>Malitz</bold>, Sidney, <italic>Fellow</italic>, Scarsdale, New York, USA</p><p><bold>Manukulasuriya</bold>, Susil, <italic>Member</italic>, Aylesbury, UK</p><p><bold>Maule</bold>, Rachel Emily, <italic>Member</italic>, Auckland, New Zealand</p><p><bold>Mitchell</bold>, Alexander Ross Kerr, <italic>Fellow</italic>, Cambridge, UK</p><p><bold>Nanayakkara</bold>, Vitharana Aratchi Gamini, <italic>Member</italic>, Oxford, UK</p><p><bold>Ng</bold>, Hon-Shing, <italic>Member</italic>, Tuen Mun, Hong Kong</p><p><bold>Oakeshott</bold>, Simon, <italic>Member</italic>, Great Shelford, Cambridge, UK</p><p><bold>Ogunde</bold>, Cheyvonne Charlene, <italic>Member</italic>, Wibsey, Bradford, UK</p><p><bold>Olamosu</bold>, Abayomi, <italic>Affiliate</italic>, Yeovil, Somerset, UK</p><p><bold>Padamsee</bold>, Kabir, <italic>Fellow</italic>, Mill Hill, Brentwood, UK</p><p><bold>Parker</bold>, Robert Renshaw, <italic>Member</italic>, Knowsley Village, UK</p><p><bold>Pierce</bold>, Chester Middlebrook, <italic>Honorary Fellow</italic>, Jamaica Plain, Massachusetts, USA</p><p><bold>Pilkington</bold>, Pamela, <italic>Member</italic>, London, UK</p><p><bold>Pokorny</bold>, Michael Robert, <italic>Fellow</italic>, Mapperley Park, Nottingham, UK</p><p><bold>Prentice</bold>, Rachel, <italic>Pre-Membership Psychiatric Trainee</italic>, Fulwood, Preston, UK</p><p><bold>Priest</bold>, Robert George, <italic>Fellow</italic>, Iver, UK</p><p><bold>Pugh</bold>, Caroline, <italic>Member</italic>, Holywood, Co Down, UK</p><p><bold>Quinn</bold>, John Francis, <italic>Member</italic>, Monkstown, Co Dublin, Ireland</p><p><bold>Raju</bold>, Sutharsan, <italic>Member</italic>, Bedford, UK</p><p><bold>Reddie</bold>, Ethel Mary, <italic>Member</italic>, Bromsgrove, UK</p><p><bold>Reveley</bold>, Adrianne Moore, <italic>Fellow</italic>, London, UK</p><p><bold>Ritson</bold>, Roger, <italic>Affiliate</italic>, Douglas, Isle of Man</p><p><bold>Roper</bold>, Peter Digby Lewington, <italic>Member</italic>, Montreal, Quebec, Canada</p><p><bold>Scholefield</bold>, Charles, <italic>Member</italic>, Uldale, Wigton, UK</p><p><bold>Shepperd</bold>, Margaret Joyce, <italic>Affiliate</italic>, Port Navas, Falmouth, UK</p><p><bold>Stamp</bold>, Edwin Frederick Charles, <italic>Member</italic>, Mount Evelyn, Victoria, Australia</p><p><bold>Stanley</bold>, Ann Katharine, <italic>Fellow</italic>, Thorpe, Norwich, UK</p><p><bold>Strickland</bold>, Paul Laurence, <italic>Fellow</italic>, Manchester, UK</p><p><bold>Timol</bold>, Sulaiman Ahmed, <italic>Affiliate</italic>, Thorpe Bay, Southend on Sea, UK</p><p><bold>Toms</bold>, David Anthony, <italic>Fellow</italic>, Tipton St. John, Sidmouth, UK</p><p><bold>Walczak</bold>, Paul Martin, <italic>Affiliate</italic>, Rochdale, Lancashire, UK</p><p><bold>Walker</bold>, Derek Lindsay, <italic>Fellow</italic>, Painswick, Stroud, UK</p><p><bold>Watt</bold>, Kerry Fiona, <italic>Member</italic>, Richmond, North Yorkshire, UK</p><p><bold>Watts</bold>, Terence Christopher, <italic>Member</italic>, Glanamman, Ammanford, UK</p><p><bold>Westerholm</bold>, Ronald, <italic>Fellow</italic>, Bishopston, Swansea, UK</p><p><bold>Whewell</bold>, Peter John, <italic>Fellow</italic>, Gosforth, Newcastle upon Tyne, UK</p><p><bold>Williams</bold>, Akintunde Olufolahan, <italic>Member</italic>, Liverpool, UK</p><p><bold>Wilson</bold>, Lesley, <italic>Member</italic>, St. Lawrence, Jersey</p><p><bold>Winn</bold>, Pauline Imogen Margaret, <italic>Member</italic>, Brentford, UK</p><p><bold>Wool</bold>, Rosemary Jane, <italic>Fellow</italic>, Aston Clinton, Aylesbury, UK</p><p><bold>Woolridge</bold>, James Bancroft, <italic>Member</italic>, Malanda, Queensland, Australia</p><p><bold>Worters</bold>, Alastair Robin, <italic>Fellow</italic>, Eyemouth, UK</p></body></article>