<!DOCTYPE article PUBLIC "-//NLM//DTD JATS (Z39.96) Journal Archiving and Interchange DTD v1.2 20190208//EN" "JATS-archivearticle1.dtd"> 
<article xmlns:xlink="http://www.w3.org/1999/xlink" xmlns:mml="http://www.w3.org/1998/Math/MathML" article-type="correction"><?properties open_access?><?DTDIdentifier.IdentifierValue -//NLM//DTD JATS (Z39.96) Journal Publishing DTD v1.0 20120330//EN?><?DTDIdentifier.IdentifierType public?><?SourceDTD.DTDName JATS-journalpublishing1.dtd?><?SourceDTD.Version 1.0?><?ConverterInfo.XSLTName jp2nlmx2.xsl?><?ConverterInfo.Version 1?><front><journal-meta><journal-id journal-id-type="nlm-ta">BJPsych Bull</journal-id><journal-id journal-id-type="iso-abbrev">BJPsych Bull</journal-id><journal-id journal-id-type="publisher-id">BJB</journal-id><journal-title-group><journal-title>BJPsych Bulletin</journal-title></journal-title-group><issn pub-type="ppub">2056-4694</issn><issn pub-type="epub">2056-4708</issn><publisher><publisher-name>Cambridge University Press</publisher-name><publisher-loc>Cambridge, UK</publisher-loc></publisher></journal-meta><article-meta><article-id pub-id-type="pmcid">6472312</article-id><article-id pub-id-type="doi">10.1192/bjb.2019.15</article-id><article-id pub-id-type="pii">S2056469419000159</article-id><article-id pub-id-type="publisher-id">00015</article-id><article-categories><subj-group subj-group-type="heading"><subject>Erratum</subject></subj-group></article-categories><title-group><article-title>College Members whose deaths were reported at Council meetings between October 2016 and October 2018 &#x02013; ERRATUM</article-title><alt-title alt-title-type="left-running">Erratum</alt-title><alt-title alt-title-type="right-running">Erratum</alt-title></title-group><pub-date pub-type="ppub"><month>4</month><year>2019</year></pub-date><pub-date pub-type="pmc-release"><month>4</month><year>2019</year></pub-date><!-- PMC Release delay is 0 months and 0 days and was based on the <pub-date pub-type="ppub"/>. --><volume>43</volume><issue>2</issue><fpage>97</fpage><lpage>97</lpage><permissions><copyright-statement>&#x000a9; The Authors 2019</copyright-statement><copyright-year>2019</copyright-year><copyright-holder>The Authors</copyright-holder><license license-type="open-access" xlink:href="http://creativecommons.org/licenses/by/4.0/"><license-p><!--CREATIVE COMMONS-->This is an Open Access article, distributed under the terms of the Creative Commons Attribution licence (<ext-link ext-link-type="uri" xlink:href="http://creativecommons.org/licenses/by/4.0/">http://creativecommons.org/licenses/by/4.0/</ext-link>), which permits unrestricted re-use, distribution, and reproduction in any medium, provided the original work is properly cited.</license-p></license></permissions><self-uri xlink:title="pdf" xlink:href="S2056469419000159a.pdf"/><related-article related-article-type="corrected-article" id="d35e63" ext-link-type="doi" xlink:href="10.1192/bjb.2018.95"><uri xlink:type="simple" xlink:href="https://doi.org/10.1192/bjb.2018.95">https://doi.org/10.1192/bjb.2018.95</uri>, Published online by <publisher-loc>Cambridge University Press</publisher-loc>, 09 January <year>2019</year></related-article><counts><ref-count count="1"/><page-count count="1"/></counts></article-meta></front><body><p>We included in error Dr Thomas Mary McBride of Carrigawley, Letterkenny, Ireland in the <italic>In Memoriam</italic> list published in the February 2019 issue. The information supplied to us was inaccurate but records have now been updated. We apologise to Dr McBride for this unfortunate error.</p></body><back><ref-list id="reflist1"><title>Reference</title><ref id="ref1"><mixed-citation publication-type="journal"><article-title>College Members whose deaths were reported at Council meetings between October 2016 and October 2018</article-title>. <source>BJPsych Bulletin</source>, <year>2019</year>; <volume>43</volume>: <fpage>48</fpage>&#x02013;<lpage>49</lpage>.</mixed-citation></ref></ref-list></back></article>