<!DOCTYPE article PUBLIC "-//NLM//DTD JATS (Z39.96) Journal Archiving and Interchange DTD v1.2 20190208//EN" "JATS-archivearticle1.dtd"> 
<article xmlns:xlink="http://www.w3.org/1999/xlink" xmlns:mml="http://www.w3.org/1998/Math/MathML" article-type="letter"><?properties open_access?><?DTDIdentifier.IdentifierValue -//NLM//DTD JATS (Z39.96) Journal Publishing DTD v1.0 20120330//EN?><?DTDIdentifier.IdentifierType public?><?SourceDTD.DTDName JATS-journalpublishing1.dtd?><?SourceDTD.Version 1.0?><?ConverterInfo.XSLTName jp2nlmx2.xsl?><?ConverterInfo.Version 1?><front><journal-meta><journal-id journal-id-type="nlm-ta">BJPsych Bull</journal-id><journal-id journal-id-type="iso-abbrev">BJPsych Bull</journal-id><journal-id journal-id-type="publisher-id">BJB</journal-id><journal-title-group><journal-title>BJPsych Bulletin</journal-title></journal-title-group><issn pub-type="ppub">2056-4694</issn><issn pub-type="epub">2056-4708</issn><publisher><publisher-name>Cambridge University Press</publisher-name><publisher-loc>Cambridge, UK</publisher-loc></publisher></journal-meta><article-meta><article-id pub-id-type="pmcid">6642985</article-id><article-id pub-id-type="doi">10.1192/bjb.2019.46</article-id><article-id pub-id-type="pii">S2056469419000469</article-id><article-id pub-id-type="publisher-id">00046</article-id><article-categories><subj-group subj-group-type="heading"><subject>Correspondence</subject></subj-group></article-categories><title-group><article-title>Effects of suicide on psychiatry trainees</article-title><alt-title alt-title-type="left-running">Correspondence</alt-title><alt-title alt-title-type="right-running">Correspondence</alt-title></title-group><contrib-group><contrib contrib-type="author"><name><surname>Calcia</surname><given-names>Marilia</given-names></name><xref ref-type="aff" rid="aff1"/></contrib><contrib contrib-type="author"><name><surname>Debelle</surname><given-names>Alice</given-names></name><xref ref-type="aff" rid="aff2"/></contrib></contrib-group><aff id="aff1"><addr-line>Consultant Liaison Psychiatrist</addr-line>, <addr-line>South London and Maudsley NHS Foundation Trust</addr-line>, <country>UK</country>. email: <email>marilia.calcia@nhs.net</email></aff><aff id="aff2"><addr-line>Specialist Registrar in Child and Adolescent Psychiatry</addr-line>, <addr-line>South London</addr-line> and <addr-line>Maudsley NHS Foundation Trust</addr-line>, <country>UK</country></aff><pub-date pub-type="ppub"><month>8</month><year>2019</year></pub-date><volume>43</volume><issue>4</issue><fpage seq="b">188</fpage><lpage>188</lpage><permissions><copyright-statement>&#x000a9; The Authors 2019</copyright-statement><copyright-year>2019</copyright-year><copyright-holder>The Authors</copyright-holder><license license-type="open-access" xlink:href="http://creativecommons.org/licenses/by/4.0/"><license-p>This is an Open Access article, distributed under the terms of the Creative Commons Attribution licence (<uri xlink:type="simple" xlink:href="http://creativecommons.org/licenses/by/4.0/">http://creativecommons.org/licenses/by/4.0/</uri>), which permits unrestricted re-use, distribution, and reproduction in any medium, provided the original work is properly cited.</license-p></license></permissions><self-uri xlink:title="pdf" xlink:href="S2056469419000469a.pdf"/><related-article related-article-type="letter" id="d35e105" ext-link-type="doi" xlink:href="10.1192/bjb.2019.45"/><counts><ref-count count="2"/><page-count count="1"/></counts></article-meta></front><body><p>We read with interest the survey by Gibbons <italic>et al</italic><sup><xref rid="ref1" ref-type="bibr">1</xref></sup> and welcomed the idea of examining what kind of support may help clinicians deal with this difficult aspect of mental health practice.</p><p>It is interesting to note how some responses to the survey indicated that having experienced a patient suicide as a trainee had a significant influence on the responder's choice of subspecialty. This finding highlights how junior doctors, whether in a formal training programme or not, are particularly vulnerable to the adverse effects of a patient suicide, with potential effects on recruitment and retainment in psychiatry.</p><p>In our mental health trust in South East London, trainee-led initiatives in collaboration with the postgraduate training department have been making changes to the learning and support offered to junior doctors who are involved in a serious incident investigation in the past 5 years.<sup><xref rid="ref2" ref-type="bibr">2</xref></sup> The projects involve annual events to promote knowledge and discussion about quality and safety; discussions about the process of serious incident investigations and the support available at each junior doctor induction; and the development of a written resource on formal and informal sources of support for junior doctors involved in a serious incident investigation. These projects are under constant review in order to respond to trainee feedback.</p><p>We thank the authors for the valuable work exploring how suicide can affect doctors of any grade. We hope that mental health trusts and postgraduate training departments continue working to develop formal and informal support structures for doctors experiencing this difficult event.</p></body><back><ref-list id="reflist1"><ref id="ref1"><label>1</label><mixed-citation publication-type="journal"><name><surname>Gibbons</surname><given-names>R</given-names></name>, <name><surname>Brand</surname><given-names>F</given-names></name>, <name><surname>Carbonnier</surname><given-names>A</given-names></name>, <name><surname>Croft</surname><given-names>A.</given-names></name>
<article-title>Effects of patient suicide on psychiatrists: survey of experiences and support required</article-title>. <source>BJPsych Bull</source>
<year>2019</year>; doi: <pub-id pub-id-type="doi">10.1192/bjb.2019.26</pub-id>.</mixed-citation></ref><ref id="ref2"><label>2</label><mixed-citation publication-type="journal"><name><surname>Calcia</surname><given-names>M.</given-names></name>
<article-title>Why adverse incidents are an opportunity for learning</article-title>. <source>BMJ</source>
<year>2016</year>; <volume>355</volume>: <fpage>i5069</fpage>.</mixed-citation></ref></ref-list></back></article>