<!DOCTYPE article PUBLIC "-//NLM//DTD JATS (Z39.96) Journal Archiving and Interchange DTD v1.2 20190208//EN" "JATS-archivearticle1.dtd"> 
<article xmlns:xlink="http://www.w3.org/1999/xlink" xmlns:mml="http://www.w3.org/1998/Math/MathML" article-type="addendum"><?properties open_access?><?DTDIdentifier.IdentifierValue -//NLM//DTD JATS (Z39.96) Journal Publishing DTD v1.0 20120330//EN?><?DTDIdentifier.IdentifierType public?><?SourceDTD.DTDName JATS-journalpublishing1.dtd?><?SourceDTD.Version 1.0?><?ConverterInfo.XSLTName jp2nlmx2.xsl?><?ConverterInfo.Version 1?><front><journal-meta><journal-id journal-id-type="nlm-ta">BJPsych Bull</journal-id><journal-id journal-id-type="iso-abbrev">BJPsych Bull</journal-id><journal-id journal-id-type="publisher-id">BJB</journal-id><journal-title-group><journal-title>BJPsych Bulletin</journal-title></journal-title-group><issn pub-type="ppub">2056-4694</issn><issn pub-type="epub">2056-4708</issn><publisher><publisher-name>Cambridge University Press</publisher-name><publisher-loc>Cambridge, UK</publisher-loc></publisher></journal-meta><article-meta><article-id pub-id-type="pmcid">6642999</article-id><article-id pub-id-type="pmid">31177995</article-id><article-id pub-id-type="doi">10.1192/bjb.2019.40</article-id><article-id pub-id-type="pii">S2056469419000408</article-id><article-id pub-id-type="publisher-id">00040</article-id><article-categories><subj-group subj-group-type="heading"><subject>Addendum</subject></subj-group></article-categories><title-group><article-title>Unheard voices: outcomes of tertiary care for treatment-refractory psychosis &#x02014; ADDENDUM</article-title><alt-title alt-title-type="left-running">Addendum</alt-title><alt-title alt-title-type="right-running">Addendum</alt-title></title-group><contrib-group><contrib contrib-type="author"><name><surname>Sarkar</surname><given-names>S. Neil</given-names></name></contrib><contrib contrib-type="author"><name><surname>Tracy</surname><given-names>Derek K.</given-names></name></contrib><contrib contrib-type="author"><name><surname>Fernandez</surname><given-names>Maria-Jesus Mateos</given-names></name></contrib><contrib contrib-type="author"><name><surname>Nalesnik</surname><given-names>Natasza</given-names></name></contrib><contrib contrib-type="author"><name><surname>Dhillon</surname><given-names>Gurbinder</given-names></name></contrib><contrib contrib-type="author"><name><surname>Onwumere</surname><given-names>Juliana</given-names></name></contrib><contrib contrib-type="author"><name><surname>Prins</surname><given-names>Anne-Marye</given-names></name></contrib><contrib contrib-type="author"><name><surname>Schepman</surname><given-names>Karen</given-names></name></contrib><contrib contrib-type="author"><name><surname>Collier</surname><given-names>Tracy</given-names></name></contrib><contrib contrib-type="author"><name><surname>White</surname><given-names>Thomas P.</given-names></name></contrib><contrib contrib-type="author"><name><surname>Patel</surname><given-names>Anita</given-names></name></contrib><contrib contrib-type="author"><name><surname>Gaughran</surname><given-names>Fiona</given-names></name></contrib><contrib contrib-type="author"><name><surname>Shergill</surname><given-names>Sukhwinder S.</given-names></name></contrib></contrib-group><pub-date pub-type="ppub"><month>8</month><year>2019</year></pub-date><volume>43</volume><issue>4</issue><fpage>194</fpage><lpage>194</lpage><permissions><copyright-statement>&#x000a9; The Authors 2019</copyright-statement><copyright-year>2019</copyright-year><copyright-holder>The Authors</copyright-holder><license license-type="open-access" xlink:href="http://creativecommons.org/licenses/by/4.0/"><license-p><!--CREATIVE COMMONS-->This is an Open Access article, distributed under the terms of the Creative Commons Attribution licence (<ext-link ext-link-type="uri" xlink:href="http://creativecommons.org/licenses/by/4.0/">http://creativecommons.org/licenses/by/4.0/</ext-link>), which permits unrestricted re-use, distribution, and reproduction in any medium, provided the original work is properly cited.</license-p></license></permissions><self-uri xlink:title="pdf" xlink:href="S2056469419000408a.pdf"/><related-article related-article-type="addended-article" id="d35e143" ext-link-type="doi" xlink:href="10.1192/pb.bp.112.042598"><uri xlink:type="simple" xlink:href="https://doi.org/10.1192/pb.bp.112.042598">https://doi.org/10.1192/pb.bp.112.042598</uri>, Published online by the <publisher-name>Royal College of Psychiatrists</publisher-name>, 2nd January <year>2018</year></related-article><counts><ref-count count="1"/><page-count count="1"/></counts></article-meta></front><body><p>There was an oversight regarding the acknowledgement of funding from the European Research Council, which was a contractual obligation for the funding. Professor Sukhwinder S. Shergill was funded by an ERC Consolidator Award.</p></body><back><ref-list id="reflist1"><title>Reference</title><ref id="ref1"><mixed-citation publication-type="journal"><name><surname>Sarkar</surname><given-names>SN</given-names></name>, <name><surname>Tracy</surname><given-names>DK</given-names></name>, <name><surname>Fernandez</surname><given-names>M-JM</given-names></name>, <name><surname>Nalesnik</surname><given-names>N</given-names></name>, <name><surname>Dhillon</surname><given-names>G</given-names></name>, <name><surname>Onwumere</surname><given-names>J</given-names></name>, <name><surname>Prins</surname><given-names>A-M</given-names></name>, <etal/>
<article-title>Unheard voices: outcomes of tertiary care for treatment-refractory psychosis</article-title>. <source>The Psychiatr Bull</source>
<year>2014</year>; <volume>38</volume>: <fpage>71</fpage>&#x02013;<lpage>74</lpage>.</mixed-citation></ref></ref-list></back></article>