<!DOCTYPE article PUBLIC "-//NLM//DTD JATS (Z39.96) Journal Archiving and Interchange DTD v1.2 20190208//EN" "JATS-archivearticle1.dtd"> 
<article xmlns:xlink="http://www.w3.org/1999/xlink" xmlns:mml="http://www.w3.org/1998/Math/MathML" article-type="letter"><?properties open_access?><?DTDIdentifier.IdentifierValue -//NLM//DTD JATS (Z39.96) Journal Publishing DTD v1.0 20120330//EN?><?DTDIdentifier.IdentifierType public?><?SourceDTD.DTDName JATS-journalpublishing1.dtd?><?SourceDTD.Version 1.0?><?ConverterInfo.XSLTName jp2nlmx2.xsl?><?ConverterInfo.Version 1?><front><journal-meta><journal-id journal-id-type="nlm-ta">BJPsych Bull</journal-id><journal-id journal-id-type="iso-abbrev">BJPsych Bull</journal-id><journal-id journal-id-type="publisher-id">BJB</journal-id><journal-title-group><journal-title>BJPsych Bulletin</journal-title></journal-title-group><issn pub-type="ppub">2056-4694</issn><issn pub-type="epub">2056-4708</issn><publisher><publisher-name>Cambridge University Press</publisher-name><publisher-loc>Cambridge, UK</publisher-loc></publisher></journal-meta><article-meta><article-id pub-id-type="pmcid">6472306</article-id><article-id pub-id-type="doi">10.1192/bjb.2019.10</article-id><article-id pub-id-type="pii">S205646941900010X</article-id><article-id pub-id-type="publisher-id">00010</article-id><article-categories><subj-group subj-group-type="heading"><subject>Correspondence</subject></subj-group></article-categories><title-group><article-title>Psychological aspects of wound management following self-harm on psychiatric wards</article-title><alt-title alt-title-type="left-running">Correspondences</alt-title><alt-title alt-title-type="right-running">Correspondences</alt-title></title-group><contrib-group><contrib contrib-type="author"><name><surname>Rubitel</surname><given-names>Alla</given-names></name><xref ref-type="aff" rid="aff1"/></contrib></contrib-group><aff id="aff1"><addr-line>Consultant Psychiatrist in Psychotherapy</addr-line>, <addr-line>Central and North West London NHS Foundation Trust</addr-line>; email: <email>alla.rubitel@nhs.net</email></aff><pub-date pub-type="ppub"><month>4</month><year>2019</year></pub-date><volume>43</volume><issue>2</issue><fpage>89</fpage><lpage>89</lpage><permissions><copyright-statement>&#x000a9; The Authors 2019</copyright-statement><copyright-year>2019</copyright-year><copyright-holder>The Authors</copyright-holder><license license-type="open-access" xlink:href="http://creativecommons.org/licenses/by/4.0/"><license-p><!--CREATIVE COMMONS-->This is an Open Access article, distributed under the terms of the Creative Commons Attribution licence (<ext-link ext-link-type="uri" xlink:href="http://creativecommons.org/licenses/by/4.0/">http://creativecommons.org/licenses/by/4.0/</ext-link>), which permits unrestricted re-use, distribution, and reproduction in any medium, provided the original work is properly cited.</license-p></license></permissions><self-uri xlink:title="pdf" xlink:href="S205646941900010Xa.pdf"/><related-article related-article-type="letter" id="d35e80" ext-link-type="doi" xlink:href="10.1192/bjb.2019.9"/><counts><ref-count count="1"/><page-count count="1"/></counts></article-meta></front><body><p>I note with interest the initiative by Buick <italic>et al</italic> to evaluate a peer-led workshop on suturing skills for doctors working in psychiatric hospitals.<sup>1</sup></p><p>The authors describe improved confidence of doctors with regards to suturing, associated with a reduction in transfers to accident and emergency (A&#x00026;E) departments and a significant potential cost saving (calculated at &#x000a3;183.76 for each transfer that is avoided). It would be interesting to learn whether the intervention was associated with any change in the frequency of self-harm on the psychiatric wards.</p><p>Albert <italic>et al</italic> make important comments on the benefits for doctors in continuing to apply their basic medical skills in this context, and point to a cognitive&#x02013;analytic model to describe role reciprocity in the case of self-harming patients having interventions for their wounds. It would be interesting to investigate further how in-house physical treatment may differ from A&#x00026;E treatment concerning rescuer-to-rescued roles and reinforcement.</p><p>I would like to suggest that the decision to provide physical treatments (including suturing) &#x02013; or the decision not to do so &#x02013; will have an effect on the overall treating relationship and treatment frame.</p><p>What does it mean for a patient who expresses distress or hostility through cutting, when the doctor tasked with treating their psychological difficulties also becomes involved in the physically intimate act of suturing their body? How are the doctor's own emotional responses towards the patient's self-harm and the subsequent restorative procedure registered and managed when the doctor either performs the procedure directly, or sends the patient to A&#x00026;E?</p><p>Perhaps these complex emotional factors could also be worked out in peer groups &#x02013; in particular through Balint or other psychological case-based discussion groups.</p></body><back><ref-list id="reflist1"><ref id="ref1"><label>1</label><mixed-citation publication-type="journal"><name><surname>Buick</surname><given-names>TA</given-names></name>, <name><surname>Hamilton</surname><given-names>D</given-names></name>, <name><surname>Weatherdon</surname><given-names>G</given-names></name>, <name><surname>O'Shea</surname><given-names>CI</given-names></name>, <name><surname>McAlpine</surname><given-names>G.</given-names></name>
<article-title>Evaluating the effects of a peer-led suturing and wound management workshop for doctors working in a psychiatric hospital</article-title>. <source>BJPsych Bulletin</source>
<year>2008</year>; <volume>42</volume>, <fpage>211</fpage>&#x02013;6.</mixed-citation></ref></ref-list></back></article>