<!DOCTYPE article PUBLIC "-//NLM//DTD JATS (Z39.96) Journal Archiving and Interchange DTD with MathML3 v1.2 20190208//EN" "JATS-archivearticle1-mathml3.dtd"> 
<article xmlns:xlink="http://www.w3.org/1999/xlink" xmlns:mml="http://www.w3.org/1998/Math/MathML" article-type="letter"><?properties open_access?><?DTDIdentifier.IdentifierValue -//NLM//DTD JATS (Z39.96) Journal Publishing DTD v1.0 20120330//EN?><?DTDIdentifier.IdentifierType public?><?SourceDTD.DTDName JATS-journalpublishing1.dtd?><?SourceDTD.Version 1.0?><?ConverterInfo.XSLTName jp2nlmx2.xsl?><?ConverterInfo.Version 1?><front><journal-meta><journal-id journal-id-type="nlm-ta">BJPsych Bull</journal-id><journal-id journal-id-type="iso-abbrev">BJPsych Bull</journal-id><journal-id journal-id-type="publisher-id">BJB</journal-id><journal-title-group><journal-title>BJPsych Bulletin</journal-title></journal-title-group><issn pub-type="ppub">2056-4694</issn><issn pub-type="epub">2056-4708</issn><publisher><publisher-name>Cambridge University Press</publisher-name><publisher-loc>Cambridge, UK</publisher-loc></publisher></journal-meta><article-meta><article-id pub-id-type="pmcid">8058873</article-id><article-id pub-id-type="doi">10.1192/bjb.2019.60</article-id><article-id pub-id-type="pii">S2056469419000603</article-id><article-id pub-id-type="publisher-id">00060</article-id><article-categories><subj-group subj-group-type="heading"><subject>Correspondence</subject></subj-group></article-categories><title-group><article-title>Response to Dr Spoto</article-title><alt-title alt-title-type="left-running">Correspondences</alt-title><alt-title alt-title-type="right-running">Correspondences</alt-title></title-group><contrib-group><contrib contrib-type="author"><name><surname>Burn</surname><given-names>Wendy</given-names></name><xref ref-type="aff" rid="aff1"/></contrib></contrib-group><aff id="aff1"><addr-line>President</addr-line>, <institution>Royal College of Psychiatrists</institution></aff><pub-date pub-type="ppub"><month>10</month><year>2019</year></pub-date><volume>43</volume><issue>5</issue><fpage>245</fpage><lpage>245</lpage><permissions><copyright-statement>&#x000a9; The Author 2019</copyright-statement><copyright-year>2019</copyright-year><copyright-holder>The Author</copyright-holder><license><ali:license_ref xmlns:ali="http://www.niso.org/schemas/ali/1.0/" specific-use="textmining" content-type="ccbyncndlicense">https://creativecommons.org/licenses/by-nc-nd/4.0/</ali:license_ref><license-p>This is an Open Access article, distributed under the terms of the Creative Commons Attribution-NonCommercial-NoDerivatives licence (<ext-link xlink:href="https://creativecommons.org/licenses/by-nc-nd/4.0/" ext-link-type="uri">http://creativecommons.org/licenses/by-nc-nd/4.0/</ext-link>), which permits non-commercial re-use, distribution, and reproduction in any medium, provided the original work is unaltered and is properly cited. The written permission of Cambridge University Press must be obtained for commercial re-use or in order to create a derivative work.</license-p></license></permissions><self-uri xlink:title="pdf" xlink:href="S2056469419000603a.pdf"/><counts><page-count count="1"/></counts></article-meta></front><body><p>Dr Giuseppe Spoto asks why the College has not made a statement about the treatment of Nazanin Zaghari-Ratcliffe in Iran and remembers that in the past it has spoken out against abuse of psychiatry in the former Soviet Union in the 1970s.</p><p>We remain active in responding to cases where we believe there has been abuse of human rights. We have to be very cautious about making public statements on these issues; we never act until we have taken advice from those working closely with the family and supporters of the individual concerned and from agencies such as Amnesty International. It would be easy to unwittingly make the situation worse for the people involved.</p></body></article>