<!DOCTYPE article PUBLIC "-//NLM//DTD JATS (Z39.96) Journal Archiving and Interchange DTD with MathML3 v1.2 20190208//EN" "JATS-archivearticle1-mathml3.dtd"> 
<article xmlns:xlink="http://www.w3.org/1999/xlink" xmlns:mml="http://www.w3.org/1998/Math/MathML" article-type="letter"><?properties open_access?><?DTDIdentifier.IdentifierValue -//NLM//DTD JATS (Z39.96) Journal Publishing DTD v1.0 20120330//EN?><?DTDIdentifier.IdentifierType public?><?SourceDTD.DTDName JATS-journalpublishing1.dtd?><?SourceDTD.Version 1.0?><?ConverterInfo.XSLTName jp2nlmx2.xsl?><?ConverterInfo.Version 1?><front><journal-meta><journal-id journal-id-type="nlm-ta">BJPsych Bull</journal-id><journal-id journal-id-type="iso-abbrev">BJPsych Bull</journal-id><journal-id journal-id-type="publisher-id">BJB</journal-id><journal-title-group><journal-title>BJPsych Bulletin</journal-title></journal-title-group><issn pub-type="ppub">2056-4694</issn><issn pub-type="epub">2056-4708</issn><publisher><publisher-name>Cambridge University Press</publisher-name><publisher-loc>Cambridge, UK</publisher-loc></publisher></journal-meta><article-meta><article-id pub-id-type="pmcid">8058820</article-id><article-id pub-id-type="doi">10.1192/bjb.2019.27</article-id><article-id pub-id-type="pii">S2056469419000275</article-id><article-id pub-id-type="publisher-id">00027</article-id><article-categories><subj-group subj-group-type="heading"><subject>Correspondence</subject></subj-group></article-categories><title-group><article-title>Correcting inaccurate assumptions underpinning Transforming Care in England</article-title><alt-title alt-title-type="left-running">Correspondences</alt-title><alt-title alt-title-type="right-running">Correspondences</alt-title></title-group><contrib-group><contrib contrib-type="author"><name><surname>O'Hara</surname><given-names>Jean</given-names></name><xref ref-type="aff" rid="aff1"/></contrib></contrib-group><aff id="aff1"><addr-line>National Clinical Director for Learning Disabilities</addr-line>, <addr-line>NHS England</addr-line>, <addr-line>Royal College of Psychiatrists</addr-line>; email: <email>jean.o'hara1@nhs.net</email></aff><pub-date pub-type="ppub"><month>6</month><year>2019</year></pub-date><volume>43</volume><issue>3</issue><fpage>141</fpage><lpage>141</lpage><permissions><copyright-statement>&#x000a9; The Author 2019</copyright-statement><copyright-year>2019</copyright-year><copyright-holder>The Author</copyright-holder><license><ali:license_ref xmlns:ali="http://www.niso.org/schemas/ali/1.0/" specific-use="textmining" content-type="ccbyncndlicense">https://creativecommons.org/licenses/by-nc-nd/4.0/</ali:license_ref><license-p>This is an Open Access article, distributed under the terms of the Creative Commons Attribution-NonCommercial-NoDerivatives licence (<ext-link xlink:href="https://creativecommons.org/licenses/by-nc-nd/4.0/" ext-link-type="uri">http://creativecommons.org/licenses/by-nc-nd/4.0/</ext-link>), which permits non-commercial re-use, distribution, and reproduction in any medium, provided the original work is unaltered and is properly cited. The written permission of Cambridge University Press must be obtained for commercial re-use or in order to create a derivative work.</license-p></license></permissions><self-uri xlink:title="pdf" xlink:href="S2056469419000275a.pdf"/><counts><ref-count count="1"/><page-count count="1"/></counts></article-meta></front><body><p>John Taylor<xref rid="ref1" ref-type="bibr"><sup>1</sup></xref> is an experienced responsible clinician looking after offenders with intellectual disabilities and/or autism presenting with complex needs. I can accept the perceptual position he has taken on some of the challenges outlined in his editorial. However, his assertion that underpinning Transforming Care is an assumption &#x02018;that the hospital is always bad, and community is always better&#x02019; is inaccurate. We have explicitly said that some people will need specialist in-patient care, treatment and support at times. When this is needed, we should strive to deliver better quality care, a reduction in restrictive practices, therapeutic environments, improved patient experience and reduced lengths of stay. At the start of the national learning disability programme, we had a five-fold variation in the &#x02018;need for admission&#x02019; to a mental health/learning disability bed across the country. This has now reduced to a three-fold variation. The National Health Service (NHS) Long Term Plan (<uri xlink:type="simple" xlink:href="http://www.longtermplan.nhs.uk/wp-content/uploads/2019/01/nhs-long-term-plan.pdf">www.longtermplan.nhs.uk/wp-content/uploads/2019/01/nhs-long-term-plan.pdf</uri>) is explicit about its focus on increasing investment in intensive, crisis and community support and improving the quality of in-patient care across the NHS and independent sector.</p></body><back><notes id="nts1" notes-type="other"><title>Conflict of interest</title><p>I am the clinical lead for the national learning disabilities programme in England</p></notes><ref-list id="reflist1"><ref id="ref1"><label>1</label><mixed-citation publication-type="journal"><name><surname>Taylor</surname><given-names>JL</given-names></name>
<article-title>Delivering the Transforming Care programme: a case of smoke and mirrors?</article-title>
<source>BJPsych Bull</source>
<year>2019</year>; doi: <pub-id pub-id-type="doi">10.1192/bjb.2019.3</pub-id>.</mixed-citation></ref></ref-list></back></article>