<!DOCTYPE article PUBLIC "-//NLM//DTD JATS (Z39.96) Journal Archiving and Interchange DTD with MathML3 v1.2 20190208//EN" "JATS-archivearticle1-mathml3.dtd"> 
<article xmlns:xlink="http://www.w3.org/1999/xlink" xmlns:mml="http://www.w3.org/1998/Math/MathML" article-type="editorial"><?properties open_access?><?DTDIdentifier.IdentifierValue -//NLM//DTD JATS (Z39.96) Journal Publishing DTD v1.1 20151215//EN?><?DTDIdentifier.IdentifierType public?><?SourceDTD.DTDName JATS-journalpublishing1.dtd?><?SourceDTD.Version 1.1?><?ConverterInfo.XSLTName jp2nlmx2.xsl?><?ConverterInfo.Version 1?><?covid-19-tdm?><front><journal-meta><journal-id journal-id-type="nlm-ta">BJPsych Bull</journal-id><journal-id journal-id-type="iso-abbrev">BJPsych Bull</journal-id><journal-id journal-id-type="publisher-id">BJB</journal-id><journal-title-group><journal-title>BJPsych Bulletin</journal-title></journal-title-group><issn pub-type="ppub">2056-4694</issn><issn pub-type="epub">2056-4708</issn><publisher><publisher-name>Cambridge University Press</publisher-name><publisher-loc>Cambridge, UK</publisher-loc></publisher></journal-meta><article-meta><article-id pub-id-type="pmcid">7280557</article-id><article-id pub-id-type="doi">10.1192/bjb.2020.54</article-id><article-id pub-id-type="pii">S2056469420000546</article-id><article-categories><subj-group subj-group-type="heading"><subject>Editorial</subject></subj-group></article-categories><title-group><article-title>The COVID-19 pandemic from an acute psychiatric perspective: a London psychiatric intensive care unit experience</article-title></title-group><contrib-group><contrib contrib-type="author"><contrib-id contrib-id-type="orcid" authenticated="true">https://orcid.org/0000-0002-1643-9582</contrib-id><name><surname>Skelton</surname><given-names>Luke</given-names></name><xref ref-type="aff" rid="aff1"/><xref ref-type="corresp" rid="cor1"/></contrib><contrib contrib-type="author"><name><surname>Pugh</surname><given-names>Ria</given-names></name><xref ref-type="aff" rid="aff1"/></contrib><contrib contrib-type="author"><name><surname>Harries</surname><given-names>Bethan</given-names></name><xref ref-type="aff" rid="aff1"/></contrib><contrib contrib-type="author"><name><surname>Blake</surname><given-names>Lucy</given-names></name><xref ref-type="aff" rid="aff1"/></contrib><contrib contrib-type="author"><name><surname>Butler</surname><given-names>Margaret</given-names></name><xref ref-type="aff" rid="aff1"/></contrib><contrib contrib-type="author"><name><surname>Sethi</surname><given-names>Faisil</given-names></name><xref ref-type="aff" rid="aff1"/></contrib></contrib-group><aff id="aff1"><institution>South London and Maudsley NHS Foundation Trust</institution>, <country>UK</country></aff><author-notes><corresp id="cor1">Correspondence to Luke Skelton (<email>luke.skelton@slam.nhs.uk</email>)</corresp></author-notes><pub-date publication-format="electronic" date-type="pub"><day>14</day><month>5</month><year>2020</year></pub-date><fpage>1</fpage><lpage>4</lpage><history><date date-type="received"><day>15</day><month>4</month><year>2020</year></date><date date-type="rev-recd"><day>06</day><month>5</month><year>2020</year></date><date date-type="accepted"><day>11</day><month>5</month><year>2020</year></date></history><permissions><copyright-statement>&#x000a9; The Authors 2020</copyright-statement><copyright-year>2020</copyright-year><copyright-holder>The Authors</copyright-holder><license license-type="open-access" xlink:href="http://creativecommons.org/licenses/by/4.0/"><ali:license_ref xmlns:ali="http://www.niso.org/schemas/ali/1.0/">http://creativecommons.org/licenses/by/4.0/</ali:license_ref><license-p>This is an Open Access article, distributed under the terms of the Creative Commons Attribution licence (<uri xlink:href="http://creativecommons.org/licenses/by/4.0/">http://creativecommons.org/licenses/by/4.0/</uri>), which permits unrestricted re-use, distribution, and reproduction in any medium, provided the original work is properly cited.</license-p></license></permissions><self-uri xlink:title="pdf" xlink:href="S2056469420000546a.pdf"/><abstract abstract-type="normal"><title>Summary</title><p>The COVID-19 pandemic has put the UK's National Health Service under extreme pressure, and acute psychiatric services have had to rapidly adapt to a new way of working. This editorial describes the experience of a London psychiatric intensive care unit (PICU) where all nine in-patients ultimately tested COVID-19 positive.</p></abstract><kwd-group><title>Keywords</title><kwd>In-patient treatment</kwd><kwd>COVID-19</kwd><kwd>psychiatric intensive care unit</kwd><kwd>pandemic</kwd><kwd>comorbidity</kwd></kwd-group><counts><table-count count="1"/><ref-count count="8"/><page-count count="4"/></counts></article-meta></front><body><p>The coronavirus disease 2019 (COVID-19) pandemic has put healthcare systems across the world under immense strain, with over 1.2 million cases across 211 countries causing over 70&#x000a0;000 deaths as of 31 March 2020. COVID-19 is a highly infectious novel coronavirus which spreads via droplet transmission, causing a spectrum of disease from mild illness to severe bilateral pneumonia necessitating intensive care treatment.<xref rid="ref1" ref-type="bibr"><sup>1</sup></xref> While acute hospitals prepare for an influx of cases by increasing intensive care capacity and retraining staff, at the time of the events described here there was a lack of specific public health guidance for psychiatric services. In the following weeks, the Royal College of Psychiatrists produced COVID-19 guidance for the acute psychiatric setting and the National Association of Psychiatric Intensive Care and Low Secure Units has published guidance for management of acute disturbance in a psychiatric intensive care unit (PICU) setting.<xref rid="ref2" ref-type="bibr"><sup>2</sup></xref><sup>,</sup><xref rid="ref3" ref-type="bibr"><sup>3</sup></xref></p><p>COVID-19 presents a unique challenge to the in-patient psychiatry setting owing to the nature of psychiatric illness and its treatment. The London PICU described here is a female, 10-bed locked ward comprising two corridors, each with five single bedrooms and two shared bathrooms. There is an extra care area, a seclusion suite, a communal area, including a dining room, and sensory, interview and clinical rooms. At the time of the outbreak, nine of the ten beds were occupied. The tenth bed remained empty over the period described.</p><p>Patients who require care in a PICU are in an acutely disturbed phase of a serious mental disorder where the associated risks &#x02013; to self and others &#x02013; cannot be safely managed on an acute ward. Their behaviour includes externally or internally directed aggression, unpredictability and vulnerability (overactivity and disinhibition). The PICU model &#x02013; including ward size, staffing ratio and reduced-stimulus environment &#x02013; allows for the rapid assessment, management and stabilisation of these patients.</p><p>During the COVID-19 outbreak, support and advice were provided by the hospital trust's infection control team. The ward was closed to visitors and staff began wearing full personal protective equipment (PPE) at the point that the first COVID-19 case was suspected. This editorial uses the experience of this London PICU to highlight the challenges that in-patient psychiatric services will face over the coming weeks and offer learning from an evolving situation.</p><sec sec-type="other" id="sec1"><title>Timeline of events</title><p>In mid-March 2020, case 1 developed a pyrexia of 40.1&#x000b0;C. She had no respiratory symptoms or recent travel history and, owing to the presence of lower urinary tract symptoms, a urinary tract infection was suspected. On day 1 she developed respiratory symptoms and was tested for COVID-19. After developing symptoms, she was encouraged to self-isolate in her room. Over the following 24&#x000a0;h she became increasingly medically unwell, with a deteriorating score on the Modified Early Warning Score (MEWS) assessment and required emergency transfer to an acute hospital. A diagnosis of COVID-19 was confirmed later that day. <xref rid="tab01" ref-type="table">Table 1</xref> outlines the clinical features and management of the cases on the PICU, with day 0 being the onset of fever for case 1. The median age for the cohort is 34 years (interquartile range: 7.5 years).
<table-wrap id="tab01" orientation="portrait" position="float"><label>Table 1</label><caption><p>Presenting symptoms, underlying vulnerability factors, adherence to the COVID-19 risk mitigation plan, severity of illness and need for medical transfer in nine infected patients on a psychiatric intensive care unit</p></caption><alternatives><graphic xlink:href="S2056469420000546_tab1"/><table frame="hsides" rules="groups"><col align="left" width="1*" span="1"/><col align="left" width="1*" span="1"/><col align="left" width="1*" span="1"/><col align="left" width="1*" span="1"/><col align="left" width="1*" span="1"/><col align="left" width="1*" span="1"/><col align="left" width="1*" span="1"/><col align="left" width="1*" span="1"/><thead><tr><th align="left" colspan="1" rowspan="1">Case</th><th align="left" colspan="1" rowspan="1">Symptom onset</th><th align="left" colspan="1" rowspan="1">Underlying vulnerability factors</th><th align="left" colspan="1" rowspan="1">Clinical features</th><th align="left" colspan="1" rowspan="1">COVID-19 risk mitigation plan</th><th align="left" colspan="1" rowspan="1">Adherence to isolation</th><th align="left" colspan="1" rowspan="1">COVID-19 illness severity<xref ref-type="table-fn" rid="tfn1_2"><sup>a</sup></xref></th><th align="left" colspan="1" rowspan="1">Medical transfer required</th></tr></thead><tbody><tr><td colspan="1" rowspan="1">1</td><td colspan="1" rowspan="1">Day 0</td><td colspan="1" rowspan="1">PMH: asthma</td><td colspan="1" rowspan="1">Pyrexia, cough, tachypnoea &#x0003e;30 breaths per minute, tachycardia, hypotension, saturations&#x0003c;94% on air, reduced GCS</td><td colspan="1" rowspan="1">Isolation<break/>Intermittent observations and intentional rounding<break/>0.5- to 4-hourly vital signs</td><td colspan="1" rowspan="1">Yes</td><td colspan="1" rowspan="1">Severe</td><td colspan="1" rowspan="1">Yes</td></tr><tr><td colspan="1" rowspan="1">2</td><td colspan="1" rowspan="1">Day 3</td><td colspan="1" rowspan="1">On lithium<break/>PMH: obesity, asthma, smoker</td><td colspan="1" rowspan="1">Cough, sore throat, coryzal, tachycardia pyrexia</td><td colspan="1" rowspan="1">Isolation<break/>Intermittent observations and intentional rounding<break/>4-hourly vital signs</td><td colspan="1" rowspan="1">No</td><td colspan="1" rowspan="1">Mild - Moderate</td><td colspan="1" rowspan="1">No</td></tr><tr><td colspan="1" rowspan="1">3</td><td colspan="1" rowspan="1">Day 4</td><td colspan="1" rowspan="1">On ACE inhibitors<break/>PMH: hypertension, asthma, obesity. Recent aspiration pneumonia, pulmonary embolism</td><td colspan="1" rowspan="1">Pyrexia, shortness of breath, tachypnoea 30 breaths per minute, tachycardia, delirium</td><td colspan="1" rowspan="1">Isolation.<break/>Intermittent observations and intentional rounding<break/>Episodic segregation and seclusion<break/>2- to 4-hourly vital signs</td><td colspan="1" rowspan="1">No</td><td colspan="1" rowspan="1">Severe</td><td colspan="1" rowspan="1">No</td></tr><tr><td colspan="1" rowspan="1">4</td><td colspan="1" rowspan="1">Day 4</td><td colspan="1" rowspan="1">On clozapine and lithium<break/>Smoker</td><td colspan="1" rowspan="1">Headache, cough, tachycardia</td><td colspan="1" rowspan="1">Isolation<break/>Intermittent observations and intentional rounding<break/>4-hourly vital signs</td><td colspan="1" rowspan="1">No</td><td colspan="1" rowspan="1">Mild</td><td colspan="1" rowspan="1">No</td></tr><tr><td colspan="1" rowspan="1">5</td><td colspan="1" rowspan="1">Day 6</td><td colspan="1" rowspan="1">On clozapine<break/>Smoker</td><td colspan="1" rowspan="1">Cough, pyrexia, tachycardia</td><td colspan="1" rowspan="1">Isolation<break/>Intermittent observations and intentional rounding<break/>4-hourly vital signs</td><td colspan="1" rowspan="1">No</td><td colspan="1" rowspan="1">Mild</td><td colspan="1" rowspan="1">No</td></tr><tr><td colspan="1" rowspan="1">6</td><td colspan="1" rowspan="1">Day 7</td><td colspan="1" rowspan="1">On clozapine and lithium<break/>PMH: obesity</td><td colspan="1" rowspan="1">Cough, pyrexia, myalgia, tachycardia</td><td colspan="1" rowspan="1">Isolation<break/>Intermittent observations and intentional rounding<break/>4-hourly vital signs</td><td colspan="1" rowspan="1">No</td><td colspan="1" rowspan="1">Mild</td><td colspan="1" rowspan="1">No</td></tr><tr><td colspan="1" rowspan="1">7</td><td colspan="1" rowspan="1">Day 7</td><td colspan="1" rowspan="1">On lithium<break/>Smoker</td><td colspan="1" rowspan="1">Pyrexia, sore throat</td><td colspan="1" rowspan="1">Isolation<break/>Intermittent observations and intentional rounding<break/>4-hourly vital signs</td><td colspan="1" rowspan="1">No</td><td colspan="1" rowspan="1">Mild</td><td colspan="1" rowspan="1">No</td></tr><tr><td colspan="1" rowspan="1">8</td><td colspan="1" rowspan="1">Asymptomatic<break/>Infection confirmed by swab on day 7</td><td colspan="1" rowspan="1">Smoker</td><td colspan="1" rowspan="1">Pyrexia (one temperature spike recorded in 2 weeks with no other symptoms)</td><td colspan="1" rowspan="1">Isolation<break/>Intermittent observations and intentional rounding<break/>4 hourly vital signs</td><td colspan="1" rowspan="1">No</td><td colspan="1" rowspan="1">Mild</td><td colspan="1" rowspan="1">No</td></tr><tr><td colspan="1" rowspan="1">9</td><td colspan="1" rowspan="1">Day 13</td><td colspan="1" rowspan="1">On lithium</td><td colspan="1" rowspan="1">Cough</td><td colspan="1" rowspan="1">Isolation<break/>Intermittent observations and intentional rounding<break/>4-hourly MEWS</td><td colspan="1" rowspan="1">No</td><td colspan="1" rowspan="1">Mild</td><td colspan="1" rowspan="1">No</td></tr></tbody></table></alternatives><table-wrap-foot><fn id="tfn1_1" fn-type="other"><p>ACE, angiotensin-converting enzyme; MEWS, Modified Early Warning Score assessment; PMH, past medical history.</p></fn><fn id="tfn1_2" fn-type="other"><label>a.</label><p>Clinical severity of COVID-19. Mild: mild fever, dry cough, sore throat, headache, myalgia; Moderate: mild symptoms plus shortness of breath; Severe: fever, tachypnoea &#x0003e;30 breaths/min, hypoxia with saturations &#x0003c;94% on air (adapted from Cascella et al<xref rid="ref7" ref-type="bibr"><sup>7</sup></xref>).</p></fn></table-wrap-foot></table-wrap></p></sec><sec sec-type="other" id="sec2"><title>The challenges facing acute psychiatric services</title><p>The situation in this PICU highlighted some of the challenges faced when managing COVID-19 in an acute psychiatric setting. First, in those with serious mental disorder there is poorer management of physical health than in the general population, particularly comorbidities found to be prognosticators of COVID-19 disease severity: diabetes, hypertension, obesity and smoking.<xref rid="ref4" ref-type="bibr"><sup>4</sup></xref><sup>,</sup><xref rid="ref5" ref-type="bibr"><sup>5</sup></xref> In addition, this patient cohort is often prescribed psychotropic medication that conveys an independent health risk, such as the cardiovascular and haematological risks associated with clozapine therapy, yet it is not fully understood whether this interacts with COVID-19 pathophysiology.<xref rid="ref6" ref-type="bibr"><sup>6</sup></xref></p><p>The management of behavioural disturbance in the context of COVID-19 was particularly challenging because of additional risks, which included: non-adherence to self-isolation procedures and physical health monitoring, the need for interventions such as restraint, rapid tranquillisation and one-to-one nursing. This huge challenge on the PICU contributed to the rapid transmission of COVID-19 between patients. Patients rarely maintained isolation measures and the enclosed layout of psychiatric in-patient wards makes it very difficult to follow social distancing and isolation procedures. There is one clinical room used for medical assessments, investigations and treatment administration. It is difficult to adapt this environment to meet the infection control standards needed to reduce the transmission of COVID-19 while continuing to deliver safe and effective care to patients.</p><p>Another challenge is that the mental health nursing workforce undergoes different training and registration from the general nursing workforce, limiting knowledge and experience in managing an acutely medically deteriorating patient. The patients on this PICU presented with a variety of symptoms, many had significantly deranged physical observations and complex comorbidity, yet did not meet the threshold for medical admission during this pandemic and so were treated on the PICU. As a result, their medical management was prioritised while also delivering effective psychiatric care. Many of the staff had little experience of the necessary high-level infection control procedures implemented to manage virus transmission, and this included PPE. This steep learning curve increased staff anxiety levels, potentially further contributing to sickness levels among staff.</p><p>Acute psychiatric services will face a number of ethical challenges over the coming months. During this pandemic many patients will be detained to in-patient units under the Mental Health Act 1983 for assessment and/or treatment of their mental disorder. If they become symptomatic for COVID-19 they will be expected to isolate in their room; when this is not adhered to how should it be enforced? Do we need to consider whether they fulfil the capacity criteria to make this decision? A patient's decision no longer affects only them: it also affects other patients, legally detained to the ward, unable to socially distance from the affected individual. The Coronavirus Act 2020 empowers public health officers to authorise initial restrictions to ensure assessment and screening for COVID-19, followed by up to 14 days&#x02019; isolation. However, at present it is unclear how this will be implemented. The Mental Health Act allows for a detained individuals&#x02019; liberty to be restricted in the context of their mental illness to protect themselves or others, but how should COVID-19 infection affect this? As clinicians and multidisciplinary team members, we are going to have to make difficult ethical decisions using the guidance and frameworks available to us, and our risk assessments must become more complex.</p></sec><sec sec-type="other" id="sec3"><title>Summary of learning</title><p>Although at the time of writing London is an epicentre for the COVID-19 outbreak in the UK, other acute mental health units will soon be facing similar situations, so it is important to share what has been learnt. All nine patients in this PICU tested positive for COVID-19: two had severe illness, with one requiring transfer to an acute hospital for treatment. One had moderate illness, five had mild illness, and one was asymptomatic at the point of testing but spiked a temperature on day 8. The proportion of severe illness was slightly higher than reported in the emerging global data,<sup><xref rid="ref5" ref-type="bibr">5</xref></sup> despite the younger age range of the cohort. It is likely that the burden of medical comorbidity among the cohort is the reason for the higher prevalence of severe illness.</p><p>As infection control measures were implemented from day 0, with staff utilising full PPE, it was assumed that transmission occurred between patients secondary to the index case. However, this conclusion cannot be made with certainty. As COVID-19 is most infective early in the illness trajectory,<xref rid="ref8" ref-type="bibr"><sup>8</sup></xref> the timeline (<xref rid="tab01" ref-type="table">Table 1</xref>) and the possibility of asymptomatic transmission means that alternative sources and transmission patterns cannot be excluded, reaffirming the need for strict adherence to infection control measures by staff members.</p><p>In response to the COVID-19 outbreak the ward had to significantly modify practice. The pace at which new processes were implemented is likely to have been beneficial. Weekly patient-facing ward rounds were suspended and daily multiprofessional meetings were held instead, followed by individual reviews. A risk mitigation plan was developed for each patient; this consisted of a minimum of 4-hourly physical observations, intermittent psychiatric observations plus intentional rounding, and a daily review of their physical status. Increased priority was given to physical health, with daily reviews of physical observations and paracetamol prescription, plus physical examination and phlebotomy where necessary. Before day 4, at which there could be cohorting of COVID-19-positive and -negative patients, medication and meals were taken to the isolating patients. Once cohorted into corridors, a similar process was employed to these distinct areas.</p><p>The team liaised closely with the acute medical team to guide supportive management and advise on transfer to the acute hospital. Psychotropic medication was carefully reviewed, with consideration of safe clozapine, lithium and benzodiazepine therapy in the context of COVID-19. Clinical teams could consider reducing the frequency of medicine administration to reduce staff exposure to those with COVID-19. There was close working with the infection control team to quickly implement barrier nursing and upskill ward staff to ensure compliance with public health infection control guidance.</p><p>To ensure safe management of acute psychiatric disturbance, the risk assessment was adapted to include COVID-19 infectious status. Encouraging patients to uphold self-isolation was challenging (<xref rid="tab01" ref-type="table">Table 1</xref>). To manage this, the ward was separated into COVID-19-negative and -positive corridors until all patients were confirmed positive. At the point from which the first case was suspected, patients were encouraged to wear masks to minimise transmission, given the poor adherence to self-isolation. Face-to-face assessments were limited to one interaction to prevent repeated staff exposure. Each interaction included all necessary interventions, including mental state assessment, physical examination and phlebotomy. Where physical restraint was indicated, personal protective equipment was worn, including a visor to protect from spitting, and the emergency response team was briefed about the nature of the risks. Zoning, segregation and seclusion were used to manage high-risk behaviours, but not solely as a means of preventing transmission. Where safe to do so, one-to-one nursing took place at the recommended 2&#x000a0;m distance. When rapid tranquillisation was required, consideration was given to the risk of respiratory decompensation in a COVID-19-positive patient.</p><p>The guidance and understanding for managing COVID-19 in an acute psychiatric setting is evolving daily, and inevitably will have changed during the timeline of this article. However, the core principles on which clinical teams must base the difficult decisions ahead will remain. The Mental Health Act will remain clear in its remit, but use of the Mental Capacity Act 2005, Coronavirus Act 2020 and common law is likely to increase over the coming weeks when considering how to mitigate the additional and serious risk factors of COVID-19 in our patient cohort.</p></sec></body><back><notes id="nts1" notes-type="other"><title>About the authors</title><p><bold>Luke Skelton</bold>, MBChB, BSc, MSc, MRCPsych, is a Psychiatry Registrar at South London and Maudsley NHS Foundation Trust, UK. <bold>Ria Pugh</bold>, BSc, BMBS, MRCPsych, is a Core Psychiatry Trainee at South London and Maudsley NHS Foundation Trust. <bold>Bethan Harries</bold>, BA, AKC, BMBS, DMCC, is a Trust Grade Doctor at South London and Maudsley NHS Foundation Trust. <bold>Lucy Blake</bold>, MBChB, MRCPsych, is a Psychiatry Registrar at South London and Maudsley NHS Foundation Trust. <bold>Margaret Butler</bold>, BSc, MSc, MBBS, MRCPsych, is a Core Psychiatry Trainee at South London and Maudsley NHS Foundation Trust. <bold>Faisil Sethi</bold>, MA(Cantab), MBBS, FRCPsych, MScDIC, DipStat, LLM, is a Consultant Psychiatrist at South London and Maudsley NHS Foundation Trust.</p></notes><notes id="nts2" notes-type="other"><title>Author contributions</title><p>All authors meet all four ICMJE criteria for authorship. L.S. was first author and primary contributor for this paper. All authors contributed to the production of this paper.</p></notes><notes id="nts3" notes-type="other"><title>Declaration of interest</title><p>None.</p></notes><sec sec-type="supplementary-material" id="sec4"><title>Supplementary material</title><supplementary-material content-type="local-data" id="S2056469420000546sup001"><p>For supplementary material accompanying this paper visit https://doi.org/10.1192/bjb.2020.54.</p><media xlink:href="S2056469420000546sup001.zip" mimetype="application" mime-subtype="zip" orientation="portrait" id="d36e540" position="anchor"><caption><p>click here to view supplementary material</p></caption></media></supplementary-material></sec><ref-list id="reflist1"><title>References</title><ref id="ref1"><label>1</label><mixed-citation publication-type="book" id="cite1"><collab>World Health Organization</collab>. <source>Coronavirus Disease (COVID-19) Pandemic</source>. <publisher-name>WHO</publisher-name>, <year>2020</year> (<uri xlink:href="https://www.who.int/emergencies/diseases/novel-coronavirus-2019">https://www.who.int/emergencies/diseases/novel-coronavirus-2019</uri>). Accessed <date-in-citation content-type="access-date">31 Mar 2020</date-in-citation>.</mixed-citation></ref><ref id="ref2"><label>2</label><mixed-citation publication-type="book" id="cite2"><collab>Royal College of Psychiatrists</collab>. <source>COVID-19: In-Patient Services</source>. <publisher-name>Royal College of Psychiatrists</publisher-name>, <year>2020</year> (<uri xlink:href="https://www.rcpsych.ac.uk/about-us/responding-to-covid-19/responding-to-covid-19-guidance-for-clinicians/community-and-in-patient-services/in-patient-services">https://www.rcpsych.ac.uk/about-us/responding-to-covid-19/responding-to-covid-19-guidance-for-clinicians/community-and-in-patient-services/in-patient-services</uri>). Accessed <date-in-citation content-type="access-date">5 May 2020</date-in-citation>.</mixed-citation></ref><ref id="ref3"><label>3</label><mixed-citation publication-type="book" id="cite3">National Association of Psychiatric Intensive Care and Low Secure Units. <source>Managing Acute Disturbance in the Context of COVID-19</source>. <publisher-name>NAPICU</publisher-name>, <year>2020</year> (<uri xlink:href="https://napicu.org.uk/wp-content/uploads/2020/03/COVID-19_guidance_appendix.pdf">https://napicu.org.uk/wp-content/uploads/2020/03/COVID-19_guidance_appendix.pdf</uri>). Accessed <date-in-citation content-type="access-date">5 May 2020</date-in-citation>.</mixed-citation></ref><ref id="ref4"><label>4</label><mixed-citation publication-type="journal" id="cite4"><string-name><surname>De Hert</surname>
<given-names>M</given-names></string-name>, <string-name><surname>Correll</surname>
<given-names>CU</given-names></string-name>, <string-name><surname>Bobes</surname>
<given-names>J</given-names></string-name>, <string-name><surname>Cetkovich-Bakmas</surname>
<given-names>M</given-names></string-name>, <string-name><surname>Cohen</surname>
<given-names>D</given-names></string-name>, <string-name><surname>Asai</surname>
<given-names>I</given-names></string-name>, <etal/>
<article-title>Physical illness in patients with severe mental disorders. I. Prevalence, impact of medications and disparities in health care</article-title>. <source>World Psychiatry</source>
<year>2011</year>; <volume>10</volume>: <fpage>52</fpage>&#x02013;<lpage>77</lpage>.<pub-id pub-id-type="pmid">21379357</pub-id></mixed-citation></ref><ref id="ref5"><label>5</label><mixed-citation publication-type="journal" id="cite5"><string-name><surname>Jordan</surname>
<given-names>RE</given-names></string-name>, <string-name><surname>Adab</surname>
<given-names>P</given-names></string-name>, <string-name><surname>Cheng</surname>
<given-names>KK</given-names></string-name>. <article-title>COVID-19: risk factors for severe disease and death</article-title>. <source>BMJ</source>
<year>2020</year>; <volume>368</volume>: <fpage>m1198</fpage>.<pub-id pub-id-type="pmid">32217618</pub-id></mixed-citation></ref><ref id="ref6"><label>6</label><mixed-citation publication-type="journal" id="cite6"><string-name><surname>Killian</surname>
<given-names>J</given-names></string-name>, <string-name><surname>Kerr</surname>
<given-names>K</given-names></string-name>, <string-name><surname>Lawrence</surname>
<given-names>C</given-names></string-name>, <string-name><surname>Celermejer</surname>
<given-names>DS</given-names></string-name>. <article-title>Myocarditis and cardiomyopathy associated with clozapine</article-title>. <source>Lancet</source>
<year>1999</year>; <volume>354</volume>: <fpage>1841</fpage>&#x02013;5.<pub-id pub-id-type="pmid">10584719</pub-id></mixed-citation></ref><ref id="ref7"><label>7</label><mixed-citation publication-type="book" id="cite7"><string-name><surname>Cascella</surname>
<given-names>M</given-names></string-name>, <string-name><surname>Rajnik</surname>
<given-names>M</given-names></string-name>, <string-name><surname>Cuomo</surname>
<given-names>A</given-names></string-name>, <string-name><surname>Dulebohn</surname>
<given-names>SC</given-names></string-name>, <string-name><surname>Di Napoli</surname>
<given-names>R</given-names></string-name>. <source>Features, Evaluation and Treatment Coronavirus (COVID-19)</source>. <publisher-name>StatPearls Publishing</publisher-name>, <year>2020</year>.</mixed-citation></ref><ref id="ref8"><label>8</label><mixed-citation publication-type="journal" id="cite8"><string-name><surname>Zou</surname>
<given-names>L</given-names></string-name>, <string-name><surname>Ruan</surname>
<given-names>F</given-names></string-name>, <string-name><surname>Huang</surname>
<given-names>M</given-names></string-name>, <string-name><surname>Liang</surname>
<given-names>L</given-names></string-name>, <string-name><surname>Huang</surname>
<given-names>H</given-names></string-name>, <string-name><surname>Hong</surname>
<given-names>Z</given-names></string-name>, <etal/>
<article-title>SARS-Cov-2 viral load in upper respiratory specimens of infected patients</article-title>. <source>N Engl J Med</source>
<year>2020</year>; <volume>382</volume>: <fpage>1177</fpage>&#x02013;9.<pub-id pub-id-type="pmid">32074444</pub-id></mixed-citation></ref></ref-list></back></article>