<!DOCTYPE article PUBLIC "-//NLM//DTD JATS (Z39.96) Journal Archiving and Interchange DTD with MathML3 v1.2 20190208//EN" "JATS-archivearticle1-mathml3.dtd"> 
<article xmlns:xlink="http://www.w3.org/1999/xlink" xmlns:mml="http://www.w3.org/1998/Math/MathML" article-type="discussion"><?properties open_access?><?DTDIdentifier.IdentifierValue -//NLM//DTD JATS (Z39.96) Journal Publishing DTD v1.1 20151215//EN?><?DTDIdentifier.IdentifierType public?><?SourceDTD.DTDName JATS-journalpublishing1.dtd?><?SourceDTD.Version 1.1?><?ConverterInfo.XSLTName jp2nlmx2.xsl?><?ConverterInfo.Version 1?><?covid-19-tdm?><front><journal-meta><journal-id journal-id-type="nlm-ta">BJPsych Bull</journal-id><journal-id journal-id-type="iso-abbrev">BJPsych Bull</journal-id><journal-id journal-id-type="publisher-id">BJB</journal-id><journal-title-group><journal-title>BJPsych Bulletin</journal-title></journal-title-group><issn pub-type="ppub">2056-4694</issn><issn pub-type="epub">2056-4708</issn><publisher><publisher-name>Cambridge University Press</publisher-name><publisher-loc>Cambridge, UK</publisher-loc></publisher></journal-meta><article-meta><article-id pub-id-type="pmcid">7308597</article-id><article-id pub-id-type="doi">10.1192/bjb.2020.60</article-id><article-id pub-id-type="pii">S2056469420000601</article-id><article-categories><subj-group subj-group-type="heading"><subject>Special Articles</subject></subj-group></article-categories><title-group><article-title>COVID-19: the perfect vector for a mental health epidemic</article-title></title-group><contrib-group><contrib contrib-type="author"><contrib-id contrib-id-type="orcid" authenticated="true">https://orcid.org/0000-0001-6614-4072</contrib-id><name><surname>Hisham</surname><given-names>Idura N.</given-names></name><xref ref-type="aff" rid="aff1">1</xref><xref ref-type="corresp" rid="cor1"/></contrib><contrib contrib-type="author"><name><surname>Townsend</surname><given-names>Giles</given-names></name><xref ref-type="aff" rid="aff2">2</xref></contrib><contrib contrib-type="author"><contrib-id contrib-id-type="orcid" authenticated="true">https://orcid.org/0000-0002-9686-2232</contrib-id><name><surname>Gillard</surname><given-names>Steve</given-names></name><xref ref-type="aff" rid="aff3">3</xref></contrib><contrib contrib-type="author"><name><surname>Debnath</surname><given-names>Brishti</given-names></name><xref ref-type="aff" rid="aff1">1</xref></contrib><contrib contrib-type="author"><contrib-id contrib-id-type="orcid" authenticated="true">https://orcid.org/0000-0003-0590-7165</contrib-id><name><surname>Sin</surname><given-names>Jacqueline</given-names></name><xref ref-type="aff" rid="aff3">3</xref><xref ref-type="aff" rid="aff4">4</xref></contrib></contrib-group><aff id="aff1"><label>1</label><institution>St George's Hospital Medical School</institution>, <country>UK</country></aff><aff id="aff2"><label>2</label>Surrey and Borders Partnership NHS Foundation Trust, <country>UK</country></aff><aff id="aff3"><label>3</label>St George's, <institution>University of London</institution>, <country>UK</country></aff><aff id="aff4"><label>4</label><institution>University of Reading</institution>, <country>UK</country></aff><author-notes><corresp id="cor1">Correspondence to Idura N. Hisham (<email>m1502672@sgul.ac.uk</email>)</corresp></author-notes><pub-date publication-format="electronic" date-type="pub"><day>01</day><month>6</month><year>2020</year></pub-date><fpage>1</fpage><lpage>7</lpage><history><date date-type="received"><day>31</day><month>3</month><year>2020</year></date><date date-type="rev-recd"><day>19</day><month>5</month><year>2020</year></date><date date-type="accepted"><day>25</day><month>5</month><year>2020</year></date></history><permissions><copyright-statement>&#x000a9; The Authors 2020</copyright-statement><copyright-year>2020</copyright-year><copyright-holder>The Authors</copyright-holder><license license-type="open-access" xlink:href="http://creativecommons.org/licenses/by/4.0/"><ali:license_ref xmlns:ali="http://www.niso.org/schemas/ali/1.0/">http://creativecommons.org/licenses/by/4.0/</ali:license_ref><license-p>This is an Open Access article, distributed under the terms of the Creative Commons Attribution licence (<uri xlink:href="http://creativecommons.org/licenses/by/4.0/">http://creativecommons.org/licenses/by/4.0/</uri>), which permits unrestricted re-use, distribution, and reproduction in any medium, provided the original work is properly cited.</license-p></license></permissions><self-uri xlink:title="pdf" xlink:href="S2056469420000601a.pdf"/><abstract abstract-type="normal"><title>Summary</title><p>In times of crisis, people have historically had to band together to overcome. What happens when they cannot? This article examines the reality of people forced to isolate from one another during one of the most turbulent events of their lives: the COVID-19 pandemic. Connecting the dots of topics including fear, social stigmas, global public response and previous disease outbreaks, this article discusses the negative mental health effects that individuals and communities will likely suffer as the result of social distancing, isolation and physical infection.</p></abstract><kwd-group><title>Keywords</title><kwd>COVID-19</kwd><kwd>pandemic</kwd><kwd>epidemic</kwd><kwd>mental health</kwd><kwd>isolation</kwd><kwd>social distancing</kwd><kwd>public health</kwd><kwd>abuse</kwd><kwd>stigma</kwd></kwd-group><counts><ref-count count="82"/><page-count count="7"/></counts></article-meta></front><body><sec sec-type="other" id="sec1"><title>The rise of a new pandemic</title><p>On 31 December 2019, the Chinese authorities reported a disease that had appeared in the Hubei province to the World Health Organization (WHO) as a &#x02018;pneumonia of unknown aetiology.&#x02019;<sup><xref rid="ref1" ref-type="bibr">1</xref></sup> That &#x02018;pneumonia&#x02019; is now known as the novel coronavirus disease (COVID-19). As of 13 May 2020, there are 4&#x000a0;170&#x000a0;424 confirmed cases of COVID-19 with 287&#x000a0;399 deaths reported globally, and these numbers are continuing to grow.<sup><xref rid="ref2" ref-type="bibr">2</xref></sup></p><p>While current strategies to fight the outbreak primarily focus on curbing the spread and treating the infected, it is crucial to consider the effects of COVID-19 on the wider population's mental health, in the short, medium, and long term. By studying past new emerging infections (NEIs), in particular, severe acute respiratory syndrome (SARS) in 2003, Middle East respiratory syndrome (MERS) in 2012 and 2015, and H1N1 in 2009 (the only one to also be declared a pandemic),<sup><xref rid="ref3" ref-type="bibr">3</xref></sup> we can better understand, potentially predict, and thus counteract the possible effects of COVID-19 on mental health.</p><p>The 2003 SARS epidemic is one such case study of how infectious disease outbreaks affect mental health, with this particular epidemic described as a mental health catastrophe.<sup><xref rid="ref4" ref-type="bibr">4</xref></sup></p><p>Hong Kong was disproportionately affected in the SARS epidemic, with up to 1755 individuals infected and 299 deaths.<sup><xref rid="ref4" ref-type="bibr">4</xref>&#x02013;<xref rid="ref7" ref-type="bibr">7</xref></sup> A study conducted soon after the outbreak indicated that a significant proportion of the Hong Kong population, including those not infected with the disease, displayed moderate to severe psychiatric symptoms, meeting diagnostic thresholds of common mental disorders such as depression and generalised anxiety disorder.<sup><xref rid="ref4" ref-type="bibr">4</xref></sup> These effects are not specific to SARS, but are a feature seen in most, if not all, infectious disease outbreaks. A study of a hospital in South Korea found that 70% of MERS patients admitted to hospital presented with a psychiatric symptom, and 40% of them were later prescribed medication to alleviate the symptoms.<sup><xref rid="ref8" ref-type="bibr">8</xref></sup> In both SARS and MERS, the psychiatric implications continued far beyond the outbreak, with many having persistent mental health issues years afterwards.<sup><xref rid="ref4" ref-type="bibr">4</xref>,<xref rid="ref8" ref-type="bibr">8</xref>&#x02013;<xref rid="ref13" ref-type="bibr">13</xref></sup> The same effects, albeit of varying ferocity, could also be seen during the H1N1 outbreak.</p><p>COVID-19 is of a scale that the current generation has never seen before, with the &#x02018;Spanish flu&#x02019; of 1918 potentially being the last outbreak to have had such widespread effects. However, owing to the scarcity of literature evidencing the mental health effects of the Spanish flu pandemic, and the time-gap of more than a century, in which our society, health and financial systems have all changed beyond our forefathers&#x02019; imagination, limited parallels can be drawn between current and older pandemics other than mortality. Drawing parallels with SARS and MERS also has its limitations. Studies of SARS patients have varying degrees of reliability owing to inconsistent study design, research methods, and standardised measures being used across the different studies &#x02013; a common problem with research done in the early aftermath of a disaster.<sup><xref rid="ref11" ref-type="bibr">11</xref></sup> The existing literature surrounding SARS and MERS is also primarily focused on Asian countries, as they were most affected by the outbreaks; this potentially limits its generalisability to Western countries, which have a more &#x02018;individualistic&#x02019; structure compared with the &#x02018;collectivist&#x02019; societal systems of those nations. To minimise this limitation, our focus was to identify and learn from themes that recur in different disease outbreak settings. Given that the COVID-19 pandemic is already more global and longer lasting than any outbreaks we have faced in recent memory, one may extrapolate that its mental health implications will be at least as severe as those of others NEIs. We provide a brief overview of the potential negative ramifications in store if mental health is not given more priority in the current outbreak response.</p></sec><sec sec-type="other" id="sec2"><title>Why do NEIs contribute to increases in mental health issues?</title><p>Throughout history, the emergence and increasing prevalence of infectious agents have coincided with an increased risk of psychiatric manifestations. NEIs such as SARS and COVID-19 adversely affect mental health in a multitude of ways, permeating at individual, communal and societal levels. The most common psychological morbidities include worries, anxiety, mood disturbances, poor sleep and hypochondriac beliefs.<sup><xref rid="ref14" ref-type="bibr">14</xref>&#x02013;<xref rid="ref17" ref-type="bibr">17</xref></sup> Pervasive feelings of hopelessness, uncertainty and fear tend to dominate society during such outbreaks, as a result of life as we know it stopping or changing.<sup><xref rid="ref13" ref-type="bibr">13</xref>,<xref rid="ref15" ref-type="bibr">15</xref>&#x02013;<xref rid="ref18" ref-type="bibr">18</xref></sup> Such feelings may be born out of an increased perceived threat, which drives &#x02018;safety&#x02019; behaviours in individuals and community that can be maladaptive.<sup><xref rid="ref19" ref-type="bibr">19</xref></sup> The most common behaviours of this nature include hypervigilance (i.e. looking out for potential dangers) and avoidance (i.e. keeping ourselves from sources of danger or threat).<sup><xref rid="ref19" ref-type="bibr">19</xref></sup> Intense fear and panic are also used as excuses, albeit often unintentionally, for unjustified discriminatory behaviour such as xenophobia and stigmatisation of particular groups, or patterns of hoarding supplies.<sup><xref rid="ref20" ref-type="bibr">20</xref></sup></p></sec><sec sec-type="other" id="sec3"><title>Fear</title><p>&#x02018;<italic>This is a time for facts, not fear. This is the time for science, not rumours. This is the time for solidarity, not stigma</italic>,&#x02019;<sup><xref rid="ref21" ref-type="bibr">21</xref></sup> said Tedros Adhanom, the Director-General of the WHO, in reference to COVID-19 on 12 February 2020.</p><p>Fear was preponderate in affected populations (including healthcare workers) during SARS: not only for personal safety but for the safety of others. At the time, SARS was unique in its psychosocial effects, evoking a deep-rooted fear of infecting family and community members.<sup><xref rid="ref7" ref-type="bibr">7</xref>,<xref rid="ref11" ref-type="bibr">11</xref>,<xref rid="ref12" ref-type="bibr">12</xref></sup> In Hong Kong, the government's perceived lack of control in containing the SARS outbreak led to a pervasive sense of hopelessness in the citizenry, a psycho-emotional factor amplified and perpetuated by the media. This, in turn, led to general apprehension and panic.<sup><xref rid="ref22" ref-type="bibr">22</xref></sup> The influence of the &#x02018;rumour mill&#x02019; during an outbreak must be taken seriously; as the desire for facts escalates, any absence of clear and accurate messaging can augment popular anxiety, driving people to seek information from less reliable sources. This same trait is now evident in the context of COVID-19, exacerbated by media and popular discourse promulgating paranoia and anxiety.<sup><xref rid="ref23" ref-type="bibr">23</xref>,<xref rid="ref24" ref-type="bibr">24</xref></sup></p><p>Social media has an important role in shaping the public's risk perception;<sup><xref rid="ref24" ref-type="bibr">24</xref></sup> however, it can also be a vessel for the fast dispersal of false news, which can bring with it disastrous consequences. During the H1N1 pandemic, widespread misinformation surrounding the vaccine has been implicated in reduced uptake and increased hesitancy.<sup><xref rid="ref25" ref-type="bibr">25</xref>,<xref rid="ref26" ref-type="bibr">26</xref></sup> The current COVID-19 outbreak has seen a repeat of this, with the spread of &#x02018;fake news&#x02019; through social media contributing to significant misinformation, leading to fear, panic and even non-compliance with infection control measures. The influence of social media in propagating misinformation during COVID-19 has even led to protests against lockdown measures in the UK with protestors chanting phrases such as &#x02018;Stop 5G!&#x02019; &#x02013; referring to a theory made popular through social media.<sup><xref rid="ref27" ref-type="bibr">27</xref></sup> This influence has persisted despite the UK government forming a rapid response unit to tackle issues on misinformation early in the outbreak response.<sup><xref rid="ref28" ref-type="bibr">28</xref></sup></p><p>Fear can be beneficial to a point during an outbreak, leading to behaviours which reduce the spread of the disease. Excessive fear, however, can lead to irrational beliefs that impede infection control measures and can probably precipitate maladaptive coping techniques, albeit unintentionally.<sup><xref rid="ref29" ref-type="bibr">29</xref>,<xref rid="ref30" ref-type="bibr">30</xref></sup> A survey showed that 66% of young adults in the UK avoided news on COVID-19 as it was unhelpful for their mental health.<sup><xref rid="ref31" ref-type="bibr">31</xref></sup> This highlights how, although fear is an important tool in public health messaging, excessive fear can not only impede its reach but also potentially exacerbate a different public health issue.</p></sec><sec sec-type="other" id="sec4"><title>Stigma</title><p>Stigma was also linked to mental health morbidity in the SARS outbreak.<sup><xref rid="ref32" ref-type="bibr">32</xref></sup> This included self-stigmatisation (individuals continuing to feel &#x02018;polluted&#x02019; or &#x02018;contaminated&#x02019; up to 16 months after the outbreak), professional stigmatisation (denigration of healthcare workers and figures of authority) and, of course, racial stigmatisation (people of Asian descent being painted as social pariahs).<sup><xref rid="ref11" ref-type="bibr">11</xref>,<xref rid="ref12" ref-type="bibr">12</xref>,<xref rid="ref32" ref-type="bibr">32</xref></sup> In another parallel with the SARS and MERS outbreaks, the COVID-19 pandemic has spurred racial stigmatisation, especially toward those of Chinese heritage, in the form of xenophobia and discrimination.<sup><xref rid="ref33" ref-type="bibr">33</xref>&#x02013;<xref rid="ref35" ref-type="bibr">35</xref></sup> A systematic review identified that the perception of having been a victim of stigmatisation due to SARS was one of the most consistent aetiological factors for the development of psychiatric disorders and chronic fatigue syndrome.<sup><xref rid="ref11" ref-type="bibr">11</xref></sup> Therefore, preventing stigmatisation during COVID-19 should be made a priority in order to prevent similar adverse outcomes in COVID-19 patients and in the wider population.</p><p>Stigma not only affects the mental health of individuals, it can also disrupt infection control measures. Barrett and Brown<sup><xref rid="ref36" ref-type="bibr">36</xref></sup> identified four elements of stigma that can contribute to this.
<list list-type="simple"><list-item><label>&#x02022;</label><p>Stigma can present major barriers against healthcare-seeking, thereby reducing early detection and treatment and furthering the spread of disease.</p></list-item><list-item><label>&#x02022;</label><p>Social marginalisation often can lead to poverty and neglect, thereby increasing the susceptibility of certain groups to infectious diseases.</p></list-item><list-item><label>&#x02022;</label><p>Potentially stigmatised populations may distrust health authorities and resist cooperation during a public health emergency.</p></list-item><list-item><label>&#x02022;</label><p>Social stigma may distort public perceptions of risk, resulting in mass panic among communities and the disproportionate allocation of healthcare resources by politicians and health professionals.</p></list-item></list></p><p>Stigmatisation and discrimination have socioeconomic ramifications within populations, as well as being related to feelings of fear, creating a destructive, mutually reinforcing dynamic.<sup><xref rid="ref32" ref-type="bibr">32</xref></sup></p></sec><sec sec-type="other" id="sec5"><title>Quarantine and social isolation</title><p>The negative influences of quarantine and isolation on mental health have been described at length.<sup><xref rid="ref23" ref-type="bibr">23</xref>,<xref rid="ref37" ref-type="bibr">37</xref></sup> Adverse effects on mental health often persist for months after the end of isolation, and those with pre-existing mental health conditions are at higher risk of prolonged adverse effects, as shown by both the SARS and MERS outbreaks.<sup><xref rid="ref13" ref-type="bibr">13</xref>,<xref rid="ref38" ref-type="bibr">38</xref>,<xref rid="ref39" ref-type="bibr">39</xref></sup> Discrimination, social shunning, violence and vandalism of property are among the consequences of the maltreatment faced by quarantined people at the hands of others in society.<sup><xref rid="ref23" ref-type="bibr">23</xref></sup></p><p>Most adverse effects from quarantine stem from restricted liberties, whereas voluntary quarantine is associated with less distress and fewer long-term complications.<sup><xref rid="ref37" ref-type="bibr">37</xref></sup> Earlier in the pandemic response, the UK relied on the altruistic nature of the public to practice &#x02018;social distancing&#x02019;, but as of 23 March 2020, police have had the authority to enforce this through fines and other penalties. According to a recently published report, the specific concerns of the UK population in regards to isolation measures included having to separate from others in the household (45%), getting supplies (41%), mental health implications (37%), social life implications (24%), loss of income (22%) and finding someone to cover caring responsibilities (12%). In addition, those between 18 and 34 years old were more likely to report negative mental health effects.<sup><xref rid="ref40" ref-type="bibr">40</xref></sup></p><p>The economic sequalae of COVID-19 lockdown measures in the UK have led to businesses closing and many losing employment; the Bank of England has warned that unemployment rates could rise to 9% (compared with 4% earlier this year).<sup><xref rid="ref41" ref-type="bibr">41</xref></sup> Increased unemployment poses significant public health risks. For instance, in 1981, when unemployment rates in the UK increased by 3.6%, suicide rates also increased by 2.7%.<sup><xref rid="ref42" ref-type="bibr">42</xref></sup> Reports from the 2008 recession echoed this and showed that the resultant mass unemployment was associated with a 4.45% increase in suicide rates in 26 European Union countries.<sup><xref rid="ref42" ref-type="bibr">42</xref></sup> Although the end of lockdown is expected to improve the economic downturn, many that have lost their jobs will struggle to find new employment as companies reduce hiring,<sup><xref rid="ref41" ref-type="bibr">41</xref></sup> further protracting the financial and psychological effects of COVID-19.</p><p>Quarantine and isolation are necessary measures and, as of now, appear to be among the most effective means of containing the outbreak.<sup><xref rid="ref43" ref-type="bibr">43</xref>,<xref rid="ref44" ref-type="bibr">44</xref></sup> With the possibility of mass quarantine measures having to be reimplemented owing to &#x02018;second waves&#x02019; of COVID-19, as seen in several countries,<sup><xref rid="ref45" ref-type="bibr">45</xref>&#x02013;<xref rid="ref47" ref-type="bibr">47</xref></sup> the concerns of the public must be addressed to mitigate the negative effects of this potentially recurring &#x02018;necessary evil&#x02019;.</p></sec><sec sec-type="other" id="sec6"><title>Loss of protective factors</title><p>Rutter defined protective factors as those that &#x02018;modify, ameliorate or alter a person's response to some environmental hazard that predisposes to a maladaptive outcome&#x02019;.<sup><xref rid="ref48" ref-type="bibr">48</xref></sup> Protective factors may exist in individuals or in the family, and in institutional or community contexts. They can also be biological or psychosocial in nature.<sup><xref rid="ref49" ref-type="bibr">49</xref></sup> In times of duress, social support is one of the protective factors against the development of mental health disorders such as depression and post-traumatic stress disorder (PTSD).<sup><xref rid="ref50" ref-type="bibr">50</xref>,<xref rid="ref51" ref-type="bibr">51</xref></sup> Nevertheless, social distancing is a necessary public health response to NEIs. In the UK, people are now prohibited from both large and small gatherings with those from different households. This has, for example, led to religious institutions cancelling services, which ordinarily constitute a major source of support, particularly for the elderly.<sup><xref rid="ref52" ref-type="bibr">52</xref></sup></p><p>Social support is just one of many examples of a lost protective factor resulting from COVID-19. The public also has to face financial instability, unemployment and disrupted routine.</p><p>Pandemics and epidemics not only increase the many risk factors for mental health morbidities but also pull away protective factors simultaneously; these effects compound one another.</p></sec><sec sec-type="other" id="sec7"><title>Increased risk of abuse</title><p>Reports have already emerged of increased cases of domestic abuse among the populations affected by COVID-19, with a UK abuse charity, Refuge, seeing a 700% increase in traffic to their hotline website in a day.<sup><xref rid="ref53" ref-type="bibr">53</xref></sup> It is important to note that domestic abuse is not always physical &#x02013; it can also be psychological, financial or sexual. Not only can COVID-19 exacerbate existing cases of abuse, the stress associated with it can also lead to new cases. Social isolation can mean spending significantly more time at home with abusive family members, with no escape or respite.<sup><xref rid="ref54" ref-type="bibr">54</xref></sup> Furthermore, a pandemic increases financial and psychological stresses, which are associated with increased likelihood of abusive behavior.<sup><xref rid="ref55" ref-type="bibr">55</xref></sup></p><p>The significant risk of abuse towards the elderly should not be overlooked. A study carried out by Reay and Browne in 2001 identified 15 risk factors in caregivers that increase the risk of mistreatment. Three of them are particularly relevant during the current outbreak: (a) caregivers who are subject to high stress and strain; (b) those who live with elderly patients; and (c) those who are isolated and lack community and personal support.<sup><xref rid="ref56" ref-type="bibr">56</xref></sup> Furthermore, feelings of anxiety in caregivers are also associated with neglect.<sup><xref rid="ref56" ref-type="bibr">56</xref></sup> For the elderly who require greater assistance with daily activities, as well as those with dementia, caregiver stress is a predominant factor in the onset of abuse.<sup><xref rid="ref57" ref-type="bibr">57</xref></sup> COVID-19 intensifies all these risk factors in caregivers, thus placing the elderly at a higher risk of abuse or neglect. Although the UK government has already issued measures to address abuse,<sup><xref rid="ref58" ref-type="bibr">58</xref></sup> there remains a question of how accessible and practical these technology-driven measures are for the elderly population.</p><p>Pandemics such as COVID-19 may also make it more difficult for victims to receive help, owing to its influence on an already overwhelmed public health infrastructure,<sup><xref rid="ref59" ref-type="bibr">59</xref></sup> including effects on the social care system, reduced philanthropic donations to abuse charities and imposed travel limitations.<sup><xref rid="ref54" ref-type="bibr">54</xref></sup> Involvement in abuse, either as a perpetrator or a victim, exerts an enduring effect on both physical and mental health.<sup><xref rid="ref60" ref-type="bibr">60</xref></sup> The stress factors associated with COVID-19, if not properly mitigated, will make the current pandemic an ideal environment for abuse to thrive, with lifelong, adverse effects on the health of those involved.</p></sec><sec sec-type="other" id="sec8"><title>COVID-19, PTSD and intensive treatment</title><p>Approximately one in five critically ill patients and their partners will develop clinical symptoms of PTSD and reduced reported health-related quality of life as a result of their intensive treatment unit (ITU) stay.<sup><xref rid="ref61" ref-type="bibr">61</xref></sup> The estimated number of COVID-19 patients requiring intensive care owing to, for instance, acute respiratory distress syndrome (ARDS) currently stands at about 15&#x02013;30%.<sup><xref rid="ref62" ref-type="bibr">62</xref></sup> Patients admitted to ITUs, as well as their families, are at risk of developing post intensive care syndrome (PICS) &#x02013; a physical, cognitive and mental disorder associated with an ITU stay. The mental health impairments that can arise among these patients include depression, anxiety and PTSD.<sup><xref rid="ref63" ref-type="bibr">63</xref></sup> Existing mental health conditions also increase the risk of developing PICS, in both patients and their families.<sup><xref rid="ref64" ref-type="bibr">64</xref></sup></p><p>Furthermore, the use of extracorporeal membrane oxygenation (ECMO), also known as extracorporeal life support, in the treatment of COVID-19 poses a specific mental health risk that warrants consideration.<sup><xref rid="ref65" ref-type="bibr">65</xref>,<xref rid="ref66" ref-type="bibr">66</xref></sup> ECMO, which supports the lungs and/or the heart, is considered one of the most invasive rescue therapies and has high rates of adverse mental health outcomes (e.g. PTSD) in patients post-treatment. The prevalence of PTSD in patients who were on ECMO is estimated to be between 11 and 27%, at least a four- to five-fold increase from general population prevalence figures.<sup><xref rid="ref67" ref-type="bibr">67</xref>,<xref rid="ref68" ref-type="bibr">68</xref></sup> Moreover, compared with other ARDS survivors, those who were on ECMO also reported lower quality of life and lower rates of return to employment.<sup><xref rid="ref67" ref-type="bibr">67</xref></sup></p></sec><sec sec-type="other" id="sec9"><title>Mental health services and COVID-19</title><p>The UK government does not currently recognise people with existing mental health conditions as part of the &#x02018;vulnerable population&#x02019;, because their risk of getting seriously ill from COVID-19 is perceived as low. However, these groups are vulnerable to an exacerbation of pre-existing mental health conditions. Those with pre-existing mental health conditions often suffer greater psychological distress in instances of an adverse event or situation.<sup><xref rid="ref69" ref-type="bibr">69</xref>,<xref rid="ref70" ref-type="bibr">70</xref></sup></p><p>Moreover, this cohort is often in poorer physical health, with fewer protective factors such as healthy lifestyle or an active social support network, making them physically and mentally vulnerable to the effects of COVID-19. One example is smoking, which is estimated to be twice as prevalent among people with mental disorders, with higher reported mental health disease severity directly correlated with numbers of cigarettes smoked.<sup><xref rid="ref71" ref-type="bibr">71</xref></sup> In addition, these patients have a higher incidence of chronic infections owing to substance abuse and socioeconomic deprivation.<sup><xref rid="ref72" ref-type="bibr">72</xref></sup> This is particularly relevant to COVID-19, as those with chronic respiratory illness, such as chronic obstructive pulmonary disease (which is directly correlated with smoking frequency), are at higher risk of death from the disease.</p><p>For current mental health patients, the American Psychiatric Association has already raised the alarm that the spread of COVID-19 can create barriers for access to psychiatric services.<sup><xref rid="ref73" ref-type="bibr">73</xref></sup> One prime example concerns patients on medication-assisted treatment (MAT) such as methadone and buprenorphine, who may face difficulty in physically attending their drug service or pharmacy at the frequency needed. In the UK, reports have emerged of pharmacies restricting access to MAT owing to reduced capacity, and patients stopping their treatment because of anxieties surrounding COVID-19.<sup><xref rid="ref74" ref-type="bibr">74</xref>,<xref rid="ref75" ref-type="bibr">75</xref></sup> The implications for access to other medications that require frequent monitoring, such as clozapine, also need to be considered carefully. This is especially so when monitoring is indicated owing to the treatment's side-effect profile, which could also increase mental health patients&#x02019; vulnerability to COVID-19.<sup><xref rid="ref76" ref-type="bibr">76</xref></sup></p><p>In a recent survey by the Royal College of Psychiatrists (RCPsych), 43% of psychiatrists reported an increase in emergency cases, despite seeing a 45% decrease in their routine appointments.<sup><xref rid="ref77" ref-type="bibr">77</xref></sup> Professor Wendy Burns, president of RCPsych, stated:<sup><xref rid="ref77" ref-type="bibr">77</xref></sup>
<disp-quote><p>&#x02018;Our fear is that the lockdown is storing up problems which could then lead to a tsunami of referrals&#x02019;.</p></disp-quote></p><p>As well as leading to increased incidence of mental health disorder, COVID-19 can also exacerbate existing conditions in current mental health patients and unmask existing symptoms in those without a current mental health diagnosis. Patients&#x02019; reluctance to seek help during the current pandemic, coupled with the reduced availability of routine appointments, could lead to a &#x02018;tsunami of referrals&#x02019; post-lockdown &#x02013; a situation that could easily overwhelm an overstretched and underfunded mental health service.<sup><xref rid="ref77" ref-type="bibr">77</xref>,<xref rid="ref78" ref-type="bibr">78</xref></sup> This is further exacerbated by reduced provision for services deemed &#x02018;non-essential&#x02019; in treating the acute medical problem, such as mental health services, in response to the outbreak.<sup><xref rid="ref59" ref-type="bibr">59</xref></sup> Without timely and adequate interventions, the compromised mental health system might not be able to cope with the potential surge in demand, as in Hong Kong during the SARS outbreak.<sup><xref rid="ref79" ref-type="bibr">79</xref></sup></p></sec><sec sec-type="other" id="sec10"><title>COVID-19 &#x02013; the perfect vector</title><p>Anxiety, anger and stress are normal reactions to extremely adverse events such as the COVID-19 pandemic.<sup><xref rid="ref80" ref-type="bibr">80</xref></sup> For this reason, it is important that early mental healthcare intervention is provided to prevent progression into longer-term psychiatric conditions such as PTSD. The psychological needs of the population must be part of the public health response.<sup><xref rid="ref80" ref-type="bibr">80</xref></sup></p><p>As discussed, infected individuals are more likely to face severe psychological crises and secondary trauma after the disaster, a fact that must be taken into account when devising treatment strategies for COVID-19 patients. Efforts must be focused on identifying vulnerable populations, such as those with pre-existing mental health conditions, healthcare workers and families of affected individuals.<sup><xref rid="ref16" ref-type="bibr">16</xref></sup> Establishing key target groups during the initial stage of the outbreak, where the burden on services is significant and resources are scarce, allows for efficient and optimal use of limited resources.<sup><xref rid="ref81" ref-type="bibr">81</xref></sup> Providing precise and clear information regarding measures that enhance individuals&#x02019; perceived control over the threat may help engender coping methods that limit anxiety.<sup><xref rid="ref19" ref-type="bibr">19</xref>,<xref rid="ref29" ref-type="bibr">29</xref>,<xref rid="ref30" ref-type="bibr">30</xref></sup> Specific measures should also be taken to ensure that the psychological needs of quarantined or isolated individuals are accounted for.</p><p>Mental health services should brace themselves for a &#x02018;mental health tsunami&#x02019;<sup><xref rid="ref77" ref-type="bibr">77</xref></sup> in the months and potentially years to come, as the question of a secondary mental health epidemic is not a matter of whether it will happen, but rather to what extent will it happen. The concept of &#x02018;flattening the curve&#x02019; in response to COVID-19 cases has been repeated by Prime Minister Boris Johnson on multiple occasions;<sup><xref rid="ref82" ref-type="bibr">82</xref></sup> similarly, steps should be taken to account for the mental health effects of COVID-19 as part of the curve which needs to be flattened, so as to not overwhelm our already overstretched mental health services.</p></sec></body><back><notes id="nts1" notes-type="other"><title>About the authors</title><p><bold>Idura N. Hisham</bold> is a medical student at the Faculty of Medicine, St George's Hospital Medical School, London, UK. <bold>Giles Townsend</bold> is Consultant Old Age Psychiatrist at Surrey and Borders Partnership NHS Foundation Trust, The Meadows Inpatient Unit, Older Adults and Specialist Services, West Park, Epsom, UK. <bold>Steve Gillard</bold> is a Professor of Social &#x00026; Community Mental Health at the Population Health Research Institute, St George's, University of London, UK. <bold>Brishti Debnath</bold> is a medical student at the Faculty of Medicine, St George's Hospital Medical School, London, UK. <bold>Jacqueline Sin</bold> is a NIHR Post Doctoral Research Fellow at the Population Health Research Institute, St George's, University of London, UK, and an Associate Professor in Clinical Health at the School of Psychology and Clinical Language Sciences, University of Reading, UK.</p></notes><notes id="nts2" notes-type="other"><title>Author contributions</title><p>I.N.H. conceived the project and developed the initial draft. B.D. contributed with the management of references and refinement of writing for the initial draft. S.G., J.S. and G.T. contributed to the revision and refinement of the writing. All authors read and approved the final manuscript.</p></notes><notes id="nts3" notes-type="other"><title>Declaration of interest</title><p>None.</p></notes><sec sec-type="supplementary-material" id="sec11"><title>Supplementary material</title><supplementary-material content-type="local-data" id="S2056469420000601sup001"><p>For supplementary material accompanying this paper visit http://dx.doi.org/10.1192/bjb.2020.60.</p><media xlink:href="S2056469420000601sup001.zip" mimetype="application" mime-subtype="zip" orientation="portrait" id="d38e744" position="anchor"><caption><p>click here to view supplementary material</p></caption></media></supplementary-material></sec><ref-list id="reflist1"><title>References</title><ref id="ref1"><label>1</label><mixed-citation publication-type="book" id="cite1"><collab>World Health Organization</collab>. <source>Pneumonia of Unknown Cause &#x02013; China</source>. <publisher-name>WHO</publisher-name>, <year>2020</year> (<uri xlink:href="http://www.who.int/csr/don/05-january-2020-pneumonia-of-unkown-cause-china/en/">http://www.who.int/csr/don/05-january-2020-pneumonia-of-unkown-cause-china/en/</uri> [cited 29 Mar 2020]).</mixed-citation></ref><ref id="ref2"><label>2</label><mixed-citation publication-type="book" id="cite2"><collab>World Health Organization</collab>. <source>Coronavirus Disease 2019 (COVID-19) Situation Report &#x02013;114</source>. <publisher-name>WHO</publisher-name>, <year>2020</year>.</mixed-citation></ref><ref id="ref3"><label>3</label><mixed-citation publication-type="book" id="cite3"><collab>World Health Organization</collab>. <source>How the 4 Biggest Outbreaks Since the Start of this Century Shattered some Long-Standing Myths</source>. <publisher-name>WHO</publisher-name>, <year>2014</year> (<uri xlink:href="https://www.who.int/csr/disease/ebola/ebola-6-months/myths/en/">https://www.who.int/csr/disease/ebola/ebola-6-months/myths/en/</uri> [cited 22 Mar 2020]).</mixed-citation></ref><ref id="ref4"><label>4</label><mixed-citation publication-type="journal" id="cite4"><string-name><surname>Mak</surname>
<given-names>IWC</given-names></string-name>, <string-name><surname>Chu</surname>
<given-names>CM</given-names></string-name>, <string-name><surname>Pan</surname>
<given-names>P</given-names></string-name>, <string-name><surname>Yiu</surname>
<given-names>MGC</given-names></string-name>, <string-name><surname>Chan</surname>
<given-names>VL</given-names></string-name>. <article-title>Long-term psychiatric morbidities among SARS survivors</article-title>. <source>Gen Hosp Psychiatry</source>
<year>2009</year>; <volume>31</volume>(<issue>4</issue>): <fpage>318</fpage>&#x02013;26.<pub-id pub-id-type="pmid">19555791</pub-id></mixed-citation></ref><ref id="ref5"><label>5</label><mixed-citation publication-type="other" id="cite5"><collab>World Health Organization</collab>. <italic>Summary of Probable SARS Cases with Onset of Illness from 1 November 2002 to 31 July 2003</italic> WHO, <year>2004</year> (<uri xlink:href="https://www.who.int/csr/sars/country/table2004_04_21/en/">https://www.who.int/csr/sars/country/table2004_04_21/en/</uri> [cited 22 Mar 2020]).</mixed-citation></ref><ref id="ref6"><label>6</label><mixed-citation publication-type="book" id="cite6"><collab>World Health Organization</collab>. <source>SARS (Severe Acute Respiratory Syndrome)</source>. <publisher-name>WHO</publisher-name>, <year>2020</year> (<uri xlink:href="https://www.who.int/ith/diseases/sars/en/">https://www.who.int/ith/diseases/sars/en/</uri> [cited 22 Mar 2020]).</mixed-citation></ref><ref id="ref7"><label>7</label><mixed-citation publication-type="journal" id="cite7"><string-name><surname>Maunder</surname>
<given-names>RG</given-names></string-name>. <article-title>Was SARS a mental health catastrophe?</article-title>
<source>Gen Hosp Psychiatry</source>
<year>2009</year>; <volume>31</volume>(<issue>4</issue>): <fpage>316</fpage>&#x02013;7.<pub-id pub-id-type="pmid">19555790</pub-id></mixed-citation></ref><ref id="ref8"><label>8</label><mixed-citation publication-type="journal" id="cite8"><string-name><surname>Kim</surname>
<given-names>H</given-names></string-name>, <string-name><surname>Yoo</surname>
<given-names>S</given-names></string-name>, <string-name><surname>Lee</surname>
<given-names>B</given-names></string-name>, <string-name><surname>Lee</surname>
<given-names>SH</given-names></string-name>, <string-name><surname>Shin</surname>
<given-names>H</given-names></string-name>. <article-title>Psychiatric findings in suspected and confirmed Middle East respiratory syndrome patients quarantined in hospital: a retrospective chart analysis</article-title>. <source>Psychiatry Investig</source>
<year>2018</year>; <volume>15</volume>(<issue>4</issue>): <fpage>355</fpage>&#x02013;60.</mixed-citation></ref><ref id="ref9"><label>9</label><mixed-citation publication-type="journal" id="cite9"><string-name><surname>Lam</surname>
<given-names>MH</given-names></string-name>, <string-name><surname>Wing</surname>
<given-names>Y</given-names></string-name>, <string-name><surname>Yu</surname>
<given-names>MW</given-names></string-name>, <string-name><surname>Leung</surname>
<given-names>C</given-names></string-name>, <string-name><surname>Ma</surname>
<given-names>RCW</given-names></string-name>, <string-name><surname>Kong</surname>
<given-names>APS</given-names></string-name>, <etal/>
<article-title>Mental morbidities and chronic fatigue in severe acute respiratory syndrome survivors: long-term follow-up</article-title>. <source>Arch Intern Med</source>
<year>2009</year>; <volume>169</volume>(<issue>22</issue>): <fpage>2142</fpage>&#x02013;7.<pub-id pub-id-type="pmid">20008700</pub-id></mixed-citation></ref><ref id="ref10"><label>10</label><mixed-citation publication-type="journal" id="cite10"><string-name><surname>Wing</surname>
<given-names>YK</given-names></string-name>, <string-name><surname>Leung</surname>
<given-names>CM</given-names></string-name>. <article-title>Mental health impact of severe acute respiratory syndrome: a prospective study</article-title>. <source>Hong Kong Med J</source>
<year>2012</year>; <volume>18</volume>(<issue>Suppl 3</issue>): <fpage>24</fpage>.<pub-id pub-id-type="pmid">22865219</pub-id></mixed-citation></ref><ref id="ref11"><label>11</label><mixed-citation publication-type="journal" id="cite11"><string-name><surname>Gardner</surname>
<given-names>PJ</given-names></string-name>, <string-name><surname>Moallef</surname>
<given-names>P</given-names></string-name>. <article-title>Psychological impact on SARS survivors: critical review of the English language literature</article-title>. <source>Can Psychol</source>
<year>2015</year>; <volume>56</volume>(<issue>1</issue>): <fpage>123</fpage>&#x02013;35.</mixed-citation></ref><ref id="ref12"><label>12</label><mixed-citation publication-type="journal" id="cite12"><string-name><surname>Maunder</surname>
<given-names>R</given-names></string-name>. <article-title>The experience of the 2003 SARS outbreak as a traumatic stress among frontline healthcare workers in Toronto: lessons learned</article-title>. <source>Philos Trans R Soc Lond B Biol Sci</source>
<year>2004</year>; <volume>359</volume>(<issue>1447</issue>): <fpage>1117</fpage>&#x02013;25.<pub-id pub-id-type="pmid">15306398</pub-id></mixed-citation></ref><ref id="ref13"><label>13</label><mixed-citation publication-type="journal" id="cite13"><string-name><surname>Jeong</surname>
<given-names>H</given-names></string-name>, <string-name><surname>Yim</surname>
<given-names>HW</given-names></string-name>, <string-name><surname>Song</surname>
<given-names>Y</given-names></string-name>, <string-name><surname>Ki</surname>
<given-names>M</given-names></string-name>, <string-name><surname>Min</surname>
<given-names>J</given-names></string-name>, <string-name><surname>Cho</surname>
<given-names>J</given-names></string-name>, <etal/>
<article-title>Mental health status of people isolated due to Middle East Respiratory Syndrome</article-title>. <source>Epidemiol Health</source>
<year>2016</year>; <volume>38</volume>: <fpage>e2016048</fpage>.<pub-id pub-id-type="pmid">28196409</pub-id></mixed-citation></ref><ref id="ref14"><label>14</label><mixed-citation publication-type="other" id="cite14"><string-name><surname>Moukaddam</surname>
<given-names>N</given-names></string-name>, <string-name><surname>Shah</surname>
<given-names>A</given-names></string-name>. <article-title>Psychiatrists Beware! The Impact of COVID-19 and Pandemics on Mental Health.</article-title>
<source>Psychiatric Times, 15 Mar 2020</source>. MJH Associates, <year>2020</year> (<uri xlink:href="https://www.psychiatrictimes.com/psychiatrists-beware-impact-coronavirus-pandemics-mental-health">https://www.psychiatrictimes.com/psychiatrists-beware-impact-coronavirus-pandemics-mental-health</uri>).</mixed-citation></ref><ref id="ref15"><label>15</label><mixed-citation publication-type="journal" id="cite15"><string-name><surname>Park</surname>
<given-names>S</given-names></string-name>, <string-name><surname>Park</surname>
<given-names>YC</given-names></string-name>. <article-title>Mental health care measures in response to the 2019 novel coronavirus outbreak in Korea</article-title>. <source>Psychiatry Investig</source>
<year>2020</year>; <volume>17</volume>(<issue>2</issue>): <fpage>85</fpage>&#x02013;6.</mixed-citation></ref><ref id="ref16"><label>16</label><mixed-citation publication-type="journal" id="cite16"><string-name><surname>Shigemura</surname>
<given-names>J</given-names></string-name>, <string-name><surname>Ursano</surname>
<given-names>RJ</given-names></string-name>, <string-name><surname>Morganstein</surname>
<given-names>JC</given-names></string-name>, <string-name><surname>Kurosawa</surname>
<given-names>M</given-names></string-name>, <string-name><surname>Benedek</surname>
<given-names>DM</given-names></string-name>. <article-title>Public responses to the novel 2019 coronavirus (2019-nCoV) in Japan: mental health consequences and target populations</article-title>. <source>Psychiatry Clin Neurosci</source>
<year>2020</year>; <volume>74</volume>(<issue>4</issue>): <fpage>281</fpage>&#x02013;2.<pub-id pub-id-type="pmid">32034840</pub-id></mixed-citation></ref><ref id="ref17"><label>17</label><mixed-citation publication-type="journal" id="cite17"><string-name><surname>de Medeiros Carvalho</surname>
<given-names>PM</given-names></string-name>, <string-name><surname>Moreira</surname>
<given-names>MM</given-names></string-name>, <string-name><surname>de Oliveira</surname>
<given-names>MNA</given-names></string-name>, <string-name><surname>Landim</surname>
<given-names>JMM</given-names></string-name>, <string-name><surname>Neto</surname>
<given-names>MLR</given-names></string-name>. <article-title>The psychiatric impact of the novel coronavirus outbreak</article-title>. <source>Psychiatry Res</source>
<year>2020</year>; <volume>286</volume>: <fpage>112902</fpage>.<pub-id pub-id-type="pmid">32146248</pub-id></mixed-citation></ref><ref id="ref18"><label>18</label><mixed-citation publication-type="journal" id="cite18"><string-name><surname>Zandifar</surname>
<given-names>A</given-names></string-name>, <string-name><surname>Badrfam</surname>
<given-names>R</given-names></string-name>. <article-title>Iranian mental health during the COVID-19 epidemic</article-title>. <source>Asian J Psychiatr</source>
<year>2020</year>; <volume>51</volume>: <fpage>101990</fpage>.<pub-id pub-id-type="pmid">32163908</pub-id></mixed-citation></ref><ref id="ref19"><label>19</label><mixed-citation publication-type="journal" id="cite19"><string-name><surname>Taha</surname>
<given-names>S</given-names></string-name>, <string-name><surname>Matheson</surname>
<given-names>K</given-names></string-name>, <string-name><surname>Cronin</surname>
<given-names>T</given-names></string-name>, <string-name><surname>Anisman</surname>
<given-names>H</given-names></string-name>. <article-title>Intolerance of uncertainty, appraisals, coping, and anxiety: the case of the 2009 H1N1 pandemic</article-title>. <source>Br J Health Psychol</source>
<year>2014</year>; <volume>19</volume>(<issue>3</issue>): <fpage>592</fpage>&#x02013;<lpage>605</lpage>.<pub-id pub-id-type="pmid">23834735</pub-id></mixed-citation></ref><ref id="ref20"><label>20</label><mixed-citation publication-type="book" id="cite20"><collab>APA Presidential Task Force on Preventing Discrimination and Promoting Diversity</collab>. <source>Dual Pathways to a Better America &#x02013; Preventing Discrimination and Promoting Diversity</source>. <publisher-name>American Psychological Association</publisher-name>, <year>2012</year>.</mixed-citation></ref><ref id="ref21"><label>21</label><mixed-citation publication-type="book" id="cite21"><collab>World Health Organization</collab>. <source>Director-General's Statement on IHR Emergency Committee on Novel Coronavirus (2019-nCoV)</source>. <publisher-name>WHO</publisher-name>, <year>2020</year> (<uri xlink:href="https://www.who.int/dg/speeches/detail/who-director-general-s-statement-on-ihremergency-committee-on-novel-coronavirus-(2019-ncov)">https://www.who.int/dg/speeches/detail/who-director-general-s-statement-on-ihremergency-committee-on-novel-coronavirus-(2019-ncov)</uri>
<ext-link ext-link-type="uri" xlink:href="[">[</ext-link>cited 24 Mar 2020]).</mixed-citation></ref><ref id="ref22"><label>22</label><mixed-citation publication-type="journal" id="cite22"><string-name><surname>Lau</surname>
<given-names>JTF</given-names></string-name>, <string-name><surname>Yang</surname>
<given-names>X</given-names></string-name>, <string-name><surname>Tsui</surname>
<given-names>HY</given-names></string-name>, <string-name><surname>Pang</surname>
<given-names>E</given-names></string-name>, <string-name><surname>Wing</surname>
<given-names>YK</given-names></string-name>. <article-title>Positive mental health-related impacts of the SARS epidemic on the general public in Hong Kong and their associations with other negative impacts</article-title>. <source>J Infect</source>
<year>2006</year>; <volume>53</volume>(<issue>2</issue>): <fpage>114</fpage>&#x02013;24.<pub-id pub-id-type="pmid">16343636</pub-id></mixed-citation></ref><ref id="ref23"><label>23</label><mixed-citation publication-type="journal" id="cite23"><string-name><surname>Rubin</surname>
<given-names>GJ</given-names></string-name>, <string-name><surname>Wessely</surname>
<given-names>S</given-names></string-name>. <article-title>The psychological effects of quarantining a city</article-title>. <source>BMJ</source>
<year>2020</year>; <volume>368</volume>: <fpage>m313</fpage>.<pub-id pub-id-type="pmid">31992552</pub-id></mixed-citation></ref><ref id="ref24"><label>24</label><mixed-citation publication-type="journal" id="cite24"><string-name><surname>Oh</surname>
<given-names>S</given-names></string-name>, <string-name><surname>Lee</surname>
<given-names>SY</given-names></string-name>, <string-name><surname>Han</surname>
<given-names>C</given-names></string-name>. <article-title>The effects of social media use on preventive behaviors during infectious disease outbreaks: the mediating role of self-relevant emotions and public risk perception</article-title>. To be published in <source>Health Commun</source> [Preprint] 2020. Available from: <pub-id pub-id-type="doi">10.1080/10410236.2020.1724639</pub-id> [cited 30th March 2020].</mixed-citation></ref><ref id="ref25"><label>25</label><mixed-citation publication-type="journal" id="cite25"><string-name><surname>Carlsen</surname>
<given-names>B</given-names></string-name>, <string-name><surname>Glenton</surname>
<given-names>C</given-names></string-name>. <article-title>The swine flu vaccine, public attitudes, and researcher interpretations: a systematic review of qualitative research</article-title>. <source>BMC Health Serv Res</source>
<year>2016</year>; <volume>16</volume>(<issue>1</issue>): <fpage>203</fpage>.<pub-id pub-id-type="pmid">27338141</pub-id></mixed-citation></ref><ref id="ref26"><label>26</label><mixed-citation publication-type="journal" id="cite26"><string-name><surname>Schmid</surname>
<given-names>P</given-names></string-name>, <string-name><surname>Rauber</surname>
<given-names>D</given-names></string-name>, <string-name><surname>Betsch</surname>
<given-names>C</given-names></string-name>, <string-name><surname>Lidolt</surname>
<given-names>G</given-names></string-name>, <string-name><surname>Denker</surname>
<given-names>M</given-names></string-name>. <article-title>Barriers of influenza vaccination intention and behavior &#x02013; a systematic review of influenza vaccine hesitancy, 2005&#x02013;2016</article-title>. <source>PLoS One</source>
<year>2017</year>; <volume>12</volume>(<issue>1</issue>): <fpage>e0170550</fpage>.<pub-id pub-id-type="pmid">28125629</pub-id></mixed-citation></ref><ref id="ref27"><label>27</label><mixed-citation publication-type="other" id="cite27"><collab>BBC News</collab>. Corbyn's brother arrested at anti-lockdown protest. BBC, <year>2020</year> (<uri xlink:href="https://www.bbc.com/news/av/uk-52693383/coronavirus-jeremy-corbyn-s-brother-arrested-at-anti-lockdown-protest-in-london">https://www.bbc.com/news/av/uk-52693383/coronavirus-jeremy-corbyn-s-brother-arrested-at-anti-lockdown-protest-in-london</uri> [cited 17 May 2020]).</mixed-citation></ref><ref id="ref28"><label>28</label><mixed-citation publication-type="other" id="cite28"><collab>BBC News</collab>. Government cracks down on coronavirus fake news. BBC, 2020 (<uri xlink:href="https://www.bbc.co.uk/news/technology-52086284">https://www.bbc.co.uk/news/technology-52086284</uri> [cited 30 March 2020]).</mixed-citation></ref><ref id="ref29"><label>29</label><mixed-citation publication-type="journal" id="cite29"><string-name><surname>Paek</surname>
<given-names>H</given-names></string-name>, <string-name><surname>Oh</surname>
<given-names>S</given-names></string-name>, <string-name><surname>Hove</surname>
<given-names>T</given-names></string-name>. <article-title>How fear-arousing news messages affect risk perceptions and intention to talk about risk</article-title>. <source>Health Commun</source>
<year>2016</year>; <volume>31</volume>(<issue>9</issue>): <fpage>1051</fpage>&#x02013;62.<pub-id pub-id-type="pmid">26789555</pub-id></mixed-citation></ref><ref id="ref30"><label>30</label><mixed-citation publication-type="journal" id="cite30"><string-name><surname>Goodall</surname>
<given-names>C</given-names></string-name>, <string-name><surname>Sabo</surname>
<given-names>J</given-names></string-name>, <string-name><surname>Cline</surname>
<given-names>R</given-names></string-name>, <string-name><surname>Egbert</surname>
<given-names>N</given-names></string-name>. <article-title>Threat, efficacy, and uncertainty in the first 5 months of national print and electronic news coverage of the H1N1 virus</article-title>. <source>J Health Commun</source>
<year>2012</year>; <volume>17</volume>(<issue>3</issue>): <fpage>338</fpage>&#x02013;55.<pub-id pub-id-type="pmid">22188164</pub-id></mixed-citation></ref><ref id="ref31"><label>31</label><mixed-citation publication-type="other" id="cite31"><collab>Young Minds UK</collab>. <italic>Coronavirus: Impact on Young People with Mental Health Needs</italic>
<year>2020</year>.</mixed-citation></ref><ref id="ref32"><label>32</label><mixed-citation publication-type="journal" id="cite32"><string-name><surname>Person</surname>
<given-names>B</given-names></string-name>, <string-name><surname>Sy</surname>
<given-names>F</given-names></string-name>, <string-name><surname>Holton</surname>
<given-names>K</given-names></string-name>, <string-name><surname>Govert</surname>
<given-names>B</given-names></string-name>, <string-name><surname>Liang</surname>
<given-names>A</given-names></string-name>, <string-name><surname>Garza</surname>
<given-names>B</given-names></string-name>, <etal/>
<article-title>Fear and stigma: the epidemic within the SARS outbreak</article-title>. <source>Emerg Infect Dis</source>
<year>2004</year>; <volume>10</volume>(<issue>2</issue>): <fpage>358</fpage>&#x02013;63.<pub-id pub-id-type="pmid">15030713</pub-id></mixed-citation></ref><ref id="ref33"><label>33</label><mixed-citation publication-type="other" id="cite33"><collab>Trump DJ</collab>. I only signed the Defense Production Act to combat the Chinese Virus should we need to invoke it in a worst case scenario in the future. Hopefully there will be no need, but we are all in this TOGETHER! 18 Mar <year>2020</year> [cited 29 Mar 2020]. Available from: <uri xlink:href="https://twitter.com/realdonaldtrump/status/1240391871026864130?lang=en">https://twitter.com/realdonaldtrump/status/1240391871026864130?lang=en</uri>.</mixed-citation></ref><ref id="ref34"><label>34</label><mixed-citation publication-type="other" id="cite34"><string-name><surname>Aratani</surname>
<given-names>L</given-names></string-name>. &#x02018;Coughing while Asian&#x02019;: living in fear as racism feeds off coronavirus panic. <italic>Guardian</italic> 24 March 2020 (<uri xlink:href="https://www.theguardian.com/world/2020/mar/24/coronavirus-us-asian-americans-racism">https://www.theguardian.com/world/2020/mar/24/coronavirus-us-asian-americans-racism</uri> [cited 25 March 2020]).</mixed-citation></ref><ref id="ref35"><label>35</label><mixed-citation publication-type="other" id="cite35"><collab>BBC News</collab>. Coronavirus: Student from Singapore hurt in Oxford Street attack. BBC, 3 Mar <year>2020</year> (<uri xlink:href="https://www.bbc.co.uk/news/uk-england-london-51722686">https://www.bbc.co.uk/news/uk-england-london-51722686</uri> [cited 21 March 2020]).</mixed-citation></ref><ref id="ref36"><label>36</label><mixed-citation publication-type="journal" id="cite36"><string-name><surname>Brown</surname>
<given-names>PJ</given-names></string-name>, <string-name><surname>Barrett</surname>
<given-names>R</given-names></string-name>. <article-title>Stigma in the time of influenza: social and institutional responses to pandemic emergencies.</article-title>
<source>J Infect Dis</source>
<year>2008</year>; <volume>197</volume>(<issue>4</issue>): <fpage>S34</fpage>.<pub-id pub-id-type="pmid">18269326</pub-id></mixed-citation></ref><ref id="ref37"><label>37</label><mixed-citation publication-type="journal" id="cite37"><string-name><surname>Brooks</surname>
<given-names>SK</given-names></string-name>, <string-name><surname>Webster</surname>
<given-names>RK</given-names></string-name>, <string-name><surname>Smith</surname>
<given-names>LE</given-names></string-name>, <string-name><surname>Woodland</surname>
<given-names>L</given-names></string-name>, <string-name><surname>Wessely</surname>
<given-names>S</given-names></string-name>, <string-name><surname>Greenberg</surname>
<given-names>N</given-names></string-name>, <etal/>
<article-title>The psychological impact of quarantine and how to reduce it: rapid review of the evidence</article-title>. <source>Lancet</source>
<year>2020</year>; <volume>395</volume>(<issue>10227</issue>): <fpage>912</fpage>&#x02013;20.<pub-id pub-id-type="pmid">32112714</pub-id></mixed-citation></ref><ref id="ref38"><label>38</label><mixed-citation publication-type="journal" id="cite38"><string-name><surname>Farag</surname>
<given-names>E</given-names></string-name>, <string-name><surname>Nour</surname>
<given-names>M</given-names></string-name>, <string-name><surname>Marufu</surname>
<given-names>O</given-names></string-name>, <string-name><surname>Sikkema</surname>
<given-names>R</given-names></string-name>, <string-name><surname>Al-Romaihi</surname>
<given-names>H</given-names></string-name>, <string-name><surname>Al Thani</surname>
<given-names>M</given-names></string-name>, <etal/>
<article-title>The hidden epidemic: MERS-CoV-related stigma observations from the field, Qatar 2012&#x02013;2015</article-title>. <source>Int J Infect Dis</source>
<year>2016</year>; <volume>45</volume>: <fpage>332</fpage>.</mixed-citation></ref><ref id="ref39"><label>39</label><mixed-citation publication-type="journal" id="cite39"><string-name><surname>Sim</surname>
<given-names>M</given-names></string-name>. <article-title>Psychological trauma of Middle East Respiratory Syndrome victims and bereaved families</article-title>. <source>Epidemiol Health</source>
<year>2016</year>; <volume>38</volume>: e2016054.</mixed-citation></ref><ref id="ref40"><label>40</label><mixed-citation publication-type="other" id="cite40"><string-name><surname>Atchison</surname>
<given-names>C</given-names></string-name>, <string-name><surname>Bowman</surname>
<given-names>L</given-names></string-name>, <string-name><surname>Eaton</surname>
<given-names>J</given-names></string-name>, <string-name><surname>Imai</surname>
<given-names>N</given-names></string-name>, <string-name><surname>Redd</surname>
<given-names>R</given-names></string-name>, <string-name><surname>Pristera</surname>
<given-names>P</given-names></string-name>, <etal/> Report 10: Public response to UK Government recommendations on COVID-19: population survey, 17&#x02013;18 March 2020. Imperial College London, 20 Mar 2020.</mixed-citation></ref><ref id="ref41"><label>41</label><mixed-citation publication-type="other" id="cite41"><collab>Bank of England</collab>. <italic>Monetary Policy Report, 2020</italic>. Bank of England, 7 May 2020.</mixed-citation></ref><ref id="ref42"><label>42</label><mixed-citation publication-type="journal" id="cite42"><string-name><surname>Stuckler</surname>
<given-names>D</given-names></string-name>, <string-name><surname>Basu</surname>
<given-names>S</given-names></string-name>, <string-name><surname>Suhrcke</surname>
<given-names>M</given-names></string-name>, <string-name><surname>Coutts</surname>
<given-names>A</given-names></string-name>, <string-name><surname>McKee</surname>
<given-names>M</given-names></string-name>. <article-title>The public health effect of economic crises and alternative policy responses in Europe: an empirical analysis</article-title>. <source>Lancet</source>
<year>2009</year>; <volume>374</volume>(<issue>9686</issue>): <fpage>315</fpage>&#x02013;23.<pub-id pub-id-type="pmid">19589588</pub-id></mixed-citation></ref><ref id="ref43"><label>43</label><mixed-citation publication-type="other" id="cite43"><string-name><surname>Ferguson</surname>
<given-names>NM</given-names></string-name>, <string-name><surname>Laydon</surname>
<given-names>D</given-names></string-name>, <string-name><surname>Nedjati-Gilani</surname>
<given-names>G</given-names></string-name>, <string-name><surname>Imai</surname>
<given-names>N</given-names></string-name>, <string-name><surname>Ainslie</surname>
<given-names>K</given-names></string-name>, <string-name><surname>Baguelin</surname>
<given-names>M</given-names></string-name>, <etal/>
<italic>Impact of Non-Pharmaceutical Interventions (NPIs) to Reduce COVID-19 Mortality and Healthcare Demand</italic>. Imperial College London, 2020.</mixed-citation></ref><ref id="ref44"><label>44</label><mixed-citation publication-type="book" id="cite44"><string-name><surname>Ainslie</surname>
<given-names>KE</given-names></string-name>, <string-name><surname>Walters</surname>
<given-names>C</given-names></string-name>, <string-name><surname>Fu</surname>
<given-names>H</given-names></string-name>, <string-name><surname>Bhatia</surname>
<given-names>S</given-names></string-name>, <string-name><surname>Wang</surname>
<given-names>H</given-names></string-name>, <string-name><surname>Baguelin</surname>
<given-names>M</given-names></string-name>, <etal/>
<source>Report 11: Evidence of Initial Success for China Exiting COVID-19 Social Distancing Policy after Achieving Containment</source>. <publisher-name>Imperial College London</publisher-name>, <year>2020</year>.</mixed-citation></ref><ref id="ref45"><label>45</label><mixed-citation publication-type="other" id="cite45"><string-name><surname>Sly</surname>
<given-names>L</given-names></string-name>, <string-name><surname>Morris</surname>
<given-names>L</given-names></string-name>. As some countries ease up, others are reimposing lockdowns amid a resurgence of coronavirus infections. <italic>Washington Post</italic>, 13 May <year>2020</year> (<uri xlink:href="https://www.washingtonpost.com/world/as-some-countries-ease-up-others-are-reimposing-lockdowns-amid-a-resurgence-of-coronavirus-infections/2020/05/12/6373cf6a-9455-11ea-87a3-22d324235636_story.html">https://www.washingtonpost.com/world/as-some-countries-ease-up-others-are-reimposing-lockdowns-amid-a-resurgence-of-coronavirus-infections/2020/05/12/6373cf6a-9455-11ea-87a3-22d324235636_story.html</uri> [cited 15 May 2020]).</mixed-citation></ref><ref id="ref46"><label>46</label><mixed-citation publication-type="other" id="cite46">Leonard A. This Japanese island lifted its coronavirus lockdown too soon and became a warning to the world. <italic>Time</italic>, 24 April 2020.</mixed-citation></ref><ref id="ref47"><label>47</label><mixed-citation publication-type="book" id="cite47"><string-name><surname>Thomas</surname>
<given-names>T</given-names></string-name>. <source>Full lockdown in Mumbai, Pune as coronavirus cases spike again</source>. <publisher-name>Livemint</publisher-name>, <year>2020</year>.</mixed-citation></ref><ref id="ref48"><label>48</label><mixed-citation publication-type="journal" id="cite48"><string-name><surname>Rutter</surname>
<given-names>M</given-names></string-name>. <article-title>Resilience in the face of adversity: protective factors and resistance to psychiatric disorder</article-title>. <source>Br J Psychiatry</source>
<year>1985</year>; <volume>147</volume>(<issue>6</issue>): <fpage>598</fpage>&#x02013;<lpage>611</lpage>.<pub-id pub-id-type="pmid">3830321</pub-id></mixed-citation></ref><ref id="ref49"><label>49</label><mixed-citation publication-type="book" id="cite49"><collab>Institute of Medicine (US) Committee on Prevention of Mental Disorders.</collab>
<chapter-title>Risk and protective factors for the onset of mental disorders</chapter-title> In <source>Reducing Risks for Mental Disorders: Frontiers for Preventive Intervention Research</source> (eds <string-name><given-names>PJ</given-names>
<surname>Mrazek</surname></string-name>, <string-name><given-names>RJ</given-names>
<surname>Haggerty</surname></string-name>). <publisher-name>National Academies Press (US)</publisher-name>, <year>1994</year>.</mixed-citation></ref><ref id="ref50"><label>50</label><mixed-citation publication-type="journal" id="cite50"><string-name><surname>Kaniasty</surname>
<given-names>K</given-names></string-name>, <string-name><surname>Norris</surname>
<given-names>FH</given-names></string-name>. <article-title>Longitudinal linkages between perceived social support and posttraumatic stress symptoms: sequential roles of social causation and social selection</article-title>. <source>J Trauma Stress</source>
<year>2008</year>; <volume>21</volume>(<issue>3</issue>): <fpage>274</fpage>&#x02013;81.<pub-id pub-id-type="pmid">18553415</pub-id></mixed-citation></ref><ref id="ref51"><label>51</label><mixed-citation publication-type="journal" id="cite51"><string-name><surname>Carlson</surname>
<given-names>EB</given-names></string-name>, <string-name><surname>Palmieri</surname>
<given-names>PA</given-names></string-name>, <string-name><surname>Field</surname>
<given-names>NP</given-names></string-name>, <string-name><surname>Dalenberg</surname>
<given-names>CJ</given-names></string-name>, <string-name><surname>Macia</surname>
<given-names>KS</given-names></string-name>, <string-name><surname>Spain</surname>
<given-names>DA</given-names></string-name>. <article-title>Contributions of risk and protective factors to prediction of psychological symptoms after traumatic experiences</article-title>. <source>Compr Psychiatry</source>
<year>2016</year>; <volume>69</volume>: <fpage>106</fpage>&#x02013;15.<pub-id pub-id-type="pmid">27423351</pub-id></mixed-citation></ref><ref id="ref52"><label>52</label><mixed-citation publication-type="other" id="cite52"><string-name><surname>Varnum</surname>
<given-names>P</given-names></string-name>. COVID-19: Experts share insights on managing mental health. World Economic Forum, <year>2020</year> (<uri xlink:href="https://www.weforum.org/agenda/2020/03/covid19-coronavirus-mental-health-expert-insights/">https://www.weforum.org/agenda/2020/03/covid19-coronavirus-mental-health-expert-insights/</uri> [cited 24 Mar 2020]).</mixed-citation></ref><ref id="ref53"><label>53</label><mixed-citation publication-type="other" id="cite53">Refuge. Refuge sees online traffic to its National Domestic Abuse Helpline website rise by 700%. Refuge, <year>2020</year> (<uri xlink:href="https://www.refuge.org.uk/refuge-sees-700-increase-in-website-visits/">https://www.refuge.org.uk/refuge-sees-700-increase-in-website-visits/</uri> [cited 2020 May 15])</mixed-citation></ref><ref id="ref54"><label>54</label><mixed-citation publication-type="other" id="cite54"><string-name><surname>Godin</surname>
<given-names>M</given-names></string-name>. How coronavirus is affecting victims of domestic violence. <italic>Time</italic>, 18 March 2020 (<uri xlink:href="https://time.com/5803887/coronavirus-domestic-violence-victims/">https://time.com/5803887/coronavirus-domestic-violence-victims/</uri> [cited 27 Mar 2020]).</mixed-citation></ref><ref id="ref55"><label>55</label><mixed-citation publication-type="journal" id="cite55"><string-name><surname>Capaldi</surname>
<given-names>DM</given-names></string-name>, <string-name><surname>Knoble</surname>
<given-names>NB</given-names></string-name>, <string-name><surname>Shortt</surname>
<given-names>JW</given-names></string-name>, <string-name><surname>Kim</surname>
<given-names>HK</given-names></string-name>. <article-title>A systematic review of risk factors for intimate partner violence</article-title>. <source>Partner Abuse</source>
<year>2012</year>; <volume>3</volume>(<issue>2</issue>): <fpage>231</fpage>&#x02013;28.<pub-id pub-id-type="pmid">22754606</pub-id></mixed-citation></ref><ref id="ref56"><label>56</label><mixed-citation publication-type="journal" id="cite56"><string-name><surname>Reay</surname>
<given-names>AMC</given-names></string-name>, <string-name><surname>Browne</surname>
<given-names>KD</given-names></string-name>. <article-title>Risk factor characteristics in carers who physically abuse or neglect their elderly dependants</article-title>. <source>Aging Ment Health</source>
<year>2001</year>; <volume>5</volume>(<issue>1</issue>): <fpage>56</fpage>&#x02013;<lpage>62</lpage>.<pub-id pub-id-type="pmid">11513015</pub-id></mixed-citation></ref><ref id="ref57"><label>57</label><mixed-citation publication-type="journal" id="cite57"><string-name><surname>Johannesen</surname>
<given-names>M</given-names></string-name>, <string-name><surname>LoGiudice</surname>
<given-names>D</given-names></string-name>. <article-title>Elder abuse: a systematic review of risk factors in community-dwelling elders</article-title>. <source>Age Ageing</source>
<year>2013</year>; <volume>42</volume>(<issue>3</issue>): <fpage>292</fpage>&#x02013;8.<pub-id pub-id-type="pmid">23343837</pub-id></mixed-citation></ref><ref id="ref58"><label>58</label><mixed-citation publication-type="other" id="cite58">Home Secretary's statement on domestic abuse and coronavirus (COVID-19): 11 April 2020. Government Digital Services, 2020 (<uri xlink:href="https://www.gov.uk/government/speeches/home-secretary-outlines-support-for-domestic-abuse-victims">https://www.gov.uk/government/speeches/home-secretary-outlines-support-for-domestic-abuse-victims</uri> [cited 15 May 2020]).</mixed-citation></ref><ref id="ref59"><label>59</label><mixed-citation publication-type="journal" id="cite59"><string-name><surname>Burkle</surname>
<given-names>J</given-names></string-name>, <string-name><surname>Frederick</surname>
<given-names>M</given-names></string-name>, <string-name><surname>Greenough</surname>
<given-names>PG</given-names></string-name>. <article-title>Impact of public health emergencies on modern disaster taxonomy, planning, and response</article-title>. <source>Disaster Med Public Health Prep</source>
<year>2008</year>; <volume>2</volume>(<issue>3</issue>): <fpage>192</fpage>&#x02013;9.<pub-id pub-id-type="pmid">18562943</pub-id></mixed-citation></ref><ref id="ref60"><label>60</label><mixed-citation publication-type="journal" id="cite60"><string-name><surname>Costa</surname>
<given-names>D</given-names></string-name>, <string-name><surname>Hatzidimitriadou</surname>
<given-names>E</given-names></string-name>, <string-name><surname>Ioannidi-Kapolou</surname>
<given-names>E</given-names></string-name>, <string-name><surname>Lindert</surname>
<given-names>J</given-names></string-name>, <string-name><surname>Soares</surname>
<given-names>J</given-names></string-name>, <string-name><surname>Sundin</surname>
<given-names>&#x000d6;</given-names></string-name>, <etal/>
<article-title>Intimate partner violence and health-related quality of life in European men and women: findings from the DOVE study</article-title>. <source>Qual Life Res</source>
<year>2015</year>; <volume>24</volume>(<issue>2</issue>): <fpage>463</fpage>&#x02013;71.<pub-id pub-id-type="pmid">25063083</pub-id></mixed-citation></ref><ref id="ref61"><label>61</label><mixed-citation publication-type="journal" id="cite61"><string-name><surname>Wintermann</surname>
<given-names>G</given-names></string-name>, <string-name><surname>Petrowski</surname>
<given-names>K</given-names></string-name>, <string-name><surname>Weidner</surname>
<given-names>K</given-names></string-name>, <string-name><surname>Strau&#x000df;</surname>
<given-names>B</given-names></string-name>, <string-name><surname>Rosendahl</surname>
<given-names>J</given-names></string-name>. <article-title>Impact of post-traumatic stress symptoms on the health-related quality of life in a cohort study with chronically critically ill patients and their partners: age matters</article-title>. <source>Crit Care</source>
<year>2019</year>; <volume>23</volume>(<issue>1</issue>): <fpage>39</fpage>.<pub-id pub-id-type="pmid">30736830</pub-id></mixed-citation></ref><ref id="ref62"><label>62</label><mixed-citation publication-type="journal" id="cite62"><string-name><surname>MacLaren</surname>
<given-names>G</given-names></string-name>, <string-name><surname>Fisher</surname>
<given-names>D</given-names></string-name>, <string-name><surname>Brodie</surname>
<given-names>D</given-names></string-name>. <article-title>Preparing for the most critically ill patients with COVID-19: the potential role of extracorporeal membrane oxygenation</article-title>. <source>JAMA</source>
<year>2020</year>; <volume>323</volume>: <fpage>1245</fpage>&#x02013;6.</mixed-citation></ref><ref id="ref63"><label>63</label><mixed-citation publication-type="journal" id="cite63"><string-name><surname>Inoue</surname>
<given-names>S</given-names></string-name>, <string-name><surname>Hatakeyama</surname>
<given-names>J</given-names></string-name>, <string-name><surname>Kondo</surname>
<given-names>Y</given-names></string-name>, <string-name><surname>Hifumi</surname>
<given-names>T</given-names></string-name>, <string-name><surname>Sakuramoto</surname>
<given-names>H</given-names></string-name>, <string-name><surname>Kawasaki</surname>
<given-names>T</given-names></string-name>, <etal/>
<article-title>Post-intensive care syndrome: its pathophysiology, prevention, and future directions</article-title>. <source>Acute Med Surg</source>
<year>2019</year>; <volume>6</volume>(<issue>3</issue>): <fpage>233</fpage>&#x02013;46.<pub-id pub-id-type="pmid">31304024</pub-id></mixed-citation></ref><ref id="ref64"><label>64</label><mixed-citation publication-type="journal" id="cite64"><string-name><surname>Lee</surname>
<given-names>M</given-names></string-name>, <string-name><surname>Kang</surname>
<given-names>J</given-names></string-name>, <string-name><surname>Jeong</surname>
<given-names>YJ</given-names></string-name>. <article-title>Risk factors for post&#x02013;intensive care syndrome: a systematic review and meta-analysis</article-title>. <source>Aust Crit Care</source>
<year>2020</year>; <volume>33</volume>(<issue>3</issue>): <fpage>287</fpage>&#x02013;94.<pub-id pub-id-type="pmid">31839375</pub-id></mixed-citation></ref><ref id="ref65"><label>65</label><mixed-citation publication-type="journal" id="cite65"><string-name><surname>Matthay</surname>
<given-names>MA</given-names></string-name>, <string-name><surname>Aldrich</surname>
<given-names>JM</given-names></string-name>, <string-name><surname>Gotts</surname>
<given-names>JE</given-names></string-name>. <article-title>Treatment for severe acute respiratory distress syndrome from COVID-19</article-title>. <source>Lancet Respir Med</source>
<year>2020</year>; <volume>8</volume>(<issue>5</issue>): <fpage>433</fpage>&#x02013;4.<pub-id pub-id-type="pmid">32203709</pub-id></mixed-citation></ref><ref id="ref66"><label>66</label><mixed-citation publication-type="journal" id="cite66"><string-name><surname>Ramanathan</surname>
<given-names>K</given-names></string-name>, <string-name><surname>Antognini</surname>
<given-names>D</given-names></string-name>, <string-name><surname>Combes</surname>
<given-names>A</given-names></string-name>, <string-name><surname>Paden</surname>
<given-names>M</given-names></string-name>, <string-name><surname>Zakhary</surname>
<given-names>B</given-names></string-name>, <string-name><surname>Ogino</surname>
<given-names>M</given-names></string-name>, <etal/>
<article-title>Planning and provision of ECMO services for severe ARDS during the COVID-19 pandemic and other outbreaks of emerging infectious diseases</article-title>. <source>Lancet Respir Med</source>
<year>2020</year>; <volume>8</volume>(<issue>5</issue>); <fpage>518</fpage>&#x02013;26.<pub-id pub-id-type="pmid">32203711</pub-id></mixed-citation></ref><ref id="ref67"><label>67</label><mixed-citation publication-type="journal" id="cite67"><string-name><surname>Hodgson</surname>
<given-names>CL</given-names></string-name>, <string-name><surname>Hayes</surname>
<given-names>K</given-names></string-name>, <string-name><surname>Everard</surname>
<given-names>T</given-names></string-name>, <string-name><surname>Nichol</surname>
<given-names>A</given-names></string-name>, <string-name><surname>Davies</surname>
<given-names>AR</given-names></string-name>, <string-name><surname>Bailey</surname>
<given-names>MJ</given-names></string-name>, <etal/>
<article-title>Long-term quality of life in patients with acute respiratory distress syndrome requiring extracorporeal membrane oxygenation for refractory hypoxaemia</article-title>. <source>Crit Care</source>
<year>2012</year>; <volume>16</volume>(<issue>5</issue>): <fpage>R202</fpage>.<pub-id pub-id-type="pmid">23082772</pub-id></mixed-citation></ref><ref id="ref68"><label>68</label><mixed-citation publication-type="journal" id="cite68"><string-name><surname>Tramm</surname>
<given-names>R</given-names></string-name>, <string-name><surname>Hodgson</surname>
<given-names>C</given-names></string-name>, <string-name><surname>Ilic</surname>
<given-names>D</given-names></string-name>, <string-name><surname>Sheldrake</surname>
<given-names>J</given-names></string-name>, <string-name><surname>Pellegrino</surname>
<given-names>V</given-names></string-name>. <article-title>Identification and prevalence of PTSD risk factors in ECMO patients: a single centre study</article-title>. <source>Aust Crit Care</source>
<year>2015</year>; <volume>28</volume>(<issue>1</issue>): <fpage>31</fpage>&#x02013;6.<pub-id pub-id-type="pmid">24844865</pub-id></mixed-citation></ref><ref id="ref69"><label>69</label><mixed-citation publication-type="journal" id="cite69"><string-name><surname>Cukor</surname>
<given-names>J</given-names></string-name>, <string-name><surname>Wyka</surname>
<given-names>K</given-names></string-name>, <string-name><surname>Jayasinghe</surname>
<given-names>N</given-names></string-name>, <string-name><surname>Weathers</surname>
<given-names>F</given-names></string-name>, <string-name><surname>Giosan</surname>
<given-names>C</given-names></string-name>, <string-name><surname>Leck</surname>
<given-names>P</given-names></string-name>, <etal/>
<article-title>Prevalence and predictors of posttraumatic stress symptoms in utility workers deployed to the World Trade Center following the attacks of September 11, 2001</article-title>. <source>Depress Anxiety</source>
<year>2011</year>; <volume>28</volume>(<issue>3</issue>): <fpage>210</fpage>&#x02013;7.<pub-id pub-id-type="pmid">21394854</pub-id></mixed-citation></ref><ref id="ref70"><label>70</label><mixed-citation publication-type="journal" id="cite70"><string-name><surname>lvarez</surname>
<given-names>J</given-names></string-name>, <string-name><surname>Hunt</surname>
<given-names>M</given-names></string-name>. <article-title>Risk and resilience in canine search and rescue handlers after 9/11</article-title>. <source>J Trauma Stress</source>
<year>2005</year>; <volume>18</volume>(<issue>5</issue>): <fpage>497</fpage>&#x02013;<lpage>505</lpage>.<pub-id pub-id-type="pmid">16281248</pub-id></mixed-citation></ref><ref id="ref71"><label>71</label><mixed-citation publication-type="other" id="cite71"><collab>Royal College of Physicians, Royal College of Psychiatrists</collab>. <italic>Smoking and Mental Health</italic> RCP, <year>2013</year>.</mixed-citation></ref><ref id="ref72"><label>72</label><mixed-citation publication-type="journal" id="cite72"><string-name><surname>Fukuta</surname>
<given-names>Y</given-names></string-name>, <string-name><surname>Muder</surname>
<given-names>RR</given-names></string-name>. <article-title>Infections in psychiatric facilities, with an emphasis on outbreaks</article-title>. <source>Infect Control Hosp Epidemiol</source>
<year>2013</year>; <volume>34</volume>(<issue>1</issue>): <fpage>80</fpage>&#x02013;8.<pub-id pub-id-type="pmid">23221197</pub-id></mixed-citation></ref><ref id="ref73"><label>73</label><mixed-citation publication-type="other" id="cite73"><italic>Mental Health Weekly (Volume 30 Number 11)</italic> Wiley Periodicals, 2020 (<uri xlink:href="https://onlinelibrary.wiley.com/doi/pdf/10.1002/mhw.32272">https://onlinelibrary.wiley.com/doi/pdf/10.1002/mhw.32272</uri>).</mixed-citation></ref><ref id="ref74"><label>74</label><mixed-citation publication-type="other" id="cite74"><string-name><surname>Graham</surname>
<given-names>D</given-names></string-name>, <string-name><surname>Jordan</surname>
<given-names>A</given-names></string-name>. <article-title>Methadone prescribing and COVID-19.</article-title>
<source>The Lancet Psychiatry</source> (<uri xlink:href="https://www.thelancet.com/doi/story/10.1016/audio.2020.03.24.108310">https://www.thelancet.com/doi/story/10.1016/audio.2020.03.24.108310</uri>).</mixed-citation></ref><ref id="ref75"><label>75</label><mixed-citation publication-type="other" id="cite75">Royal College of Psychiatrists. <italic>Community and Inpatient Services: COVID-19 Guidance for Clinicians</italic> RCPsych (<uri xlink:href="https://www.rcpsych.ac.uk/about-us/responding-to-covid-19/responding-to-covid-19-guidance-for-clinicians/community-and-inpatient-services-covid-19-guidance-for-clinicians">https://www.rcpsych.ac.uk/about-us/responding-to-covid-19/responding-to-covid-19-guidance-for-clinicians/community-and-inpatient-services-covid-19-guidance-for-clinicians</uri> [cited 31 Mar 2020]).</mixed-citation></ref><ref id="ref76"><label>76</label><mixed-citation publication-type="journal" id="cite76"><string-name><surname>Pandarakalam</surname>
<given-names>JP</given-names></string-name>. <article-title>Potential Risk of COVID-19 in Clozapine Treated Patients. Re: COVID-19: outbreak could last until spring 2021 and see 7.9 million hospitalised in the UK</article-title>. <source>BMJ</source>, 16 Mar 2020; 368: m1071 (<uri xlink:href="https://www.bmj.com/content/368/bmj.m1071/rr">https://www.bmj.com/content/368/bmj.m1071/rr</uri> [cited 2020 Mar 31]).</mixed-citation></ref><ref id="ref77"><label>77</label><mixed-citation publication-type="other" id="cite77"><collab>Royal College of Psychiatrists</collab>. <italic>Psychiatrists See Alarming Rise in Patients Needing Urgent and Emergency Care and Forecast a &#x02018;Tsunami&#x02019; of Mental Illness</italic> [press release]. 2020 (<uri xlink:href="https://www.rcpsych.ac.uk/news-and-features/latest-news/detail/2020/05/15/psychiatrists-see-alarming-rise-in-patients-needing-urgent-and-emergency-care)">https://www.rcpsych.ac.uk/news-and-features/latest-news/detail/2020/05/15/psychiatrists-see-alarming-rise-in-patients-needing-urgent-and-emergency-care)</uri>.</mixed-citation></ref><ref id="ref78"><label>78</label><mixed-citation publication-type="journal" id="cite78"><string-name><surname>Zhu</surname>
<given-names>Y</given-names></string-name>, <string-name><surname>Chen</surname>
<given-names>L</given-names></string-name>, <string-name><surname>Ji</surname>
<given-names>H</given-names></string-name>, <string-name><surname>Xi</surname>
<given-names>M</given-names></string-name>, <string-name><surname>Fang</surname>
<given-names>Y</given-names></string-name>, <string-name><surname>Li</surname>
<given-names>Y</given-names></string-name>. <article-title>The risk and prevention of novel coronavirus pneumonia infections among inpatients in psychiatric hospitals</article-title>. <source>Neurosci Bull</source>
<year>2020</year>; <volume>36</volume>(<issue>3</issue>): <fpage>299</fpage>&#x02013;<lpage>302</lpage>.<pub-id pub-id-type="pmid">32096116</pub-id></mixed-citation></ref><ref id="ref79"><label>79</label><mixed-citation publication-type="journal" id="cite79"><string-name><surname>Chan</surname>
<given-names>SS</given-names></string-name>, <string-name><surname>Lam</surname>
<given-names>LCW</given-names></string-name>, <string-name><surname>Chiu</surname>
<given-names>HFK</given-names></string-name>. <article-title>The emergence of the novel H1N1 virus: implications for global mental health</article-title>. <source>Int Psychogeriatr</source>
<year>2009</year>; <volume>21</volume>(<issue>6</issue>): <fpage>987</fpage>&#x02013;9.<pub-id pub-id-type="pmid">19747424</pub-id></mixed-citation></ref><ref id="ref80"><label>80</label><mixed-citation publication-type="journal" id="cite80"><string-name><surname>Xiang</surname>
<given-names>Y</given-names></string-name>, <string-name><surname>Yang</surname>
<given-names>Y</given-names></string-name>, <string-name><surname>Li</surname>
<given-names>W</given-names></string-name>, <string-name><surname>Zhang</surname>
<given-names>L</given-names></string-name>, <string-name><surname>Zhang</surname>
<given-names>Q</given-names></string-name>, <string-name><surname>Cheung</surname>
<given-names>T</given-names></string-name>, <etal/>
<article-title>Timely mental health care for the 2019 novel coronavirus outbreak is urgently needed</article-title>. <source>Lancet Psychiatry</source>
<year>2020</year>; <volume>7</volume>(<issue>3</issue>): <fpage>228</fpage>&#x02013;9.<pub-id pub-id-type="pmid">32032543</pub-id></mixed-citation></ref><ref id="ref81"><label>81</label><mixed-citation publication-type="journal" id="cite81"><string-name><surname>Jiang</surname>
<given-names>X</given-names></string-name>, <string-name><surname>Deng</surname>
<given-names>L</given-names></string-name>, <string-name><surname>Zhu</surname>
<given-names>Y</given-names></string-name>, <string-name><surname>Ji</surname>
<given-names>H</given-names></string-name>, <string-name><surname>Tao</surname>
<given-names>L</given-names></string-name>, <string-name><surname>Liu</surname>
<given-names>L</given-names></string-name>, <etal/>
<article-title>Psychological crisis intervention during the outbreak period of new coronavirus pneumonia from experience in Shanghai</article-title>. <source>Psychiatry Res</source>
<year>2020</year>; <volume>286</volume>: <fpage>112903</fpage>.<pub-id pub-id-type="pmid">32146245</pub-id></mixed-citation></ref><ref id="ref82"><label>82</label><mixed-citation publication-type="other" id="cite82">Roberts L. Has the UK passed its coronavirus peak? The Telegraph, 10 May 2020 (<uri xlink:href="https://www.telegraph.co.uk/news/0/uk-passed-peak-coronavirus-covid-19-past/">https://www.telegraph.co.uk/news/0/uk-passed-peak-coronavirus-covid-19-past/</uri> [cited 2020 May 15]).</mixed-citation></ref></ref-list></back></article>