<!DOCTYPE article PUBLIC "-//NLM//DTD JATS (Z39.96) Journal Archiving and Interchange DTD with MathML3 v1.2 20190208//EN" "JATS-archivearticle1-mathml3.dtd"> 
<article xmlns:xlink="http://www.w3.org/1999/xlink" xmlns:mml="http://www.w3.org/1998/Math/MathML" article-type="discussion"><?properties open_access?><?DTDIdentifier.IdentifierValue -//NLM//DTD JATS (Z39.96) Journal Publishing DTD v1.1 20151215//EN?><?DTDIdentifier.IdentifierType public?><?SourceDTD.DTDName JATS-journalpublishing1.dtd?><?SourceDTD.Version 1.1?><?ConverterInfo.XSLTName jp2nlmx2.xsl?><?ConverterInfo.Version 1?><?covid-19-tdm?><front><journal-meta><journal-id journal-id-type="nlm-ta">BJPsych Bull</journal-id><journal-id journal-id-type="iso-abbrev">BJPsych Bull</journal-id><journal-id journal-id-type="publisher-id">BJB</journal-id><journal-title-group><journal-title>BJPsych Bulletin</journal-title></journal-title-group><issn pub-type="ppub">2056-4694</issn><issn pub-type="epub">2056-4708</issn><publisher><publisher-name>Cambridge University Press</publisher-name><publisher-loc>Cambridge, UK</publisher-loc></publisher></journal-meta><article-meta><article-id pub-id-type="pmcid">7322151</article-id><article-id pub-id-type="doi">10.1192/bjb.2020.44</article-id><article-id pub-id-type="pii">S2056469420000443</article-id><article-categories><subj-group subj-group-type="heading"><subject>Special Articles</subject></subj-group></article-categories><title-group><article-title>The mental health of doctors during the COVID-19 pandemic</article-title></title-group><contrib-group><contrib contrib-type="author"><contrib-id contrib-id-type="orcid" authenticated="true">https://orcid.org/0000-0003-2043-8272</contrib-id><name><surname>Galbraith</surname><given-names>Niall</given-names></name><xref ref-type="aff" rid="aff1">1</xref><xref ref-type="corresp" rid="cor1"/></contrib><contrib contrib-type="author"><contrib-id contrib-id-type="orcid" authenticated="true">https://orcid.org/0000-0002-5667-5627</contrib-id><name><surname>Boyda</surname><given-names>David</given-names></name><xref ref-type="aff" rid="aff1">1</xref></contrib><contrib contrib-type="author"><name><surname>McFeeters</surname><given-names>Danielle</given-names></name><xref ref-type="aff" rid="aff1">1</xref></contrib><contrib contrib-type="author"><name><surname>Hassan</surname><given-names>Tariq</given-names></name><xref ref-type="aff" rid="aff2">2</xref></contrib></contrib-group><aff id="aff1"><label>1</label>Department of Psychology, <institution>University of Wolverhampton</institution>, <country>UK</country></aff><aff id="aff2"><label>2</label>Department of Psychiatry, <institution>Queen's University</institution>, Providence Care Hospital, <city>Kingston</city>, <state>Ontario</state>, <country>Canada</country></aff><author-notes><fn id="fns1" fn-type="other"><label>*</label><p>A video abstract for this article is available at <uri xlink:href="https://vimeo.com/414651981">https://vimeo.com/414651981</uri>.</p></fn><corresp id="cor1">Correspondence to Niall Galbraith (<email>n.galbraith@wlv.ac.uk</email>)</corresp></author-notes><pub-date publication-format="electronic" date-type="pub"><day>28</day><month>4</month><year>2020</year></pub-date><fpage>1</fpage><lpage>4</lpage><history><date date-type="received"><day>02</day><month>4</month><year>2020</year></date><date date-type="rev-recd"><day>22</day><month>4</month><year>2020</year></date><date date-type="accepted"><day>24</day><month>4</month><year>2020</year></date></history><permissions><copyright-statement>&#x000a9; The Authors 2020</copyright-statement><copyright-year>2020</copyright-year><copyright-holder>The Authors</copyright-holder><license license-type="open-access" xlink:href="http://creativecommons.org/licenses/by/4.0/"><ali:license_ref xmlns:ali="http://www.niso.org/schemas/ali/1.0/">http://creativecommons.org/licenses/by/4.0/</ali:license_ref><license-p>This is an Open Access article, distributed under the terms of the Creative Commons Attribution licence (<uri xlink:href="http://creativecommons.org/licenses/by/4.0/">http://creativecommons.org/licenses/by/4.0/</uri>), which permits unrestricted re-use, distribution, and reproduction in any medium, provided the original work is properly cited.</license-p></license></permissions><self-uri xlink:title="pdf" xlink:href="S2056469420000443a.pdf"/><abstract abstract-type="normal"><title>Summary</title><p>Doctors experience high levels of work stress even under normal circumstances, but many would be reluctant to disclose mental health difficulties or seek help for them, with stigma an often-cited reason. The coronavirus disease 2019 (COVID-19) crisis places additional pressure on doctors and on the healthcare system in general and research shows that such pressure brings a greater risk of psychological distress for doctors. For this reason, we argue that the authorities and healthcare executives must show strong leadership and support for doctors and their families during the COVID-19 outbreak and call for efforts to reduce mental health stigma in clinical workplaces. This can be facilitated by deliberately adding &#x02018;healthcare staff mental health support process&#x02019; as an ongoing agenda item to high-level management planning meetings.</p></abstract><kwd-group><title>Keywords</title><kwd>COVID-19</kwd><kwd>mental health</kwd><kwd>coronavirus</kwd><kwd>healthcare professionals</kwd><kwd>doctors</kwd></kwd-group><counts><ref-count count="61"/><page-count count="4"/></counts></article-meta></front><body><p>Research has consistently shown that the healthcare professions experience higher levels of work stress than the general population, even under normal circumstances,<sup><xref rid="ref1" ref-type="bibr">1</xref>,<xref rid="ref2" ref-type="bibr">2</xref></sup> and stress in doctors is associated with both physical<sup><xref rid="ref3" ref-type="bibr">3</xref></sup> and mental health problems.<sup><xref rid="ref4" ref-type="bibr">4</xref>,<xref rid="ref5" ref-type="bibr">5</xref></sup> Healthcare professionals also have a higher likelihood of suicidality relative to other occupational groups,<sup><xref rid="ref6" ref-type="bibr">6</xref>,<xref rid="ref7" ref-type="bibr">7</xref></sup> and work-related stress is a common factor in those who complete suicide.<sup><xref rid="ref8" ref-type="bibr">8</xref>,<xref rid="ref9" ref-type="bibr">9</xref></sup></p><p>Studies have also shown that many doctors find it difficult to tell their colleagues or employers about their mental health difficulties.<sup><xref rid="ref10" ref-type="bibr">10</xref></sup> The most commonly cited reasons are perceived stigma and anticipated damage to future career prospects.<sup><xref rid="ref11" ref-type="bibr">11</xref>&#x02013;<xref rid="ref13" ref-type="bibr">13</xref></sup> Suicidal ideation in doctors can present particularly strong fears of stigmatisation.<sup><xref rid="ref14" ref-type="bibr">14</xref></sup> Such concerns may be underpinned by feelings of shame and professional failure, and associated worries about fitness to practise and licence restrictions.<sup><xref rid="ref15" ref-type="bibr">15</xref>&#x02013;<xref rid="ref17" ref-type="bibr">17</xref></sup></p><p>Not only do doctors find it difficult to share mental health concerns with colleagues, they are also often reluctant to get professional help. Research shows that many doctors would rather seek help from friends and family than look for psychological/psychiatric consultation.<sup><xref rid="ref11" ref-type="bibr">11</xref></sup> Again, the same worries about career prospects and stigma underpin these preferences. Furthermore, there is evidence that many doctors are even reluctant to disclose mental health problems to their friends and family.<sup><xref rid="ref18" ref-type="bibr">18</xref></sup></p><sec sec-type="other" id="sec1"><title>The mental health challenges faced by doctors during the COVID-19 crisis</title><p>During acute health crises, healthcare services are placed under excess pressure, making working life even more stressful than normal.<sup><xref rid="ref19" ref-type="bibr">19</xref></sup> In a pandemic, the number of patients requiring treatment increases significantly, placing strain on healthcare resources and on personnel alike. Additionally, doctors perceive a greater risk to self owing to their exposure to the patients who are most poorly &#x02013; adding further stress.<sup><xref rid="ref20" ref-type="bibr">20</xref>,<xref rid="ref21" ref-type="bibr">21</xref></sup> Compounding this stress is the shortage of personal protective equipment (PPE) that can arise during a pandemic.<sup><xref rid="ref22" ref-type="bibr">22</xref></sup> The perceived risk of infection is warranted: a meta-analysis of the occupational risk from the 2009 swine flu pandemic (influenza A (H1N1)) reports that the odds of healthcare personnel contracting the virus were twice those of comparison groups.<sup><xref rid="ref23" ref-type="bibr">23</xref></sup> This heightened risk for doctors and nurses might be due to their greater exposure to the respiratory secretions of patients.<sup><xref rid="ref24" ref-type="bibr">24</xref></sup></p><p>A further stressor is the increased risk of infection for the families of healthcare professionals on the front line.<sup><xref rid="ref25" ref-type="bibr">25</xref></sup> Data from the 2009 swine flu pandemic shows that 20% of doctors and nurses with symptoms reported symptoms in at least one of their family members.<sup><xref rid="ref26" ref-type="bibr">26</xref></sup> One way for front-line doctors to mitigate infection risk to their families is through social distancing. However, although the protective benefits of social contact and support at times of stress are well demonstrated,<sup><xref rid="ref27" ref-type="bibr">27</xref></sup> social distancing deprives the individual of a crucial buffer against mental health difficulties precisely when they are at greater risk of stress.<sup><xref rid="ref28" ref-type="bibr">28</xref></sup></p><p>Research from previous epidemics/pandemics (such as the SARS outbreak from 2003, the MERS epidemic from 2012 or Ebola outbreaks in West Africa) shows that healthcare professionals can experience a broad range of psychological morbidities, including trauma,<sup><xref rid="ref29" ref-type="bibr">29</xref>,<xref rid="ref30" ref-type="bibr">30</xref></sup> which might endure for many months after the outbreak.<sup><xref rid="ref31" ref-type="bibr">31</xref>,<xref rid="ref32" ref-type="bibr">32</xref></sup> The relationship between traumatic life events and suicide is well documented<sup><xref rid="ref33" ref-type="bibr">33</xref></sup> and trauma from disaster events can increase suicidal ideation in emergency workers.<sup><xref rid="ref34" ref-type="bibr">34</xref></sup> Fears over risk to health and social isolation contribute to psychological distress,<sup><xref rid="ref35" ref-type="bibr">35</xref></sup> as do perceptions of &#x02018;infection stigma&#x02019; from the community.<sup><xref rid="ref36" ref-type="bibr">36</xref></sup> However, the negative effects on mental health can be found in doctors irrespective of whether or not they worked directly with infected patients.<sup><xref rid="ref37" ref-type="bibr">37</xref></sup> Although the strains of front-line healthcare during an infectious outbreak can lead to sickness absence and higher staff turn-over,<sup><xref rid="ref20" ref-type="bibr">20</xref>,<xref rid="ref38" ref-type="bibr">38</xref></sup> most evidence suggests that doctors and nurses feel a strong professional obligation to continue working in spite of the danger.<sup><xref rid="ref39" ref-type="bibr">39</xref>,<xref rid="ref40" ref-type="bibr">40</xref></sup> However, given the pressures of needing to maintain high-quality healthcare provision during a pandemic, combined with doctors&#x02019; reluctance to seek help or disclose their difficulties, it is possible that this kind of professional commitment might relate strongly to presenteeism. Indeed, a recent review reported that physicians were at the highest risk of &#x02018;infectious illness presenteeism&#x02019; when compared with a range of other occupational groups.<sup><xref rid="ref41" ref-type="bibr">41</xref></sup></p><p>Having to balance their own safety with the needs of patients, family and employers and in the face of limited resources can lead to distressing ethical dilemmas for doctors and, potentially, to moral injury. Moral injury can arise when one feels compelled to make decisions that conflict with one's ethical or moral values.<sup><xref rid="ref42" ref-type="bibr">42</xref></sup> The effect of moral injury on subsequent mental health can depend on the quality of support provided to employees during and after such events.<sup><xref rid="ref43" ref-type="bibr">43</xref></sup></p></sec><sec sec-type="other" id="sec2"><title>Managing doctors&#x02019; stress at the organisational level during the outbreak</title><p>There is evidence that employer support for healthcare professionals during pandemics and disaster management can be very protective. Such support should include safeguards such as care for those doctors and nurses who become ill, in addition to medical and financial support for their families and protection from malpractice threat. Healthcare professionals&#x02019; motivation and morale are significantly improved when they perceive that their efforts are recognised and reciprocated by employers and authorities in these ways.<sup><xref rid="ref44" ref-type="bibr">44</xref>,<xref rid="ref45" ref-type="bibr">45</xref></sup> An important part of this support is the perceived efficacy of the training and personal protective equipment that healthcare professionals receive as well as the general quality of organisational leadership and communication.<sup><xref rid="ref22" ref-type="bibr">22</xref>,<xref rid="ref46" ref-type="bibr">46</xref>,<xref rid="ref47" ref-type="bibr">47</xref></sup> These factors are important not just for motivation &#x02013; they are also associated with better psychological outcomes in healthcare professionals on the front line during epidemics.</p><p>There are also many ways to tackle mental health stigma in the workplace. The foundation for this is creating a culture that encourages open communication and seeks to reduce the stigmatisation of psychological vulnerability.<sup><xref rid="ref48" ref-type="bibr">48</xref></sup> This may include devising activities that challenge unhelpful attitudes and that instead promote desired values, as well as expanding knowledge and encouraging positive behavioural change.<sup><xref rid="ref49" ref-type="bibr">49</xref></sup> The anti-stigma project Time to Change,<sup><xref rid="ref50" ref-type="bibr">50</xref></sup> provides a suite of simple interventions for implementation in the workplace.<sup><xref rid="ref51" ref-type="bibr">51</xref></sup> Elsewhere there is good evidence for peer support training in health crises or disaster management. One example is the Trauma Risk Management programme (TRiM), where non-clinical personnel are trained to assess peers following traumatic events and provide short-term support or access to professional care if required. Mental Health First Aid (MHFA) operates on a similar model and both it and TRiM can be effective in reducing mental health stigma in the workplace.<sup><xref rid="ref45" ref-type="bibr">45</xref>,<xref rid="ref47" ref-type="bibr">47</xref></sup></p></sec><sec sec-type="other" id="sec3"><title>Stress management at the individual level</title><p>There is evidence that psychological interventions for work stress can be effective in healthcare professionals.<sup><xref rid="ref52" ref-type="bibr">52</xref></sup> Recent reviews attest to the effectiveness of mindfulness-based interventions for work stress and suicide ideation;<sup><xref rid="ref53" ref-type="bibr">53</xref>&#x02013;<xref rid="ref57" ref-type="bibr">57</xref></sup> mindfulness-based interventions also have a sound theoretical basis.<sup><xref rid="ref58" ref-type="bibr">58</xref>,<xref rid="ref59" ref-type="bibr">59</xref></sup> Mindfulness skills are particularly suited to high-stress work settings, in that they can be practised privately or in groups, in almost any environment and can be conducted as briefly as time permits. Negative automatic cognitions are a key trigger in stress reactions.<sup><xref rid="ref60" ref-type="bibr">60</xref></sup> Mindfulness interventions encourage us to &#x02018;notice&#x02019; our thoughts and to view them as objective events that happen <italic>to</italic> us. This enables us to objectify our own negative thoughts, gaining a new perspective on how those thoughts influence our emotions and behaviour and enabling better management of the distress that would normally accompany them. The effectiveness of online mindfulness courses also has a good evidence base.<sup><xref rid="ref61" ref-type="bibr">61</xref></sup></p></sec><sec sec-type="conclusions" id="sec4"><title>Conclusions</title><p>Healthcare executives and managers should be aware of the potential for the COVID-19 outbreak to elevate the risk of psychological distress and suicidal ideation in doctors. The literature shows that, although healthcare professionals place high value on provision of training and equipment during such pandemics, effective leadership and managerial support for clinicians and their families are also highly protective against negative psychological outcomes. One of us (T.H.) is involved in setting up a support network of psychiatrists with the sole aim of supporting all physicians during this unprecedented event. Managers and clinicians might also remember that many doctors are reluctant to reveal their difficulties even when experiencing significant psychological distress. Workplace interventions that reduce mental health stigma and promote sharing and support for colleagues with psychological difficulties might improve help-seeking behaviour and attitudes. Mindfulness practice has versatility and a strong evidence base in workplace stress reduction and is therefore a viable technique for groups or individual clinicians to manage stress during the COVID-19 outbreak.</p></sec></body><back><notes id="nts1" notes-type="other"><title>About the authors</title><p><bold>Niall Galbraith</bold>, Reader in Health Psychology, Department of Psychology, University of Wolverhampton, UK. <bold>David Boyda</bold>, Senior Lecturer in Psychology, Department of Psychology, University of Wolverhampton, UK. <bold>Danielle McFeeters</bold>, Senior Lecturer in Psychology, Department of Psychology, University of Wolverhampton, UK. <bold>Tariq Hassan</bold>, Associate Professor, Department of Psychiatry, Queen's University, Providence Care Hospital, Kingston, Ontario, Canada.</p></notes><notes id="nts2" notes-type="other"><title>Author contributions</title><p>All authors contributed to the design, analysis of literature, writing and revision of the article.</p></notes><notes id="nts3" notes-type="other"><title>Declaration of interest</title><p>None.</p></notes><sec sec-type="supplementary-material" id="sec5"><title>Supplementary material</title><supplementary-material content-type="local-data" id="S2056469420000443sup"><p>For supplementary material accompanying this paper visit http://dx.doi.org/10.1192/bjb.2020.44.</p><media xlink:href="S2056469420000443sup.zip" mimetype="application" mime-subtype="zip" orientation="portrait" id="d38e471" position="anchor"><caption><p>click here to view supplementary material</p></caption></media></supplementary-material></sec><ref-list id="reflist1"><title>References</title><ref id="ref1"><label>1</label><mixed-citation publication-type="journal" id="cite1"><string-name><surname>Aiken</surname>
<given-names>LH</given-names></string-name>, <string-name><surname>Clarke</surname>
<given-names>SP</given-names></string-name>, <string-name><surname>Sloane</surname>
<given-names>DM</given-names></string-name>, <string-name><surname>Sochalski</surname>
<given-names>J</given-names></string-name>, <string-name><surname>Silber</surname>
<given-names>JH</given-names></string-name>. <article-title>Hospital nurse staffing and patient mortality, nurse burnout, and job dissatisfaction</article-title>. <source>JAMA</source>
<year>2002</year>; <volume>288</volume>: <fpage>1987</fpage>&#x02013;93.<pub-id pub-id-type="pmid">12387650</pub-id></mixed-citation></ref><ref id="ref2"><label>2</label><mixed-citation publication-type="journal" id="cite2"><string-name><surname>Caplan</surname>
<given-names>RP</given-names></string-name>. <article-title>Stress, anxiety, and depression in hospital consultants, general practitioners, and senior health service managers</article-title>. <source>BMJ</source>
<year>1994</year>; <volume>309</volume>: <fpage>1261</fpage>&#x02013;3.<pub-id pub-id-type="pmid">7888846</pub-id></mixed-citation></ref><ref id="ref3"><label>3</label><mixed-citation publication-type="journal" id="cite3"><string-name><surname>Buddeberg-Fischer</surname>
<given-names>B</given-names></string-name>, <string-name><surname>Klaghofer</surname>
<given-names>R</given-names></string-name>, <string-name><surname>Stamm</surname>
<given-names>M</given-names></string-name>, <string-name><surname>Siegrist</surname>
<given-names>J</given-names></string-name>, <string-name><surname>Buddeberg</surname>
<given-names>C</given-names></string-name>. <article-title>Work stress and reduced health in young physicians: prospective evidence from Swiss residents</article-title>. <source>Int Arch Occup Environ Health</source>
<year>2008</year>; <volume>82</volume>: <fpage>31</fpage>&#x02013;8.<pub-id pub-id-type="pmid">18265999</pub-id></mixed-citation></ref><ref id="ref4"><label>4</label><mixed-citation publication-type="journal" id="cite4"><string-name><surname>Coomber</surname>
<given-names>S</given-names></string-name>, <string-name><surname>Todd</surname>
<given-names>C</given-names></string-name>, <string-name><surname>Park</surname>
<given-names>G</given-names></string-name>, <string-name><surname>Baxter</surname>
<given-names>P</given-names></string-name>, <string-name><surname>Firth-Cozens</surname>
<given-names>J</given-names></string-name>, <string-name><surname>Shore</surname>
<given-names>S</given-names></string-name>. <article-title>Stress in UK intensive care unit doctors</article-title>. <source>Br J Anaesth</source>
<year>2002</year>; <volume>89</volume>: <fpage>873</fpage>&#x02013;81.<pub-id pub-id-type="pmid">12453932</pub-id></mixed-citation></ref><ref id="ref5"><label>5</label><mixed-citation publication-type="journal" id="cite5"><string-name><surname>Rogers</surname>
<given-names>ME</given-names></string-name>, <string-name><surname>Creed</surname>
<given-names>PA</given-names></string-name>, <string-name><surname>Searle</surname>
<given-names>J</given-names></string-name>. <article-title>Emotional labour, training stress, burnout, and depressive symptoms in junior doctors</article-title>. <source>J Vocat Educ Train</source>
<year>2014</year>; <volume>66</volume>: <fpage>232</fpage>&#x02013;48.</mixed-citation></ref><ref id="ref6"><label>6</label><mixed-citation publication-type="journal" id="cite6"><string-name><surname>Schernhammer</surname>
<given-names>ES</given-names></string-name>, <string-name><surname>Colditz</surname>
<given-names>GA</given-names></string-name>. <article-title>Suicide rates among physicians: a quantitative and gender assessment (meta-analysis)</article-title>. <source>Am J Psychiatry</source>
<year>2004</year>; <volume>161</volume>: <fpage>2295</fpage>&#x02013;302.<pub-id pub-id-type="pmid">15569903</pub-id></mixed-citation></ref><ref id="ref7"><label>7</label><mixed-citation publication-type="journal" id="cite7"><string-name><surname>Lindeman</surname>
<given-names>S</given-names></string-name>, <string-name><surname>L&#x000e4;&#x000e4;r&#x000e4;</surname>
<given-names>E</given-names></string-name>, <string-name><surname>Hakko</surname>
<given-names>H</given-names></string-name>, <string-name><surname>L&#x000f6;nnqvist</surname>
<given-names>J</given-names></string-name>. <article-title>A systematic review on gender-specific suicide mortality in medical doctors</article-title>. <source>Br J Psychiatry</source>
<year>1996</year>; <volume>168</volume>: <fpage>274</fpage>&#x02013;9.<pub-id pub-id-type="pmid">8833679</pub-id></mixed-citation></ref><ref id="ref8"><label>8</label><mixed-citation publication-type="journal" id="cite8"><string-name><surname>K&#x000f5;lves</surname>
<given-names>K</given-names></string-name>, <string-name><surname>De Leo</surname>
<given-names>D</given-names></string-name>. <article-title>Suicide in medical doctors and nurses: an analysis of the Queensland Suicide Register</article-title>. <source>J Nerv Ment Dis</source>
<year>2013</year>; <volume>201</volume>: <fpage>987</fpage>&#x02013;90.<pub-id pub-id-type="pmid">24177487</pub-id></mixed-citation></ref><ref id="ref9"><label>9</label><mixed-citation publication-type="journal" id="cite9"><string-name><surname>Brooks</surname>
<given-names>E</given-names></string-name>, <string-name><surname>Gendel</surname>
<given-names>MH</given-names></string-name>, <string-name><surname>Early</surname>
<given-names>SR</given-names></string-name>, <string-name><surname>Gundersen</surname>
<given-names>DC</given-names></string-name>. <article-title>When doctors struggle: current stressors and evaluation recommendations for physicians contemplating suicide</article-title>. <source>Arch Suicide Res</source>
<year>2018</year>; <volume>22</volume>: <fpage>519</fpage>&#x02013;28.</mixed-citation></ref><ref id="ref10"><label>10</label><mixed-citation publication-type="journal" id="cite10"><string-name><surname>Hassan</surname>
<given-names>TM</given-names></string-name>, <string-name><surname>Ahmed</surname>
<given-names>SO</given-names></string-name>, <string-name><surname>White</surname>
<given-names>AC</given-names></string-name>, <string-name><surname>Galbraith</surname>
<given-names>N</given-names></string-name>. <article-title>A postal survey of doctors&#x02019; attitudes to becoming mentally ill</article-title>. <source>Clin Med</source>
<year>2009</year>; <volume>9</volume>: <fpage>327</fpage>&#x02013;32.</mixed-citation></ref><ref id="ref11"><label>11</label><mixed-citation publication-type="journal" id="cite11"><string-name><surname>Hassan</surname>
<given-names>TM</given-names></string-name>, <string-name><surname>Sikander</surname>
<given-names>S</given-names></string-name>, <string-name><surname>Mazhar</surname>
<given-names>N</given-names></string-name>, <string-name><surname>Munshi</surname>
<given-names>T</given-names></string-name>, <string-name><surname>Galbraith</surname>
<given-names>N</given-names></string-name>, <string-name><surname>Groll</surname>
<given-names>D</given-names></string-name>. <article-title>Canadian psychiatrists&#x02019; attitudes to becoming mentally ill</article-title>. <source>Br J Med Pract</source>
<year>2013</year>; <volume>6</volume>(<issue>3</issue>): <fpage>a619</fpage>.</mixed-citation></ref><ref id="ref12"><label>12</label><mixed-citation publication-type="journal" id="cite12"><string-name><surname>Chew-Graham</surname>
<given-names>CA</given-names></string-name>, <string-name><surname>Rogers</surname>
<given-names>A</given-names></string-name>, <string-name><surname>Yassin</surname>
<given-names>N</given-names></string-name>. <article-title>&#x02018;I wouldn't want it on my CV or their records&#x02019;: medical students&#x02019; experiences of help-seeking for mental health problems</article-title>. <source>Med Educ</source>
<year>2003</year>; <volume>37</volume>: <fpage>873</fpage>&#x02013;80.<pub-id pub-id-type="pmid">12974841</pub-id></mixed-citation></ref><ref id="ref13"><label>13</label><mixed-citation publication-type="journal" id="cite13"><string-name><surname>White</surname>
<given-names>A</given-names></string-name>, <string-name><surname>Shiralkar</surname>
<given-names>P</given-names></string-name>, <string-name><surname>Hassan</surname>
<given-names>T</given-names></string-name>, <string-name><surname>Galbraith</surname>
<given-names>N</given-names></string-name>, <string-name><surname>Callaghan</surname>
<given-names>R</given-names></string-name>. <article-title>Barriers to mental healthcare for psychiatrists</article-title>. <source>Psychiatr Bull</source>
<year>2006</year>; <volume>30</volume>: <fpage>382</fpage>&#x02013;4.</mixed-citation></ref><ref id="ref14"><label>14</label><mixed-citation publication-type="journal" id="cite14"><string-name><surname>Gerada</surname>
<given-names>C</given-names></string-name>. <article-title>Doctors, suicide and mental illness</article-title>. <source>BJPsych Bull</source>
<year>2018</year>; <volume>42</volume>: <fpage>165</fpage>&#x02013;8.<pub-id pub-id-type="pmid">29712575</pub-id></mixed-citation></ref><ref id="ref15"><label>15</label><mixed-citation publication-type="journal" id="cite15"><string-name><surname>Shanafelt</surname>
<given-names>TD</given-names></string-name>, <string-name><surname>Balch</surname>
<given-names>CM</given-names></string-name>, <string-name><surname>Dyrbye</surname>
<given-names>L</given-names></string-name>, <string-name><surname>Bechamps</surname>
<given-names>G</given-names></string-name>, <string-name><surname>Russell</surname>
<given-names>T</given-names></string-name>, <string-name><surname>Satele</surname>
<given-names>D</given-names></string-name>, <etal/>
<article-title>Special report: suicidal ideation among American surgeons</article-title>. <source>Arch Surg</source>
<year>2011</year>; <volume>146</volume>: <fpage>54</fpage>&#x02013;<lpage>62</lpage>.<pub-id pub-id-type="pmid">21242446</pub-id></mixed-citation></ref><ref id="ref16"><label>16</label><mixed-citation publication-type="journal" id="cite16"><string-name><surname>Davis</surname>
<given-names>M</given-names></string-name>, <string-name><surname>Detre</surname>
<given-names>T</given-names></string-name>, <string-name><surname>Ford</surname>
<given-names>DE</given-names></string-name>, <string-name><surname>Hansbrough</surname>
<given-names>W</given-names></string-name>, <string-name><surname>Hendin</surname>
<given-names>H</given-names></string-name>, <string-name><surname>Laszlo</surname>
<given-names>J</given-names></string-name>, <etal/>
<article-title>Confronting depression and suicide in physicians: a consensus statement</article-title>. <source>Jama</source>
<year>2003</year>; <volume>289</volume>: <fpage>3161</fpage>&#x02013;6.<pub-id pub-id-type="pmid">12813122</pub-id></mixed-citation></ref><ref id="ref17"><label>17</label><mixed-citation publication-type="journal" id="cite17"><string-name><surname>Hampton</surname>
<given-names>T</given-names></string-name>. <article-title>Experts address risk of physician suicide</article-title>. <source>JAMA</source>
<year>2005</year>; <volume>294</volume>: <fpage>1189</fpage>&#x02013;91.<pub-id pub-id-type="pmid">16160124</pub-id></mixed-citation></ref><ref id="ref18"><label>18</label><mixed-citation publication-type="journal" id="cite18"><string-name><surname>Henderson</surname>
<given-names>M</given-names></string-name>, <string-name><surname>Brooks</surname>
<given-names>SK</given-names></string-name>, <string-name><surname>del Busso</surname>
<given-names>L</given-names></string-name>, <string-name><surname>Chalder</surname>
<given-names>T</given-names></string-name>, <string-name><surname>Harvey</surname>
<given-names>SB</given-names></string-name>, <string-name><surname>Hotopf</surname>
<given-names>M</given-names></string-name>, <etal/>
<article-title>Shame! Self-stigmatisation as an obstacle to sick doctors returning to work: a qualitative study</article-title>. <source>BMJ Open</source>
<year>2012</year>; <volume>2</volume>(<issue>5</issue>): <fpage>e001776</fpage>.</mixed-citation></ref><ref id="ref19"><label>19</label><mixed-citation publication-type="journal" id="cite19"><string-name><surname>Tam CW</surname>
<given-names>T</given-names></string-name>, <string-name><surname>Pang</surname>
<given-names>EP</given-names></string-name>, <string-name><surname>Lam</surname>
<given-names>LC</given-names></string-name>, <string-name><surname>Chiu</surname>
<given-names>HF</given-names></string-name>. <article-title>Severe acute respiratory syndrome (SARS) in Hong Kong in 2003: stress and psychological impact among frontline healthcare workers</article-title>. <source>Psychol Med</source>
<year>2004</year>; <volume>34</volume>: <fpage>1197</fpage>&#x02013;204.<pub-id pub-id-type="pmid">15697046</pub-id></mixed-citation></ref><ref id="ref20"><label>20</label><mixed-citation publication-type="journal" id="cite20"><string-name><surname>Shiao</surname>
<given-names>JS</given-names></string-name>, <string-name><surname>Koh</surname>
<given-names>D</given-names></string-name>, <string-name><surname>Lo</surname>
<given-names>LH</given-names></string-name>, <string-name><surname>Lim</surname>
<given-names>MK</given-names></string-name>, <string-name><surname>Guo</surname>
<given-names>YL</given-names></string-name>. <article-title>Factors predicting nurses&#x02019; consideration of leaving their job during the SARS outbreak</article-title>. <source>Nurs Ethics</source>
<year>2007</year>; <volume>14</volume>: <fpage>5</fpage>&#x02013;<lpage>17</lpage>.<pub-id pub-id-type="pmid">17334166</pub-id></mixed-citation></ref><ref id="ref21"><label>21</label><mixed-citation publication-type="journal" id="cite21"><string-name><surname>Chen</surname>
<given-names>MI</given-names></string-name>, <string-name><surname>Lee</surname>
<given-names>VJ</given-names></string-name>, <string-name><surname>Barr</surname>
<given-names>I</given-names></string-name>, <string-name><surname>Lin</surname>
<given-names>C</given-names></string-name>, <string-name><surname>Goh</surname>
<given-names>R</given-names></string-name>, <string-name><surname>Lee</surname>
<given-names>C</given-names></string-name>, <etal/>
<article-title>Risk factors for pandemic (H1N1) 2009 virus seroconversion among hospital staff, Singapore</article-title>. <source>Emerg Infect Dis</source>
<year>2010</year>; <volume>16</volume>: <fpage>1554</fpage>&#x02013;61.<pub-id pub-id-type="pmid">20875280</pub-id></mixed-citation></ref><ref id="ref22"><label>22</label><mixed-citation publication-type="journal" id="cite22"><string-name><surname>Devnani</surname>
<given-names>M</given-names></string-name>. <article-title>Factors associated with the willingness of health care personnel to work during an influenza public health emergency: an integrative review</article-title>. <source>Prehosp Disaster Med</source>
<year>2012</year>; <volume>27</volume>: <fpage>551</fpage>&#x02013;66.<pub-id pub-id-type="pmid">23031432</pub-id></mixed-citation></ref><ref id="ref23"><label>23</label><mixed-citation publication-type="journal" id="cite23"><string-name><surname>Lietz</surname>
<given-names>J</given-names></string-name>, <string-name><surname>Westermann</surname>
<given-names>C</given-names></string-name>, <string-name><surname>Nienhaus</surname>
<given-names>A</given-names></string-name>, <string-name><surname>Schablon</surname>
<given-names>A</given-names></string-name>. <article-title>The occupational risk of influenza A (H1N1) infection among healthcare personnel during the 2009 pandemic: a systematic review and meta-analysis of observational studies</article-title>. <source>PLoS One</source>
<year>2016</year>; <volume>11</volume>(<issue>8</issue>): <fpage>e0162061</fpage>.<pub-id pub-id-type="pmid">27579923</pub-id></mixed-citation></ref><ref id="ref24"><label>24</label><mixed-citation publication-type="journal" id="cite24"><string-name><surname>Bhadelia</surname>
<given-names>N</given-names></string-name>, <string-name><surname>Sonti</surname>
<given-names>R</given-names></string-name>, <string-name><surname>McCarthy</surname>
<given-names>JW</given-names></string-name>, <string-name><surname>Vorenkamp</surname>
<given-names>J</given-names></string-name>, <string-name><surname>Jia</surname>
<given-names>H</given-names></string-name>, <string-name><surname>Saiman</surname>
<given-names>L</given-names></string-name>, <etal/>
<article-title>Impact of the 2009 influenza A (H1N1) pandemic on healthcare workers at a tertiary care center in New York City</article-title>. <source>Infect Control Hosp Epidemiol</source>
<year>2013</year>; <volume>34</volume>: <fpage>825</fpage>&#x02013;31.<pub-id pub-id-type="pmid">23838223</pub-id></mixed-citation></ref><ref id="ref25"><label>25</label><mixed-citation publication-type="journal" id="cite25"><string-name><surname>Wong</surname>
<given-names>TW</given-names></string-name>, <string-name><surname>Yau</surname>
<given-names>JK</given-names></string-name>, <string-name><surname>Chan</surname>
<given-names>CL</given-names></string-name>, <string-name><surname>Kwong</surname>
<given-names>RS</given-names></string-name>, <string-name><surname>Ho</surname>
<given-names>SM</given-names></string-name>, <string-name><surname>Lau</surname>
<given-names>CC</given-names></string-name>, <etal/>
<article-title>The psychological impact of severe acute respiratory syndrome outbreak on healthcare workers in emergency departments and how they cope</article-title>. <source>Eur J Emerg Med</source>
<year>2005</year>; <volume>12</volume>: <fpage>13</fpage>&#x02013;8.<pub-id pub-id-type="pmid">15674079</pub-id></mixed-citation></ref><ref id="ref26"><label>26</label><mixed-citation publication-type="journal" id="cite26"><string-name><surname>Choi</surname>
<given-names>SH</given-names></string-name>, <string-name><surname>Chung</surname>
<given-names>JW</given-names></string-name>, <string-name><surname>Jeon</surname>
<given-names>MH</given-names></string-name>, <string-name><surname>Lee</surname>
<given-names>MS</given-names></string-name>. <article-title>Risk factors for pandemic H1N1 2009 infection in healthcare personnel of four general hospitals</article-title>. <source>J Infect</source>
<year>2011</year>; <volume>63</volume>: <fpage>267</fpage>&#x02013;73.<pub-id pub-id-type="pmid">21601925</pub-id></mixed-citation></ref><ref id="ref27"><label>27</label><mixed-citation publication-type="journal" id="cite27"><string-name><surname>Ma</surname>
<given-names>H</given-names></string-name>, <string-name><surname>Qiao</surname>
<given-names>H</given-names></string-name>, <string-name><surname>Qu</surname>
<given-names>H</given-names></string-name>, <string-name><surname>Wang</surname>
<given-names>H</given-names></string-name>, <string-name><surname>Huang</surname>
<given-names>Y</given-names></string-name>, <string-name><surname>Cheng</surname>
<given-names>H</given-names></string-name>, <etal/>
<article-title>Role stress, social support and occupational burnout among physicians in China: a path analysis approach</article-title>. <source>Int Health</source>
<year>2019</year>; ihz054 [Epub ahead of print] 25 Jul 2020. Available from: <pub-id pub-id-type="doi">10.1093/inthealth/ihz054</pub-id>.</mixed-citation></ref><ref id="ref28"><label>28</label><mixed-citation publication-type="book" id="cite28"><string-name><surname>Huremovi&#x00107;</surname>
<given-names>D</given-names></string-name>. <chapter-title>Social distancing, quarantine, and isolation</chapter-title> In <source>Psychiatry of Pandemics: A Mental Health Response to Infection Outbreak</source> (ed <string-name><given-names>D</given-names>
<surname>Huremovi&#x00107;</surname></string-name>): <fpage>85</fpage>&#x02013;<lpage>94</lpage>. <publisher-name>Springer</publisher-name>, <year>2019</year>.</mixed-citation></ref><ref id="ref29"><label>29</label><mixed-citation publication-type="journal" id="cite29"><string-name><surname>Styra</surname>
<given-names>R</given-names></string-name>, <string-name><surname>Hawryluck</surname>
<given-names>L</given-names></string-name>, <string-name><surname>Robinson</surname>
<given-names>S</given-names></string-name>, <string-name><surname>Kasapinovic</surname>
<given-names>S</given-names></string-name>, <string-name><surname>Fones</surname>
<given-names>C</given-names></string-name>, <string-name><surname>Gold</surname>
<given-names>WL</given-names></string-name>. <article-title>Impact on health care workers employed in high-risk areas during the Toronto SARS outbreak</article-title>. <source>J Psychosom Res</source>
<year>2008</year>; <volume>64</volume>: <fpage>177</fpage>&#x02013;83.<pub-id pub-id-type="pmid">18222131</pub-id></mixed-citation></ref><ref id="ref30"><label>30</label><mixed-citation publication-type="journal" id="cite30"><string-name><surname>Sim</surname>
<given-names>K</given-names></string-name>, <string-name><surname>Chong</surname>
<given-names>PN</given-names></string-name>, <string-name><surname>Chan</surname>
<given-names>YH</given-names></string-name>, <string-name><surname>Soon</surname>
<given-names>WS</given-names></string-name>. <article-title>Severe acute respiratory syndrome-related psychiatric and posttraumatic morbidities and coping responses in medical staff within a primary health care setting in Singapore</article-title>. <source>J Clin Psychiatry</source>
<year>2004</year>; <volume>65</volume>: <fpage>1120</fpage>&#x02013;7.<pub-id pub-id-type="pmid">15323599</pub-id></mixed-citation></ref><ref id="ref31"><label>31</label><mixed-citation publication-type="journal" id="cite31"><string-name><surname>Maunder</surname>
<given-names>RG</given-names></string-name>, <string-name><surname>Lancee</surname>
<given-names>WJ</given-names></string-name>, <string-name><surname>Balderson</surname>
<given-names>KE</given-names></string-name>, <string-name><surname>Bennett</surname>
<given-names>JP</given-names></string-name>, <string-name><surname>Borgundvaag</surname>
<given-names>B</given-names></string-name>, <string-name><surname>Evans</surname>
<given-names>S</given-names></string-name>, <etal/>
<article-title>Long-term psychological and occupational effects of providing hospital healthcare during SARS outbreak</article-title>. <source>Emerg Infect Dis</source>
<year>2006</year>; <volume>12</volume>: <fpage>1924</fpage>&#x02013;32.<pub-id pub-id-type="pmid">17326946</pub-id></mixed-citation></ref><ref id="ref32"><label>32</label><mixed-citation publication-type="journal" id="cite32"><string-name><surname>Su</surname>
<given-names>TP</given-names></string-name>, <string-name><surname>Lien</surname>
<given-names>TC</given-names></string-name>, <string-name><surname>Yang</surname>
<given-names>CY</given-names></string-name>, <string-name><surname>Su</surname>
<given-names>YL</given-names></string-name>, <string-name><surname>Wang</surname>
<given-names>JH</given-names></string-name>, <string-name><surname>Tsai</surname>
<given-names>SL</given-names></string-name>, <etal/>
<article-title>Prevalence of psychiatric morbidity and psychological adaptation of the nurses in a structured SARS caring unit during outbreak: a prospective and periodic assessment study in Taiwan</article-title>. <source>J Psychiatr Res</source>
<year>2007</year>; <volume>41</volume>: <fpage>119</fpage>&#x02013;30.<pub-id pub-id-type="pmid">16460760</pub-id></mixed-citation></ref><ref id="ref33"><label>33</label><mixed-citation publication-type="journal" id="cite33"><string-name><surname>McFeeters</surname>
<given-names>D</given-names></string-name>, <string-name><surname>Boyda</surname>
<given-names>D</given-names></string-name>, <string-name><surname>Siobhan</surname>
<given-names>O</given-names></string-name>. <article-title>Patterns of stressful life events: distinguishing suicide ideators from suicide attempters</article-title>. <source>J Affect Disord</source>
<year>2015</year>; <volume>175</volume>: <fpage>192</fpage>&#x02013;8.<pub-id pub-id-type="pmid">25638792</pub-id></mixed-citation></ref><ref id="ref34"><label>34</label><mixed-citation publication-type="journal" id="cite34"><string-name><surname>Stanley</surname>
<given-names>IH</given-names></string-name>, <string-name><surname>Hom</surname>
<given-names>MA</given-names></string-name>, <string-name><surname>Joiner</surname>
<given-names>TE</given-names></string-name>. <article-title>A systematic review of suicidal thoughts and behaviors among police officers, firefighters, EMTs, and paramedics</article-title>. <source>Clin Psychol Rev</source>
<year>2016</year>; <volume>44</volume>: <fpage>25</fpage>&#x02013;<lpage>44</lpage>.<pub-id pub-id-type="pmid">26719976</pub-id></mixed-citation></ref><ref id="ref35"><label>35</label><mixed-citation publication-type="journal" id="cite35"><string-name><surname>Maunder</surname>
<given-names>RG</given-names></string-name>, <string-name><surname>Lancee</surname>
<given-names>WJ</given-names></string-name>, <string-name><surname>Rourke</surname>
<given-names>S</given-names></string-name>, <string-name><surname>Hunter</surname>
<given-names>JJ</given-names></string-name>, <string-name><surname>Goldbloom</surname>
<given-names>D</given-names></string-name>, <string-name><surname>Balderson</surname>
<given-names>K</given-names></string-name>, <etal/>
<article-title>Factors associated with the psychological impact of severe acute respiratory syndrome on nurses and other hospital workers in Toronto</article-title>. <source>Psychosom Med</source>
<year>2004</year>; <volume>66</volume>: <fpage>938</fpage>&#x02013;42.<pub-id pub-id-type="pmid">15564361</pub-id></mixed-citation></ref><ref id="ref36"><label>36</label><mixed-citation publication-type="journal" id="cite36"><string-name><surname>Bai</surname>
<given-names>Y</given-names></string-name>, <string-name><surname>Lin</surname>
<given-names>CC</given-names></string-name>, <string-name><surname>Lin</surname>
<given-names>CY</given-names></string-name>, <string-name><surname>Chen</surname>
<given-names>JY</given-names></string-name>, <string-name><surname>Chue</surname>
<given-names>CM</given-names></string-name>, <string-name><surname>Chou</surname>
<given-names>P</given-names></string-name>. <article-title>Survey of stress reactions among health care workers involved with the SARS outbreak</article-title>. <source>Psychiatr Serv</source>
<year>2004</year>; <volume>55</volume>: <fpage>1055</fpage>&#x02013;7.<pub-id pub-id-type="pmid">15345768</pub-id></mixed-citation></ref><ref id="ref37"><label>37</label><mixed-citation publication-type="journal" id="cite37"><string-name><surname>Um</surname>
<given-names>DH</given-names></string-name>, <string-name><surname>Kim</surname>
<given-names>JS</given-names></string-name>, <string-name><surname>Lee</surname>
<given-names>HW</given-names></string-name>, <string-name><surname>Lee</surname>
<given-names>SH</given-names></string-name>. <article-title>Psychological effects on medical doctors from the Middle East Respiratory Syndrome (MERS) outbreak: a comparison of whether they worked at the MERS occurred hospital or not, and whether they participated in MERS diagnosis and treatment</article-title>. <source>J Korean Neuropsychiat Assoc</source>
<year>2017</year>; <volume>56</volume>: <fpage>28</fpage>&#x02013;<lpage>34</lpage>.</mixed-citation></ref><ref id="ref38"><label>38</label><mixed-citation publication-type="journal" id="cite38"><string-name><surname>Goulia</surname>
<given-names>P</given-names></string-name>, <string-name><surname>Mantas</surname>
<given-names>C</given-names></string-name>, <string-name><surname>Dimitroula</surname>
<given-names>D</given-names></string-name>, <string-name><surname>Mantis</surname>
<given-names>D</given-names></string-name>, <string-name><surname>Hyphantis</surname>
<given-names>T</given-names></string-name>. <article-title>General hospital staff worries, perceived sufficiency of information and associated psychological distress during the A/H1N1 influenza pandemic</article-title>. <source>BMC Infect Dis</source>
<year>2010</year>; <volume>10</volume>: <fpage>322</fpage>.<pub-id pub-id-type="pmid">21062471</pub-id></mixed-citation></ref><ref id="ref39"><label>39</label><mixed-citation publication-type="journal" id="cite39"><string-name><surname>Wong</surname>
<given-names>EL</given-names></string-name>, <string-name><surname>Wong</surname>
<given-names>SY</given-names></string-name>, <string-name><surname>Lee</surname>
<given-names>N</given-names></string-name>, <string-name><surname>Cheung</surname>
<given-names>A</given-names></string-name>, <string-name><surname>Griffiths</surname>
<given-names>S</given-names></string-name>. <article-title>Healthcare workers&#x02019; duty concerns of working in the isolation ward during the novel H1N1 pandemic</article-title>. <source>J Clin Nurs</source>
<year>2012</year>: <volume>21</volume>: <fpage>1466</fpage>-75.<pub-id pub-id-type="pmid">21777312</pub-id></mixed-citation></ref><ref id="ref40"><label>40</label><mixed-citation publication-type="journal" id="cite40"><string-name><surname>Khalid</surname>
<given-names>I</given-names></string-name>, <string-name><surname>Khalid</surname>
<given-names>TJ</given-names></string-name>, <string-name><surname>Qabajah</surname>
<given-names>MR</given-names></string-name>, <string-name><surname>Barnard</surname>
<given-names>AG</given-names></string-name>, <string-name><surname>Qushmaq</surname>
<given-names>IA</given-names></string-name>. <article-title>Healthcare workers emotions, perceived stressors and coping strategies during a MERS-CoV outbreak</article-title>. <source>Clin Med Res</source>
<year>2016</year>; <volume>14</volume>: <fpage>7</fpage>&#x02013;<lpage>14</lpage>.<pub-id pub-id-type="pmid">26847480</pub-id></mixed-citation></ref><ref id="ref41"><label>41</label><mixed-citation publication-type="journal" id="cite41"><string-name><surname>Webster</surname>
<given-names>RK</given-names></string-name>, <string-name><surname>Liu</surname>
<given-names>R</given-names></string-name>, <string-name><surname>Karimullina</surname>
<given-names>K</given-names></string-name>, <string-name><surname>Hall</surname>
<given-names>I</given-names></string-name>, <string-name><surname>Aml&#x000f4;t</surname>
<given-names>R</given-names></string-name>, <string-name><surname>Rubin</surname>
<given-names>GJ</given-names></string-name>. <article-title>A systematic review of infectious illness: presenteeism: prevalence, reasons and risk factors</article-title>. <source>BMC Public Health</source>
<year>2019</year>; <volume>19</volume>: <fpage>799</fpage>.<pub-id pub-id-type="pmid">31226966</pub-id></mixed-citation></ref><ref id="ref42"><label>42</label><mixed-citation publication-type="journal" id="cite42"><string-name><surname>Litz</surname>
<given-names>BT</given-names></string-name>, <string-name><surname>Stein</surname>
<given-names>N</given-names></string-name>, <string-name><surname>Delaney</surname>
<given-names>E</given-names></string-name>, <string-name><surname>Lebowitz</surname>
<given-names>L</given-names></string-name>, <string-name><surname>Nash</surname>
<given-names>WP</given-names></string-name>, <string-name><surname>Silva</surname>
<given-names>C</given-names></string-name>, <etal/>
<article-title>Moral injury and moral repair in war veterans: a preliminary model and intervention strategy</article-title>. <source>Clin Psychol Rev</source>
<year>2009</year>; <volume>29</volume>: <fpage>695</fpage>&#x02013;<lpage>706</lpage>.<pub-id pub-id-type="pmid">19683376</pub-id></mixed-citation></ref><ref id="ref43"><label>43</label><mixed-citation publication-type="journal" id="cite43"><string-name><surname>Greenberg</surname>
<given-names>N</given-names></string-name>, <string-name><surname>Docherty</surname>
<given-names>M</given-names></string-name>, <string-name><surname>Gnanapragasam</surname>
<given-names>S</given-names></string-name>, <string-name><surname>Wessely</surname>
<given-names>S</given-names></string-name>. <article-title>Managing mental health challenges faced by healthcare workers during covid-19 pandemic</article-title>. <source>BMJ</source>
<year>2020</year>; <volume>368</volume>: m1211.</mixed-citation></ref><ref id="ref44"><label>44</label><mixed-citation publication-type="journal" id="cite44"><string-name><surname>Damery</surname>
<given-names>S</given-names></string-name>, <string-name><surname>Draper</surname>
<given-names>H</given-names></string-name>, <string-name><surname>Wilson</surname>
<given-names>S</given-names></string-name>, <string-name><surname>Greenfield</surname>
<given-names>S</given-names></string-name>, <string-name><surname>Ives</surname>
<given-names>J</given-names></string-name>, <string-name><surname>Parry</surname>
<given-names>J</given-names></string-name>, <etal/>
<article-title>Healthcare workers&#x02019; perceptions of the duty to work during an influenza pandemic</article-title>. <source>J Med Ethics</source>
<year>2010</year>; <volume>36</volume>: <fpage>12</fpage>&#x02013;8.<pub-id pub-id-type="pmid">20026687</pub-id></mixed-citation></ref><ref id="ref45"><label>45</label><mixed-citation publication-type="journal" id="cite45"><string-name><surname>Imai</surname>
<given-names>H</given-names></string-name>, <string-name><surname>Matsuishi</surname>
<given-names>K</given-names></string-name>, <string-name><surname>Ito</surname>
<given-names>A</given-names></string-name>, <string-name><surname>Mouri</surname>
<given-names>K</given-names></string-name>, <string-name><surname>Kitamura</surname>
<given-names>N</given-names></string-name>, <string-name><surname>Akimoto</surname>
<given-names>K</given-names></string-name>, <etal/>
<article-title>Factors associated with motivation and hesitation to work among health professionals during a public crisis: a cross sectional study of hospital workers in Japan during the pandemic (H1N1) 2009</article-title>. <source>BMC Public Health</source>
<year>2010</year>; <volume>10</volume>: <fpage>672</fpage>.<pub-id pub-id-type="pmid">21050482</pub-id></mixed-citation></ref><ref id="ref46"><label>46</label><mixed-citation publication-type="journal" id="cite46"><string-name><surname>Aiello</surname>
<given-names>A</given-names></string-name>, <string-name><surname>Young-Eun Khayeri</surname>
<given-names>M</given-names></string-name>, <string-name><surname>Raja</surname>
<given-names>S</given-names></string-name>, <string-name><surname>Peladeau</surname>
<given-names>N</given-names></string-name>, <string-name><surname>Romano</surname>
<given-names>D</given-names></string-name>, <string-name><surname>Leszcz</surname>
<given-names>M</given-names></string-name>, <etal/>
<article-title>Resilience training for hospital workers in anticipation of an influenza pandemic</article-title>. <source>J Contin Educ Health Prof</source>
<year>2011</year>; <volume>31</volume>: <fpage>15</fpage>&#x02013;<lpage>20</lpage>.<pub-id pub-id-type="pmid">21425355</pub-id></mixed-citation></ref><ref id="ref47"><label>47</label><mixed-citation publication-type="book" id="cite47"><string-name><surname>Cates</surname>
<given-names>DS</given-names></string-name>, <string-name><surname>Gomes</surname>
<given-names>PG</given-names></string-name>, <string-name><surname>Krasilovsky</surname>
<given-names>AM</given-names></string-name>. <chapter-title>Behavioral health support for patients, families, and healthcare workers</chapter-title> In <source>Bioemergency Planning:</source>
<italic>A Guide for Healthcare Facilities</italic> (eds <string-name><given-names>A</given-names>
<surname>Hewlitt</surname></string-name>, <string-name><given-names>ARK</given-names>
<surname>Murthy</surname></string-name>): <fpage>195</fpage>&#x02013;<lpage>214</lpage>. <publisher-name>Springer</publisher-name>, <year>2018</year>.</mixed-citation></ref><ref id="ref48"><label>48</label><mixed-citation publication-type="journal" id="cite48"><string-name><surname>Halpern</surname>
<given-names>J</given-names></string-name>, <string-name><surname>Gurevich</surname>
<given-names>M</given-names></string-name>, <string-name><surname>Schwartz</surname>
<given-names>B</given-names></string-name>, <string-name><surname>Brazeau</surname>
<given-names>P</given-names></string-name>. <article-title>Interventions for critical incident stress in emergency medical services: a qualitative study</article-title>. <source>Stress Health</source>
<year>2009</year>; <volume>25</volume>: <fpage>139</fpage>&#x02013;49.</mixed-citation></ref><ref id="ref49"><label>49</label><mixed-citation publication-type="journal" id="cite49"><string-name><surname>Hanisch</surname>
<given-names>SE</given-names></string-name>, <string-name><surname>Twomey</surname>
<given-names>CD</given-names></string-name>, <string-name><surname>Szeto</surname>
<given-names>AC</given-names></string-name>, <string-name><surname>Birner</surname>
<given-names>UW</given-names></string-name>, <string-name><surname>Nowak</surname>
<given-names>D</given-names></string-name>, <string-name><surname>Sabariego</surname>
<given-names>C</given-names></string-name>. <article-title>The effectiveness of interventions targeting the stigma of mental illness at the workplace: a systematic review</article-title>. <source>BMC Psychiatry</source>
<year>2016</year>; <volume>16</volume>: <fpage>1</fpage>.<pub-id pub-id-type="pmid">26739960</pub-id></mixed-citation></ref><ref id="ref50"><label>50</label><mixed-citation publication-type="journal" id="cite50"><string-name><surname>Henderson</surname>
<given-names>C</given-names></string-name>, <string-name><surname>Thornicroft</surname>
<given-names>G</given-names></string-name>. <article-title>Evaluation of the Time to Change programme in England 2008&#x02013;2011</article-title>. <source>Br J Psychiatry</source>
<year>2013</year>; <volume>202</volume>(<issue>suppl 55</issue>): <fpage>s45</fpage>&#x02013;8.</mixed-citation></ref><ref id="ref51"><label>51</label><mixed-citation publication-type="book" id="cite51"><collab>Time to Change</collab>. <italic>Activities for your workplace</italic>
<publisher-name>Time to Change</publisher-name> (<uri xlink:href="https://www.time-to-change.org.uk/get-involved/get-your-workplace-involved/resources/activities">https://www.time-to-change.org.uk/get-involved/get-your-workplace-involved/resources/activities</uri> [updated Jan 2020; cited 31 Mar 2020]).</mixed-citation></ref><ref id="ref52"><label>52</label><mixed-citation publication-type="journal" id="cite52"><string-name><surname>Ruotsalainen</surname>
<given-names>JH</given-names></string-name>, <string-name><surname>Verbeek</surname>
<given-names>JH</given-names></string-name>, <string-name><surname>Marin&#x000e9;</surname>
<given-names>A</given-names></string-name>, <string-name><surname>Serra</surname>
<given-names>C</given-names></string-name>. <article-title>Preventing occupational stress in healthcare workers</article-title>. <source>Cochrane Database Syst Rev</source>
<year>2014</year>; <volume>11</volume>: CD002892.</mixed-citation></ref><ref id="ref53"><label>53</label><mixed-citation publication-type="journal" id="cite53"><string-name><surname>Burton</surname>
<given-names>A</given-names></string-name>, <string-name><surname>Burgess</surname>
<given-names>C</given-names></string-name>, <string-name><surname>Dean</surname>
<given-names>S</given-names></string-name>, <string-name><surname>Koutsopoulou</surname>
<given-names>GZ</given-names></string-name>, <string-name><surname>Hugh-Jones</surname>
<given-names>S</given-names></string-name>. <article-title>How effective are mindfulness-based interventions for reducing stress among healthcare professionals? A systematic review and meta-analysis</article-title>. <source>Stress Health</source>
<year>2017</year>; <volume>33</volume>: <fpage>3</fpage>&#x02013;<lpage>13</lpage>.<pub-id pub-id-type="pmid">26916333</pub-id></mixed-citation></ref><ref id="ref54"><label>54</label><mixed-citation publication-type="journal" id="cite54"><string-name><surname>Raab</surname>
<given-names>K</given-names></string-name>. <article-title>Mindfulness, self-compassion, and empathy among health care professionals: a review of the literature</article-title>. <source>J Health Care Chaplain</source>
<year>2014</year>; <volume>20</volume>: <fpage>95</fpage>&#x02013;<lpage>108</lpage>.<pub-id pub-id-type="pmid">24926896</pub-id></mixed-citation></ref><ref id="ref55"><label>55</label><mixed-citation publication-type="journal" id="cite55"><string-name><surname>Fjorback</surname>
<given-names>LO</given-names></string-name>, <string-name><surname>Arendt</surname>
<given-names>M</given-names></string-name>, <string-name><surname>&#x000d8;rnb&#x000f8;l</surname>
<given-names>E</given-names></string-name>, <string-name><surname>Fink</surname>
<given-names>P</given-names></string-name>, <string-name><surname>Walach</surname>
<given-names>H</given-names></string-name>. <article-title>Mindfulness-based stress reduction and mindfulness-based cognitive therapy: a systematic review of randomized controlled trials</article-title>. <source>Acta Psychiatr Scand</source>
<year>2011</year>; <volume>124</volume>: <fpage>102</fpage>&#x02013;19.<pub-id pub-id-type="pmid">21534932</pub-id></mixed-citation></ref><ref id="ref56"><label>56</label><mixed-citation publication-type="journal" id="cite56"><string-name><surname>Bartlett</surname>
<given-names>L</given-names></string-name>, <string-name><surname>Martin</surname>
<given-names>A</given-names></string-name>, <string-name><surname>Neil</surname>
<given-names>AL</given-names></string-name>, <string-name><surname>Memish</surname>
<given-names>K</given-names></string-name>, <string-name><surname>Otahal</surname>
<given-names>P</given-names></string-name>, <string-name><surname>Kilpatrick</surname>
<given-names>M</given-names></string-name>, <etal/>
<article-title>A systematic review and meta-analysis of workplace mindfulness training randomized controlled trials</article-title>. <source>J Occup Health Psychol</source>
<year>2019</year>; <volume>24</volume>: <fpage>108</fpage>&#x02013;26.<pub-id pub-id-type="pmid">30714811</pub-id></mixed-citation></ref><ref id="ref57"><label>57</label><mixed-citation publication-type="journal" id="cite57"><string-name><surname>Williams</surname>
<given-names>JM</given-names></string-name>, <string-name><surname>Duggan</surname>
<given-names>DS</given-names></string-name>, <string-name><surname>Crane</surname>
<given-names>C</given-names></string-name>, <string-name><surname>Fennell</surname>
<given-names>MJ</given-names></string-name>. <article-title>Mindfulness-based cognitive therapy for prevention of recurrence of suicidal behavior</article-title>. <source>J Clin Psychol</source>
<year>2006</year>; <volume>62</volume>: <fpage>201</fpage>&#x02013;10.<pub-id pub-id-type="pmid">16342287</pub-id></mixed-citation></ref><ref id="ref58"><label>58</label><mixed-citation publication-type="journal" id="cite58"><string-name><surname>Hayes</surname>
<given-names>SC</given-names></string-name>. <article-title>Acceptance and commitment therapy, relational frame theory, and the third wave of behavioral and cognitive therapies: republished article</article-title>. <source>Behav Ther</source>
<year>2016</year>; <volume>47</volume>: <fpage>869</fpage>&#x02013;85.<pub-id pub-id-type="pmid">27993338</pub-id></mixed-citation></ref><ref id="ref59"><label>59</label><mixed-citation publication-type="journal" id="cite59"><string-name><surname>Kabat-Zinn</surname>
<given-names>J</given-names></string-name>. <article-title>An outpatient program in behavioral medicine for chronic pain patients based on the practice of mindfulness meditation: theoretical considerations and preliminary results</article-title>. <source>Gen Hosp Psychiatry</source>
<year>1982</year>; <volume>4</volume>(<issue>1</issue>): <fpage>33</fpage>&#x02013;<lpage>47</lpage>.<pub-id pub-id-type="pmid">7042457</pub-id></mixed-citation></ref><ref id="ref60"><label>60</label><mixed-citation publication-type="journal" id="cite60"><string-name><surname>Feldman</surname>
<given-names>G</given-names></string-name>, <string-name><surname>Greeson</surname>
<given-names>J</given-names></string-name>, <string-name><surname>Senville</surname>
<given-names>J</given-names></string-name>. <article-title>Differential effects of mindful breathing, progressive muscle relaxation, and loving-kindness meditation on decentering and negative reactions to repetitive thoughts</article-title>. <source>Behav Res Ther</source>
<year>2010</year>; <volume>48</volume>: <fpage>1002</fpage>&#x02013;11.<pub-id pub-id-type="pmid">20633873</pub-id></mixed-citation></ref><ref id="ref61"><label>61</label><mixed-citation publication-type="journal" id="cite61"><string-name><surname>Spijkerman</surname>
<given-names>MP</given-names></string-name>, <string-name><surname>Pots</surname>
<given-names>WT</given-names></string-name>, <string-name><surname>Bohlmeijer</surname>
<given-names>ET</given-names></string-name>. <article-title>Effectiveness of online mindfulness-based interventions in improving mental health: a review and meta-analysis of randomised controlled trials</article-title>. <source>Clin Psychol Rev</source>
<year>2016</year>; <volume>45</volume>: <fpage>102</fpage>&#x02013;14.<pub-id pub-id-type="pmid">27111302</pub-id></mixed-citation></ref></ref-list></back></article>