<!DOCTYPE article PUBLIC "-//NLM//DTD JATS (Z39.96) Journal Archiving and Interchange DTD with MathML3 v1.2 20190208//EN" "JATS-archivearticle1-mathml3.dtd"> 
<article xmlns:xlink="http://www.w3.org/1999/xlink" xmlns:mml="http://www.w3.org/1998/Math/MathML" article-type="editorial"><?DTDIdentifier.IdentifierValue -//NLM//DTD JATS (Z39.96) Journal Publishing DTD v1.1 20151215//EN?><?DTDIdentifier.IdentifierType public?><?SourceDTD.DTDName JATS-journalpublishing1.dtd?><?SourceDTD.Version 1.1?><?ConverterInfo.XSLTName jp2nlmx2.xsl?><?ConverterInfo.Version 1?><?covid-19-tdm?><front><journal-meta><journal-id journal-id-type="nlm-ta">BJPsych Bull</journal-id><journal-id journal-id-type="iso-abbrev">BJPsych Bull</journal-id><journal-id journal-id-type="publisher-id">BJB</journal-id><journal-title-group><journal-title>BJPsych Bulletin</journal-title></journal-title-group><issn pub-type="ppub">2056-4694</issn><issn pub-type="epub">2056-4708</issn><publisher><publisher-name>Cambridge University Press</publisher-name><publisher-loc>Cambridge, UK</publisher-loc></publisher></journal-meta><article-meta><article-id pub-id-type="pmcid">7300189</article-id><article-id pub-id-type="doi">10.1192/bjb.2020.61</article-id><article-id pub-id-type="pii">S2056469420000613</article-id><article-categories><subj-group subj-group-type="heading"><subject>Editorial</subject></subj-group></article-categories><title-group><article-title>The role of integrated mental and community physical healthcare trusts in responding to the COVID-19 pandemic in the UK</article-title></title-group><contrib-group><contrib contrib-type="author"><contrib-id contrib-id-type="orcid" authenticated="true">https://orcid.org/0000-0002-3609-9407</contrib-id><name><surname>Tracy</surname><given-names>Derek</given-names></name><xref ref-type="aff" rid="aff1">1</xref></contrib><contrib contrib-type="author"><name><surname>Forrest</surname><given-names>Anna</given-names></name><xref ref-type="aff" rid="aff2">2</xref></contrib><contrib contrib-type="author"><contrib-id contrib-id-type="orcid" authenticated="true">https://orcid.org/0000-0003-3427-9487</contrib-id><name><surname>Underwood</surname><given-names>Benjamin R.</given-names></name><xref ref-type="aff" rid="aff2">2</xref><xref ref-type="corresp" rid="cor1"/></contrib></contrib-group><aff id="aff1"><label>1</label><institution>Oxleas NHS Foundation Trust</institution>, <city>London</city>, <country>UK</country></aff><aff id="aff2"><label>2</label><institution>Fulbourn Hospital</institution>, Cambridgeshire and Peterborough NHS Foundation Trust, <city>Cambridge</city>, <country>UK</country></aff><author-notes><corresp id="cor1">Correspondence to Benjamin R. Underwood (<email>ben.underwood@cpft.nhs.uk</email>)</corresp></author-notes><pub-date publication-format="electronic" date-type="pub"><day>01</day><month>6</month><year>2020</year></pub-date><fpage>1</fpage><lpage>3</lpage><history><date date-type="received"><day>28</day><month>4</month><year>2020</year></date><date date-type="rev-recd"><day>11</day><month>5</month><year>2020</year></date><date date-type="accepted"><day>28</day><month>5</month><year>2020</year></date></history><permissions><copyright-statement>&#x000a9; The Authors 2020</copyright-statement><copyright-year>2020</copyright-year><copyright-holder>The Authors</copyright-holder><license license-type="other" xlink:href="simple"><license-p>This article is made available via the PMC Open Access Subset for unrestricted re-use and analyses in any form or by any means subject to acknowledgement of the original source. These permissions are granted for the duration of the COVID-19 pandemic or until permissions are revoked in writing. Upon expiration of these permissions, PMC is granted a perpetual license to make this article available via PMC and Europe PMC, consistent with existing copyright protections.</license-p></license></permissions><self-uri xlink:title="pdf" xlink:href="S2056469420000613a.pdf"/><abstract abstract-type="normal"><title>Summary</title><p>For several decades, mental health services within the UK's National Health Service were provided by specialist mental health trusts. More recently many of these trusts have integrated community physical health services into their operations. We describe here how two integrated mental health trusts in England were able to make an enhanced response to the COVID-19 pandemic.</p></abstract><kwd-group><title>Keywords</title><kwd>Community mental health teams</kwd><kwd>economics</kwd><kwd>out-patient treatment</kwd><kwd>clinical governance</kwd><kwd>cost-effectiveness</kwd></kwd-group><counts><ref-count count="3"/><page-count count="3"/></counts></article-meta></front><body><p>The pandemic of COVID-19 has been one of the biggest challenges to global healthcare in a century. This has been felt in the UK, where it has provided the greatest test in the history of its National Health Service (NHS). For nearly 20 years mental health services within the NHS have been provided by specialist mental health trusts. In more recent times these organisations have moved beyond mental health to increasingly include community physical health services.<sup><xref rid="ref1" ref-type="bibr">1</xref></sup> Much has been written on the role and response of NHS providers, and potential consequences for the service, in relation to mental health and COVID-19.<sup><xref rid="ref2" ref-type="bibr">2</xref></sup> However, COVID-19 is primarily a respiratory disease which carries the greatest risk for elderly people and this has created primarily a physical healthcare need in the early phases.<sup><xref rid="ref3" ref-type="bibr">3</xref></sup> In this editorial we describe the vital role of two integrated mental health trusts in England responding to the COVID-19 pandemic and discuss how the integration between mental and physical healthcare has enhanced this response.</p><sec sec-type="other" id="sec1"><title>Background to the trusts</title><p>Cambridgeshire and Peterborough NHS Foundation Trust (CPFT) serves a mixed, though predominantly rural, population of around 1&#x000a0;000&#x000a0;000, including more than 165&#x000a0;000 people over the age of 65. Originally formed as a mental health trust, for the past 5 years it has also been responsible for provision of community physical care for adults and older people in Cambridgeshire. This includes 102 rehabilitation in-patient beds, 3 minor injury units, district nursing, occupational therapy, speech and language therapy, physiotherapy, podiatry, and dietetics, in addition to specialist teams such as respiratory, cardiac, chronic fatigue, neurological rehabilitation, early supported discharge for stroke, epilepsy, Parkinson disease, multiple sclerosis, tissue viability and diabetes. These new services were merged with existing in-patient and community provision for older people's mental health to create an adult and older people's directorate, which includes urgent response to physical and psychiatric presentations in the community.</p><p>Oxleas NHS Foundation Trust (OFT) covers the south-east London boroughs of Bromley, Bexley and Greenwich, serving both inner- and outer-London urban populations. The Bexley directorate has an integrated structure &#x02013; known as &#x02018;Bexleycare&#x02019; &#x02013; incorporating NHS services for both mental health and community physical health with adult social care provided by the local authority. This is run by an integrated management team from health and social care, covering a large range of services for those over the age of 18. It has an in-patient site, Queen Mary's Hospital, that contains beds for both mental healthcare (working age adult, older persons&#x02019; and dementia) and step-down intermediate physical care. Community services for the boroughs&#x02019; approximately 250&#x000a0;000 residents include mental health services (for adults over &#x0003e;18 years of age), physical health services similar to those described for CPFT and adult social care.</p></sec><sec sec-type="other" id="sec2"><title>Changes in response to COVID-19</title><p>In line with other NHS providers, CPFT entered a critical incident in March 2020 and adopted a command and control structure. This brought immediate changes to our physical and mental health services, including the formation of a county-wide COVID-19 testing service. From the perspective of physical health more generally we focused on the priority of preserving life. We felt we could best contribute to this by supporting discharge from acute trusts to allow patient flow and by treating people both with and without COVID-19 in the community to prevent deterioration and possible need for admission.</p><p>We created a single point of access and a telephone line that took 20&#x000a0;000 calls in its first month of operation. We expanded our discharge to assess (DTA) team, which increased the number of patients it was seeing from 10&#x02013;20 per day to up to 70 and dealt with 810 patients in its first month. Partly as a result of this, our local acute trusts were able to maintain bed availability. For our community teams we followed national guidance in terms of which services continued and which were suspended. A triage function with senior staff was created which acted on the principle of accepting referrals if the patient needed an intervention that would prevent deterioration likely to result in acute admission or was a threat to life. This principle-based approach was preferred to a list of which patients or conditions would be accepted. It required widespread redeployment of staff to enhance the most critical areas of service. For example, in older peoples&#x02019; mental health, routine memory assessments were stopped and staff redeployed to in-patient care or crisis teams. We engaged with colleagues across the system to draw up new clinical guidelines. Perhaps the most notable example was with regard to end-of-life care for COVID-19 patients, where our community teams faced significant mortality, particularly among care home residents.</p><p>Bexleycare, as part of OFT, had both a trust-level and London-wide COVID-19 command response. Within Bexley, the joint governance under the NHS organisation and the local authority facilitated early work and communication with public health services (which fall under the local authority). Nursing services in the trust took the lead for infection control and testing, with district nursing services delivering this locally. In-patient mental health services were notably reduced, with a 50% reduction in bed base effected by intentional ward closure because of the risks presented to patients and staff. Intermediate physical health and dementia care wards were notable risk sites and, indeed, sadly there were early infections and deaths of patients on these wards. Daily command calls linked the directorate with the trust and local authority, and through this, regional London command.</p></sec><sec sec-type="other" id="sec3"><title>Benefits of integration of physical and mental health services</title><p>Across both trusts we found immediate and direct benefits of integration. Our mental health services have benefited from support from the physical health teams, for example having respiratory specialist nurses and consultant geriatricians to support our older people's mental health wards. Similarly, our physical health teams have benefited from an extensive psychological support package for staff to deal with what have been extreme circumstances at work. This has included a stepped approach to the support given (from advice on self-management, psychological first aid and signposting to one-to-one support and referral to specialist mental health support, if appropriate, for staff requiring additional help), access to a staff support telephone line delivered by psychology staff and the Staff Well-being Service, guidance for managers on looking after their staff's psychological well-being, and &#x02018;team time&#x02019; sessions to help clinical teams to reflect on the personal impact of the work they are doing. These initiatives have helped promote compassionate leadership within our services and have been well received by staff. More generally, having a larger organisation has meant that there is a bigger pool of staff to draw from to bolster critical services, a particular advantage when facing potentially high levels of staff sickness. Some potential drawbacks, such as loss of specialism or identity, have been ameliorated by people coming together in a time of crisis.</p></sec><sec sec-type="conclusions" id="sec4"><title>Conclusions</title><p>Combined mental and physical healthcare trusts can change quickly and at scale in response to health emergencies. We have previously described the benefits of integrated trusts in times of normal business.<sup><xref rid="ref1" ref-type="bibr">1</xref></sup> Although integration does not hold all the answers or fully mitigate the current situation with COVID-19, we have seen that there are benefits in times of crisis and that these can have a positive effect on elements of the wider healthcare system.</p></sec></body><back><notes id="nts3" notes-type="other"><title>About the authors</title><p><bold>Derek Tracy</bold> is a consultant psychiatrist and Clinical Director of Oxleas NHS Foundation Trust, London, UK; <bold>Anna Forrest</bold> is a consultant clinical psychologist at Fulbourn Hospital, Cambridgeshire and Peterborough NHS Foundation Trust, Cambridge, UK; <bold>Benjamin R. Underwood</bold> is a consultant psychiatrist and Deputy Medical Director at Fulbourn Hospital, Cambridgeshire and Peterborough NHS Foundation Trust, Cambridge, UK.</p></notes><notes id="nts1" notes-type="other"><title>Author contributions</title><p>D.T. and B.R.U. created the concept for the article. D.T., A.F. and B.R.U. wrote and reviewed the text.</p></notes><sec id="nts2" sec-type="COI-statement"><title>Declaration of interest</title><p>None.</p></sec><sec sec-type="supplementary-material" id="sec5"><title>Supplementary material</title><supplementary-material content-type="local-data" id="S2056469420000613sup"><p>For supplementary material accompanying this paper visit https://doi.org/10.1192/bjb.2020.61.</p><media xlink:href="S2056469420000613sup.zip" mimetype="application" mime-subtype="zip" orientation="portrait" id="d38e232" position="anchor"><caption><p>click here to view supplementary material</p></caption></media></supplementary-material></sec><ref-list id="reflist1"><title>References</title><ref id="ref1"><label>1</label><mixed-citation publication-type="journal" id="cite1"><string-name><surname>Tracy</surname>
<given-names>DK</given-names></string-name>, <string-name><surname>Hanson</surname>
<given-names>K</given-names></string-name>, <string-name><surname>Brown</surname>
<given-names>T</given-names></string-name>, <string-name><surname>James</surname>
<given-names>AJB</given-names></string-name>, <string-name><surname>Paulsen</surname>
<given-names>H</given-names></string-name>, <string-name><surname>Mulliez</surname>
<given-names>Z</given-names></string-name>, <etal/>
<article-title>Integrated care in mental health: next steps after the <italic>NHS Long Term Plan</italic></article-title>. <source>Br J Psychiatry</source>
<year>2019</year>; <volume>214</volume>: <fpage>315</fpage>&#x02013;7.<pub-id pub-id-type="pmid">30832746</pub-id></mixed-citation></ref><ref id="ref2"><label>2</label><mixed-citation publication-type="journal" id="cite2"><string-name><surname>Holmes</surname>
<given-names>EA</given-names></string-name>, <string-name><surname>O'Connor</surname>
<given-names>RC</given-names></string-name>, <string-name><surname>Perry</surname>
<given-names>VH</given-names></string-name>, <string-name><surname>Tracey</surname>
<given-names>I</given-names></string-name>, <string-name><surname>Wessely</surname>
<given-names>S</given-names></string-name>, <string-name><surname>Arseneault</surname>
<given-names>L</given-names></string-name>, <etal/>
<article-title>Multidisciplinary research priorities for the COVID-19 pandemic: a call for action for mental health science</article-title>. <source>Lancet Psychiatry</source>
<year>2020</year>; <volume>7</volume>: <fpage>547</fpage>&#x02013;60.<pub-id pub-id-type="pmid">32304649</pub-id></mixed-citation></ref><ref id="ref3"><label>3</label><mixed-citation publication-type="journal" id="cite3"><string-name><surname>Goyal</surname>
<given-names>P</given-names></string-name>, <string-name><surname>Choi</surname>
<given-names>JJ</given-names></string-name>, <string-name><surname>Pinheiro</surname>
<given-names>LC</given-names></string-name>, <string-name><surname>Schenck</surname>
<given-names>EJ</given-names></string-name>, <string-name><surname>Chen</surname>
<given-names>R</given-names></string-name>, <string-name><surname>Jabri</surname>
<given-names>A</given-names></string-name>, <etal/>
<article-title>Clinical characteristics of Covid-19 in New York City</article-title>. <source>N Engl J Med</source> [Epub ahead of print] 17 Apr, <year>2020</year> Available from: <pub-id pub-id-type="doi">10.1056/NEJMc2010419</pub-id>.</mixed-citation></ref></ref-list></back></article>