<!DOCTYPE article PUBLIC "-//NLM//DTD JATS (Z39.96) Journal Archiving and Interchange DTD with MathML3 v1.2 20190208//EN" "JATS-archivearticle1-mathml3.dtd"> 
<article xmlns:xlink="http://www.w3.org/1999/xlink" xmlns:mml="http://www.w3.org/1998/Math/MathML" article-type="editorial"><?properties open_access?><?DTDIdentifier.IdentifierValue -//NLM//DTD JATS (Z39.96) Journal Publishing DTD v1.1 20151215//EN?><?DTDIdentifier.IdentifierType public?><?SourceDTD.DTDName JATS-journalpublishing1.dtd?><?SourceDTD.Version 1.1?><?ConverterInfo.XSLTName jp2nlmx2.xsl?><?ConverterInfo.Version 1?><front><journal-meta><journal-id journal-id-type="nlm-ta">BJPsych Bull</journal-id><journal-id journal-id-type="iso-abbrev">BJPsych Bull</journal-id><journal-id journal-id-type="publisher-id">BJB</journal-id><journal-title-group><journal-title>BJPsych Bulletin</journal-title></journal-title-group><issn pub-type="ppub">2056-4694</issn><issn pub-type="epub">2056-4708</issn><publisher><publisher-name>Cambridge University Press</publisher-name><publisher-loc>Cambridge, UK</publisher-loc></publisher></journal-meta><article-meta><article-id pub-id-type="pmcid">7156545</article-id><article-id pub-id-type="pmid">32216855</article-id><article-id pub-id-type="doi">10.1192/bjb.2020.37</article-id><article-id pub-id-type="pii">S2056469420000376</article-id><article-categories><subj-group subj-group-type="heading"><subject>Editorial</subject></subj-group></article-categories><title-group><article-title>If not now, when?</article-title></title-group><contrib-group><contrib contrib-type="author"><contrib-id contrib-id-type="orcid" authenticated="true">https://orcid.org/0000-0002-3187-6430</contrib-id><name><surname>Poole</surname><given-names>Norman A.</given-names></name><xref ref-type="aff" rid="aff1"/><xref ref-type="corresp" rid="cor1"/></contrib></contrib-group><aff id="aff1">Department of Neuropsychiatry, St George's Hospital, <institution>South West London and St George's Mental Health NHS Trust</institution>, <country>UK</country></aff><author-notes><corresp id="cor1">Correspondence to Dr Norman A. Poole (<email>BJPBulletin@rcpsych.ac.uk</email>)</corresp></author-notes><pub-date publication-format="print" date-type="pub" iso-8601-date="2021-02"><month>2</month><year>2021</year></pub-date><volume>45</volume><issue>1</issue><fpage>3</fpage><lpage>4</lpage><history><date date-type="received"><day>24</day><month>3</month><year>2020</year></date><date date-type="accepted"><day>24</day><month>3</month><year>2020</year></date></history><permissions><copyright-statement>&#x000a9; The Author 2020</copyright-statement><copyright-year>2020</copyright-year><copyright-holder>The Author</copyright-holder><license><ali:license_ref xmlns:ali="http://www.niso.org/schemas/ali/1.0/" specific-use="textmining" content-type="ccbylicense">https://creativecommons.org/licenses/by/4.0/</ali:license_ref><license-p>This is an Open Access article, distributed under the terms of the Creative Commons Attribution licence (<uri xlink:href="https://creativecommons.org/licenses/by/4.0/">http://creativecommons.org/licenses/by/4.0/</uri>), which permits unrestricted re-use, distribution, and reproduction in any medium, provided the original work is properly cited.</license-p></license></permissions><self-uri xlink:title="pdf" xlink:href="S2056469420000376a.pdf"/><abstract abstract-type="normal"><title>Summary</title><p>The editor of the <italic>BJPsych Bulletin</italic> reflects on the extraordinary recent events triggered by the COVID-19 pandemic. Mental health professionals are at the front line of managing the pandemic and emergency changes should lead to a much needed refocus on what is really vital. In these unsettling times we ought to review how we manage the crisis, and its aftermath, both personally and professionally.</p></abstract><kwd-group><title>Keywords</title><kwd>COVID-19</kwd><kwd>mental health services</kwd><kwd>resilience</kwd></kwd-group><counts><ref-count count="11"/><page-count count="2"/></counts></article-meta></front><body><sec sec-type="other" id="sec1"><title>21 March 2020</title><p>My 3-year-old daughter woke this morning with a cough. Rather sweetly, she claimed she'd &#x02018;Caught hold of the cough&#x02019; which she knows is making people ill. Instead of the group cycle I'd planned, I rode out on my bike alone, giving others an acceptably wide berth. Well, I say acceptably wide, but how wide is that? Two metres or more? Should I even have been out exercising? Is it a cold or COVID? How worried should I be? Pedalling into a cold northerly squall, it suddenly dawned on me: &#x02018;I'm scared&#x02019;. Not so much for myself &#x02013; although perhaps I'm not yet willing to admit that &#x02013; but for my daughter, my family, friends, their families, colleagues and, of course, our patients. We are taught that insight in psychosis is impaired, but I've often found anxiety to be less well recognised by patients, and me it turns out, than the textbooks tell us.<sup><xref rid="ref1" ref-type="bibr">1</xref></sup> It was an unsettling discovery because at that moment I also realised how powerless I am.</p><p>The neuropsychiatry team at St George's where I work had spent the previous week switching to remote clinics, mainly from home, but also seeing neurology in-patients at St George's Hospital. We learned that the liaison psychiatry service, led by the unflappable Marcus Hughes, had split into red and green teams; the former working exclusively in the new COVID-19 unit. &#x02018;How noble?&#x02019;, I thought. &#x02018;How long will they last?&#x02019;, I fretted. Everyone accepts that at some point they will have to take their turn in the red team. We heard how our in-patient colleagues on the mental health wards are also dividing themselves into teams and containing units to mitigate the virus's spread. &#x02018;How ironic?&#x02019;, I mused. Doctors were first sent to the asylums some 200 years ago to prevent contagion seeping out into the community at large.<sup><xref rid="ref2" ref-type="bibr">2</xref></sup> Now we are struggling to do the opposite. Community teams are restructuring services on the hoof to maintain care despite all the limitations imposed on them. As I write, it still feels like a phoney war, yet so unnerving to watch our futures unfolding before us in daily despatches from the frontlines in Italy and Spain. In this war against an invisible enemy the frontline is long, and thin. And mental health professionals are as much part of it as anyone.</p><p>I personally hate Churchill's quip about &#x02018;Not letting a good crisis go to waste&#x02019;, which so blithely ignores human cost and personal tragedies. Yet I am surely not alone in believing that COVID-19 must change how we deliver mental healthcare for good. The pandemic, from which we will hopefully recover, and our catastrophic mismanagement of the environment are not unrelated events. Pathogens are increasingly likely to cross species barriers as we pillage natural habitats.<sup><xref rid="ref3" ref-type="bibr">3</xref></sup> Tomlin's editorial<sup><xref rid="ref4" ref-type="bibr">4</xref></sup> draws attention to healthcare's contribution to poisonous greenhouse emissions and a previous article in this journal described the damage that excreted SSRI medications could be wreaking on our marine environment.<sup><xref rid="ref5" ref-type="bibr">5</xref></sup> We are currently working towards a special edition of the <italic>BJPsych Bulletin</italic> on the climate crisis and psychiatry, which will highlight the problems and point to some solutions. In this vein, I am hopeful that many of the new ways we are working &#x02013; telepsychiatry<sup><xref rid="ref6" ref-type="bibr">6</xref></sup> and stripped-back bureaucracy &#x02013; will outlive the current crisis. Psychiatry must resist successive governments&#x02019; fantasy that individual risk can be managed on the basis of population-level statistics.<sup><xref rid="ref7" ref-type="bibr">7</xref>,<xref rid="ref8" ref-type="bibr">8</xref></sup> It can't, and we must say so. The reality is, we would probably have the workforce to deliver a world-class mental health service if everyone wasn't so tied up inputting pointless data. If not now, when?</p><p>The virus has also exposed glaring injustices in our society. Some have the resources to weather the storm either through accumulated wealth or the luxury of being able to work from home. Many others live hand-to-mouth in insecure jobs while paying extraordinary housing costs. How will they fare? The sacrifices being made across the board must lead to a rewriting of the social contract, as happened after the Second World War. The debts currently being accrued cannot be repaid with regressive income taxes while personal and corporate wealth remains undertaxed.<sup><xref rid="ref9" ref-type="bibr">9</xref></sup> Unlike post-2008,<sup><xref rid="ref10" ref-type="bibr">10</xref></sup> corporate bailouts must come with conditions that benefit the majority. Later this year, with Peter Byrne's support, <italic>BJPsych Bulletin</italic> will publish a themed edition on inequality as a major source of mental disorder. I'd say it is timely, but we have known this stuff for years yet not always, it seems, accepted the corollary: psychiatry must argue unflinchingly for a fairer society. If not now, when?</p><p>This crisis will be demanding on us all, but social distancing also provides opportunities. As I cycled alone, which I expect to be doing a lot more of, I realised just how addicted I'd become to the relentless news cycle. I've resolved to limit my intake to once a day. Much better to repurpose these new uninvited evenings spent at home. Sadly, I doubt it'll be to learn the piano but in these strange times I'm opening up to music recommended by others (please send some suggestions!) and have been live streaming gigs from my favourite venue (Caf&#x000e9; Oto, if you're interested: <uri xlink:href="https://www.cafeoto.co.uk">https://www.cafeoto.co.uk</uri>). There are various writing projects that I aim to complete before unwinding with movie nights. I have already had an evening in a virtual pub and reconnected with long-lost friends. All the while knowing that these are mere displacement activities to manage a gnawing fear. It will be harder still for the completely self-isolating over-70s. Many I know are self-organising to support the vulnerable locally, and it will be a testament to our society if these activities endure. Closer to home, I've started a book club with my mum to help keep her spirits up in the long months ahead and allow us to chat about something, anything, else. And there are plenty of books that have sat on my to-do list far too long. My apocalyptic reading starts here: <italic>If Not Now, When?</italic><sup><xref rid="ref11" ref-type="bibr">11</xref></sup></p></sec></body><back><notes id="nts1" notes-type="other"><title>About the author</title><p><bold>Norman A. Poole</bold> is Editor of the <italic>BJPsych Bulletin</italic> and a consultant neuropsychiatrist at St George's Hospital, South West London and St George's Mental Health NHS Trust, UK.</p></notes><sec id="nts2" sec-type="COI-statement"><title>Declaration of interest</title><p>None.</p></sec><ref-list id="reflist1"><title>References</title><ref id="ref1"><label>1</label><mixed-citation publication-type="book" id="cite1"><string-name><surname>Amador</surname>
<given-names>X</given-names></string-name>, <string-name><surname>David</surname>
<given-names>A</given-names></string-name>. <source>Insight and Psychosis: Awareness of Illness in Schizophrenia and Related Disorders</source>. <publisher-name>Oxford University Press</publisher-name>, <year>2004</year>.</mixed-citation></ref><ref id="ref2"><label>2</label><mixed-citation publication-type="book" id="cite2"><string-name><surname>Shorter</surname>
<given-names>E</given-names></string-name>. <source>A History of Psychiatry: From the Era of the Asylum to the Age of Prozac</source>. <publisher-name>John Wiley &#x00026; Sons</publisher-name>, <year>1998</year>.</mixed-citation></ref><ref id="ref3"><label>3</label><mixed-citation publication-type="journal" id="cite3"><string-name><surname>Smith</surname>
<given-names>KF</given-names></string-name>, <string-name><surname>Goldberg</surname>
<given-names>M</given-names></string-name>, <string-name><surname>Rosenthal</surname>
<given-names>S</given-names></string-name>, <string-name><surname>Carlson</surname>
<given-names>L</given-names></string-name>, <string-name><surname>Chen</surname>
<given-names>J</given-names></string-name>, <string-name><surname>Chen</surname>
<given-names>C</given-names></string-name>, <etal/>
<article-title>Global rise in human infectious disease outbreaks</article-title>. <source>J R Soc Interface</source>
<year>2014</year>; <volume>11</volume>(<issue>101</issue>). Available from: <pub-id pub-id-type="doi">10.1098/rsif.2014.0950</pub-id>.</mixed-citation></ref><ref id="ref4"><label>4</label><mixed-citation publication-type="journal" id="cite4"><string-name><surname>Tomlin</surname>
<given-names>J</given-names></string-name>. <article-title>The climate crisis and forensic mental health care: what are we doing?</article-title>
<source>BJPsych Bull</source>
<year>2020</year>; in press.</mixed-citation></ref><ref id="ref5"><label>5</label><mixed-citation publication-type="journal" id="cite5"><string-name><surname>Ford</surname>
<given-names>AT</given-names></string-name>, <string-name><surname>Herrera</surname>
<given-names>H</given-names></string-name>. <article-title>&#x02018;Prescribing&#x02019; psychotropic medication to our rivers and estuaries</article-title>. <source>BJPsych Bull</source>
<year>2019</year>; <volume>43</volume>: <fpage>147</fpage>&#x02013;50.<pub-id pub-id-type="pmid">30251620</pub-id></mixed-citation></ref><ref id="ref6"><label>6</label><mixed-citation publication-type="book" id="cite6"><collab>American Psychiatric Association</collab>. <source>Telepsychiatry Toolkit</source>. <publisher-name>APA</publisher-name>. Available from: <uri xlink:href="https://www.psychiatry.org/psychiatrists/practice/telepsychiatry/toolkit">https://www.psychiatry.org/psychiatrists/practice/telepsychiatry/toolkit</uri> [cited 21 Mar 2020].</mixed-citation></ref><ref id="ref7"><label>7</label><mixed-citation publication-type="journal" id="cite7"><string-name><surname>Nielssen</surname>
<given-names>O</given-names></string-name>, <string-name><surname>Wallace</surname>
<given-names>D</given-names></string-name>, <string-name><surname>Large</surname>
<given-names>M</given-names></string-name>. <article-title>Pokorny's complaint: the insoluble problem of the overwhelming number of false positives generated by suicide risk assessment</article-title>. <source>BJPsych Bull</source>
<year>2017</year>; <volume>41</volume>: <fpage>18</fpage>&#x02013;<lpage>20</lpage>.<pub-id pub-id-type="pmid">28184312</pub-id></mixed-citation></ref><ref id="ref8"><label>8</label><mixed-citation publication-type="journal" id="cite8"><string-name><surname>Silva</surname>
<given-names>E</given-names></string-name>. <article-title>The HCR-20 and violence risk assessment: will a peak of inflated expectations turn to a trough of disillusionment?</article-title>
<source>BJPsych Bull</source>
<year>2020</year>; in press.</mixed-citation></ref><ref id="ref9"><label>9</label><mixed-citation publication-type="book" id="cite9"><string-name><surname>Guvenen</surname>
<given-names>F</given-names></string-name>, <string-name><surname>Kambourov</surname>
<given-names>G</given-names></string-name>, <string-name><surname>Kuruscu</surname>
<given-names>B</given-names></string-name>, <string-name><surname>Ocampo-Diaz</surname>
<given-names>S</given-names></string-name>, <string-name><surname>Chen</surname>
<given-names>D</given-names></string-name>. <source>Use It or Lose It: Efficiency Gains from Wealth Taxation (NBER Working Paper 26284)</source>. <publisher-name>National Bureau of Economic Research</publisher-name>, <year>2019</year>.</mixed-citation></ref><ref id="ref10"><label>10</label><mixed-citation publication-type="book" id="cite10"><string-name><surname>Tooze</surname>
<given-names>A</given-names></string-name>. <source>Crashed: How a Decade of Financial Crises Changed the World</source>. <publisher-name>Allen Lane</publisher-name>, <year>2018</year>.</mixed-citation></ref><ref id="ref11"><label>11</label><mixed-citation publication-type="book" id="cite11"><string-name><surname>Levi</surname>
<given-names>P.</given-names></string-name>
<source>If Not Now, When?</source>
<publisher-name>Penguin Modern Classics</publisher-name>, <year>1982</year> [English reprint 2000].</mixed-citation></ref></ref-list></back></article>