<!DOCTYPE article PUBLIC "-//NLM//DTD JATS (Z39.96) Journal Archiving and Interchange DTD with MathML3 v1.3 20210610//EN" "JATS-archivearticle1-3-mathml3.dtd"> 
<article xmlns:mml="http://www.w3.org/1998/Math/MathML" xmlns:xlink="http://www.w3.org/1999/xlink" article-type="review-article" dtd-version="1.3"><?properties open_access?><?DTDIdentifier.IdentifierValue -//NLM//DTD JATS (Z39.96) Journal Publishing DTD v1.1 20151215//EN?><?DTDIdentifier.IdentifierType public?><?SourceDTD.DTDName JATS-journalpublishing1.dtd?><?SourceDTD.Version 1.1?><?ConverterInfo.XSLTName jats2jats3.xsl?><?ConverterInfo.Version 1?><processing-meta base-tagset="archiving" mathml-version="3.0" table-model="xhtml" tagset-family="jats"><restricted-by>pmc</restricted-by></processing-meta><front><journal-meta><journal-id journal-id-type="nlm-ta">BJPsych Bull</journal-id><journal-id journal-id-type="iso-abbrev">BJPsych Bull</journal-id><journal-id journal-id-type="publisher-id">BJB</journal-id><journal-title-group><journal-title>BJPsych Bulletin</journal-title></journal-title-group><issn pub-type="ppub">2056-4694</issn><issn pub-type="epub">2056-4708</issn><publisher><publisher-name>Cambridge University Press</publisher-name><publisher-loc>Cambridge, UK</publisher-loc></publisher></journal-meta><article-meta><article-id pub-id-type="pmcid">8499623</article-id><article-id pub-id-type="pmid">34315549</article-id><article-id pub-id-type="doi">10.1192/bjb.2021.54</article-id><article-id pub-id-type="pii">S2056469421000541</article-id><article-categories><subj-group subj-group-type="topic"><subject>Rehabilitation and Social</subject></subj-group><subj-group subj-group-type="heading"><subject>Special Article</subject></subj-group></article-categories><title-group><article-title>Green care in first-episode psychosis: short report of a mixed-methods evaluation of a &#x02018;woodland group&#x02019; in an early intervention service</article-title></title-group><contrib-group><contrib contrib-type="author"><contrib-id contrib-id-type="orcid" authenticated="false">https://orcid.org/0000-0002-2068-2374</contrib-id><name><surname>Cuthbert</surname><given-names>Sharon</given-names></name><xref ref-type="aff" rid="aff1">1</xref><xref ref-type="corresp" rid="cor1"/></contrib><contrib contrib-type="author"><name><surname>Sharp</surname><given-names>Harriet</given-names></name><xref ref-type="aff" rid="aff1">1</xref></contrib><contrib contrib-type="author"><contrib-id contrib-id-type="orcid" authenticated="false">https://orcid.org/0000-0003-1164-9836</contrib-id><name><surname>Berry</surname><given-names>Clio</given-names></name><xref ref-type="aff" rid="aff1">1</xref><xref ref-type="aff" rid="aff2">2</xref></contrib></contrib-group><aff id="aff1"><label>1</label><institution>Sussex Partnership NHS Foundation Trust</institution>, <city>Hove</city>, <country>UK</country></aff><aff id="aff2"><label>2</label><institution>Brighton and Sussex Medical School</institution>, <city>Brighton</city>, <country>UK</country></aff><author-notes><corresp id="cor1">Correspondence to Sharon Cuthbert (<email>sharon.cuthbert@sussexpartnership.nhs.uk</email>)</corresp></author-notes><pub-date publication-format="print" date-type="pub" iso-8601-date="2021-08"><month>8</month><year>2021</year></pub-date><volume>45</volume><issue>4</issue><fpage>235</fpage><lpage>237</lpage><history><date date-type="received"><day>18</day><month>11</month><year>2020</year></date><date date-type="rev-recd"><day>04</day><month>2</month><year>2021</year></date><date date-type="accepted"><day>21</day><month>4</month><year>2021</year></date></history><permissions><copyright-statement>&#x000a9; The Author(s) 2021</copyright-statement><copyright-year>2021</copyright-year><copyright-holder>The Author(s)</copyright-holder><license><ali:license_ref xmlns:ali="http://www.niso.org/schemas/ali/1.0/" specific-use="textmining" content-type="ccbylicense">https://creativecommons.org/licenses/by/4.0/</ali:license_ref><license-p>This is an Open Access article, distributed under the terms of the Creative Commons Attribution licence (<uri xlink:href="https://creativecommons.org/licenses/by/4.0/">http://creativecommons.org/licenses/by/4.0/</uri>), which permits unrestricted re-use, distribution, and reproduction in any medium, provided the original work is properly cited.</license-p></license></permissions><self-uri xlink:title="pdf" xlink:href="S2056469421000541a.pdf"/><abstract abstract-type="normal"><sec id="sec_a1"><title>Aims and method</title><p>In the context of increasing recognition of the role of nature in well-being, but limited evidence for specific patient groups, we describe a mixed-methods evaluation of a 10-week green care intervention (a woodland group) for 18- to 30-year-olds who had experienced a first episode of psychosis. Data were collected using the Questionnaire on the Process of Recovery (QPR), semi-structured service evaluation questionnaires, the NHS Friends and Family Test (FFT), and focus group analysis.</p></sec><sec id="sec_a2"><title>Results</title><p>All participants present at week 10 (<italic>n</italic> = 5) would recommend this group to others; 4/8 participants showed reliable improvement on QPR outcome measures. Thematic analysis identified themes of connection with nature and others, development of a sense of well-being and &#x02018;peacefulness&#x02019; and new perspectives on psychotic experience.</p></sec><sec id="sec_a3"><title>Clinical implications</title><p>This small retrospective evaluation describes patient-reported benefits, feasibility and acceptability of green care interventions within early intervention in psychosis services (EIS).</p></sec></abstract><kwd-group><title>Keywords</title><kwd>Outcome studies</kwd><kwd>out-patient treatment</kwd><kwd>psychosocial interventions</kwd><kwd>qualitative research</kwd><kwd>psychotic disorders</kwd></kwd-group><counts><table-count count="1"/><ref-count count="27"/><page-count count="3"/></counts></article-meta></front><body><p>Early intervention services (EIS) aim to reduce symptomatic periods and improve developmental and social trajectories for those who have experienced a first episode of psychosis (FEP).<sup><xref rid="ref1" ref-type="bibr">1</xref></sup> Full recovery and therapeutic engagement may be difficult to achieve.<sup><xref rid="ref2" ref-type="bibr">2</xref>&#x02013;<xref rid="ref4" ref-type="bibr">4</xref></sup> Green care uses natural environments to facilitate improvements in well-being, with growing evidence to support effectiveness in the general population.<sup><xref rid="ref5" ref-type="bibr">5</xref>,<xref rid="ref6" ref-type="bibr">6</xref></sup> Evaluations suggest that people with mental health problems may benefit proportionally more from such nature-based care.<sup><xref rid="ref7" ref-type="bibr">7</xref></sup> Accessing green space may mitigate health inequalities closely tied to severe and enduring mental illness (SMI),<sup><xref rid="ref8" ref-type="bibr">8</xref>,<xref rid="ref9" ref-type="bibr">9</xref></sup> including for young people, among whom nature &#x02018;connectedness&#x02019; is low.<sup><xref rid="ref10" ref-type="bibr">10</xref></sup> Groups in natural spaces may also confer potential advantages for therapeutic engagement and work.<sup><xref rid="ref11" ref-type="bibr">11</xref>&#x02013;<xref rid="ref13" ref-type="bibr">13</xref></sup> However, there is limited evidence for green care for those with SMI<sup><xref rid="ref14" ref-type="bibr">14</xref>,<xref rid="ref15" ref-type="bibr">15</xref></sup> and, to our knowledge, none in FEP. Green care is a &#x02018;complex intervention&#x02019;, combining psychological work, physical activity and social interactions,<sup><xref rid="ref16" ref-type="bibr">16</xref></sup> so our study used a mixed-methods approach, as recommended by the Medical Research Council.<sup><xref rid="ref17" ref-type="bibr">17</xref></sup> This mixed-methods evaluation considers potential benefits and barriers encountered in a green care programme delivered in an EIS.</p><sec sec-type="other" id="sec1"><title>The intervention</title><p>The woodland group was facilitated by Circle of Life Rediscovery (CLR), commissioned by Sussex Partnership NHS Foundation Trust for 10 weekly half-day sessions. Two CLR staff prepared and attended groups, collaborating with EIS staff who facilitated transport and supported individuals (up to 15), with an overall staff:participant ratio of at least 1:3.</p><p>The group included a short walk, refreshments, contemplative time and activities such as learning about plants and habitats, maintaining the woodland area and cooking.</p><p>All participants were aged between 18&#x02013;30 and had experienced FEP, some demonstrating active psychotic symptoms. Target problems included isolation, anxiety and depression.</p></sec><sec sec-type="other" id="sec2"><title>Ethics and consent</title><p>This study was conducted as a service evaluation and did not require research ethics approval. All participants gave written consent for data to be collected and used within evaluations of the service.</p></sec><sec sec-type="other" id="sec3"><title>Data collection and analysis</title><p>Participants completed the 15-item Questionnaire about the Process of Recovery (QPR) at weeks 1, 3, 6 and 10. The QPR has good internal consistency, high test&#x02013;retest reliability and convergent validity.<sup><xref rid="ref18" ref-type="bibr">18</xref>,<xref rid="ref19" ref-type="bibr">19</xref></sup> &#x02018;Reliable change&#x02019;, an estimate of statistical significance of change in outcome scores, was calculated using the Jacobson&#x02013;Truax formula with published Cronbach's alpha and standard deviation.<sup><xref rid="ref20" ref-type="bibr">20</xref>,<xref rid="ref21" ref-type="bibr">21</xref></sup> Participants in the final session also completed a semi-structured service evaluation questionnaire and the NHS Friends and Family Test (FFT).<sup><xref rid="ref22" ref-type="bibr">22</xref></sup></p><p>Qualitative data were invited through free-text portions of the evaluation questionnaire and through intervention summaries completed by participants and staff. A 20&#x000a0;min focus group (<italic>n</italic>&#x000a0;=&#x000a0;7) was convened in the final session, facilitated by the group leader and transcribed by the first author. All three authors independently performed thematic analysis of the data.</p></sec><sec sec-type="results" id="sec4"><title>Results</title><p>The QPR 5-point Likert scale ranges from 1 (disagree strongly) to 5 (agree strongly). Mean QPR scores increased from 3.4 (<italic>n</italic>&#x000a0;=&#x000a0;3) at week 1 to 3.8 at week 10 (<italic>n</italic>&#x000a0;=&#x000a0;8). Four patients showed reliable improvement and one showed reliable deterioration for those with data at two time points (<italic>n</italic>&#x000a0;=&#x000a0;8).</p><p>All participants present at week 10 (<italic>n</italic>&#x000a0;=&#x000a0;5) recommended the group on the FFT.<sup><xref rid="ref22" ref-type="bibr">22</xref></sup></p><p>Results of the evaluation questionnaire (at week 10) are shown in <xref rid="tab01" ref-type="table">Table 1</xref>.
<table-wrap id="tab01" orientation="portrait" position="float"><label>Table 1</label><caption><p>Participants&#x02019; (<italic>n</italic>&#x000a0;=&#x000a0;8) scores on the service evaluation questionnaire (at week 10)</p></caption><alternatives><graphic xlink:href="S2056469421000541_tab1"/><table frame="hsides" rules="groups"><col align="left" width="1*" span="1"/><col align="char" char="(" width="1*" span="1"/><thead><tr><th align="left" colspan="1" rowspan="1"/><th align="center" colspan="1" rowspan="1">Mean (median)<xref ref-type="table-fn" rid="tfn1_1"><sup>a</sup></xref></th></tr></thead><tbody><tr><td colspan="1" rowspan="1">I feel more connected to the world around me</td><td colspan="1" rowspan="1">4.4 (4)</td></tr><tr><td colspan="1" rowspan="1">My emotional and psychological well-being has improved</td><td colspan="1" rowspan="1">4.3 (4)</td></tr><tr><td colspan="1" rowspan="1">My recovery has been helped</td><td colspan="1" rowspan="1">4.1 (4)</td></tr><tr><td colspan="1" rowspan="1">I have found ways to manage difficult emotions</td><td colspan="1" rowspan="1">3.5 (3.5)</td></tr><tr><td colspan="1" rowspan="1">I have found things that can help me in a crisis</td><td colspan="1" rowspan="1">3.8 (4)</td></tr><tr><td colspan="1" rowspan="1">I have connected with other people in a positive way</td><td colspan="1" rowspan="1">4.8 (5)</td></tr><tr><td colspan="1" rowspan="1">I have had some difficult social encounters</td><td colspan="1" rowspan="1">3.4 (3)</td></tr><tr><td colspan="1" rowspan="1">I have been more worried about the world around me</td><td colspan="1" rowspan="1">2.5 (2.5)</td></tr><tr><td colspan="1" rowspan="1">I feel more hopeful</td><td colspan="1" rowspan="1">3.9 (4)</td></tr><tr><td colspan="1" rowspan="1">I have felt more confident about going to new places</td><td colspan="1" rowspan="1">3.4 (4)</td></tr><tr><td colspan="1" rowspan="1">I have learnt new skills</td><td colspan="1" rowspan="1">4.3 (4)</td></tr><tr><td colspan="1" rowspan="1">I have felt more confident about meeting people</td><td colspan="1" rowspan="1">4 (4)</td></tr><tr><td colspan="1" rowspan="1">I have made friendships which may continue</td><td colspan="1" rowspan="1">4.1 (4)</td></tr></tbody></table></alternatives><table-wrap-foot><fn id="tfn1_1" fn-type="other"><label>a.</label><p>Scores are on a 5-point Likert scale: 1, &#x02018;strongly disagree&#x02019;, 5 &#x02018;strongly agree&#x02019;.</p></fn></table-wrap-foot></table-wrap></p><p>All authors were concordant on two higher-order themes from the qualitative data. The first was connection with others and nature. Participants described reduced isolation and improved relationships:
<disp-quote><p>&#x02018;It's therapeutic to sit round a fire with other people&#x000a0;[&#x02026;]&#x000a0;it's nice to feel connected.&#x02019;</p><p>&#x02018;The difference&#x000a0;[&#x02026;]&#x000a0;I'm not isolated&#x000a0;[&#x02026;]&#x000a0;I can feel normal. You go to doctor's appointments, you're not part of the 9&#x02013;5 but we are still here.&#x02019;</p><p>&#x02018;I feel&#x000a0;[&#x02026;]&#x000a0;awe/curiosity for the natural world.&#x02019;</p></disp-quote></p><p>A second overarching theme was of positive change in self, including skills development and emotional change. This was expressed as feeling &#x02018;confident to do things&#x02019; or &#x02018;I enjoyed the cooking&#x000a0;[&#x02026;]&#x000a0;it helped distract me more, and it's skills I have used at home&#x02019;. Participants appreciated creativity and the chance to &#x02018;take something away&#x02019; &#x02013; including physical objects, memories and new skills. They described feelings of calmness: &#x02018;100% impact. I feel better about myself&#x000a0;[&#x02026;]&#x000a0;I feel supported, I feel able. I have found stillness, calmness&#x000a0;[&#x02026;]. It is very healing&#x02019;. Staff noted that participants appeared more relaxed in the woodland group than in other settings.</p><p>Particularly relevant to this group were repeated suggestions that the group enabled changed perspectives on psychosis. One participant wrote &#x02018;[it] showed me what's real in my&#x000a0;[&#x02026;]&#x000a0;psychotic state&#x02019; and another &#x02018;[it] helps me understand other people's perception of psychosis&#x02019;.</p><p>Barriers to participation included short sessions and poor weather. No adverse events, near misses or concerns regarding risky behaviour were reported.</p></sec><sec sec-type="discussion" id="sec5"><title>Discussion and conclusions</title><p>This evaluation offers promise for green care as an intervention in FEP. Unusually, group attendance improved over time and all participants recommended it. Sequential QPR measures showed positive trends across all recovery domains; additionally, attendees described increased insight and contextualisation of difficulties, alongside distraction from problematic symptoms. Participants spontaneously discussing their beliefs and experiences, potentially enabled by the attention-restoring and stress-reducing properties of the woodland environment, seems to have encouraged reflection and reality testing. The group was therapeutic, with features of universality, development of socialising skills and interpersonal learning.<sup><xref rid="ref23" ref-type="bibr">23</xref></sup></p><p>Feedback for improvement was sparse. The location, with associated travelling costs, and the intensive EIS staff involvement were cited as barriers to re-commissioning. CLR staff reported that the &#x02018;scaffolding&#x02019; provided by NHS support enabled them to facilitate the group. Without this early input, successful engagement of this patient group seems less likely. Full economic (and carbon) costings, including staff resource, should be part of future evaluations and commissioning for such groups, as within the wider social prescribing context.<sup><xref rid="ref24" ref-type="bibr">24</xref></sup></p><p>The findings are limited by small sample size, areas of incomplete data and use of patient-reported outcome scales only. We have no data from those who chose not to attend the intervention. Although qualitative analysis allows themes to emerge from the data, defining components and aspects of the intervention which may be poorly understood,<sup><xref rid="ref25" ref-type="bibr">25</xref></sup> thematic saturation was likely not reached, and participants may have felt constrained by facilitator presence in the focus group. Further exploration of the increased reflective ability on personal psychotic experiences that participants reported feeling within the grounding and supported woodland setting would be particularly helpful.</p><p>Initiatives to boost green prescribing are expanding.<sup><xref rid="ref26" ref-type="bibr">26</xref></sup> This is a preliminary report, indicating promising features for green care as a sustainable intervention in EIS. As a community-based intervention it is empowering and there is potential benefit from developing nature connectedness, which is associated with increased conservation behaviours.<sup><xref rid="ref27" ref-type="bibr">27</xref></sup> Although further exploration of the benefits of green care, including its influence on psychotic experience and longer-term outcomes, is needed, the experiences this group describe suggest that nurturing opportunities for patients to access nature could promote recovery and rebalance relationships with the environment.</p></sec></body><back><ack><title>Acknowledgements</title><p>Thanks to Marina Robb, Circle of Life Rediscovery, and to the Hailsham Early Intervention Service.</p></ack><notes id="nts1" notes-type="other"><title>About the authors</title><p><bold>Sharon Cuthbert</bold> is a consultant psychiatrist with Sussex Partnership NHS Foundation Trust, based at Millview Hospital, Hove, UK. <bold>Harriet Sharp</bold> is an Academic Clinical Fellow in psychiatry with Sussex Partnership NHS Foundation Trust, Hove, UK. <bold>Clio Berry</bold> is a lecturer in Healthcare Evaluation and Improvement in Primary Care and Public Health at Brighton and Sussex Medical School, Brighton, UK.</p></notes><sec id="sec-das1" sec-type="data-availability"><title>Data availability</title><p>The data that support the findings of this study are available on request from the corresponding author. The data are not publicly available owing to potential compromise of the privacy of those who contributed.</p></sec><notes id="nts3" notes-type="other"><title>Author contributions</title><p>S.C. gathered and analysed evaluation and focus group data and produced the first draft. H.S. and C.B. contributed to qualitative analysis and contributed to subsequent drafts. All authors meet ICJME criteria for authorship.</p></notes><notes id="nts4" notes-type="other"><title>Funding</title><p>This research received no specific grant from any funding agency, commercial or not-for-profit sectors.</p></notes><sec id="nts5" sec-type="COI-statement"><title>Declaration of interest</title><p>None.</p></sec><ref-list id="reflist1"><title>References</title><ref id="ref1"><label>1</label><mixed-citation publication-type="journal" id="cite1"><string-name><surname>McGorry</surname>
<given-names>PD</given-names></string-name>, <string-name><surname>Killackey</surname>
<given-names>E</given-names></string-name>, <string-name><surname>Yung</surname>
<given-names>A</given-names></string-name>. <article-title>Early intervention in psychosis: concepts, evidence and future directions</article-title>. <source>World Psychiatry</source>
<year>2008</year>; <volume>7</volume>: <fpage>148</fpage>&#x02013;56.<pub-id pub-id-type="pmid">18836582</pub-id></mixed-citation></ref><ref id="ref2"><label>2</label><mixed-citation publication-type="journal" id="cite2"><string-name><surname>Hodgekins</surname>
<given-names>J</given-names></string-name>, <string-name><surname>Birchwood</surname>
<given-names>M</given-names></string-name>, <string-name><surname>Christopher</surname>
<given-names>R</given-names></string-name>, <string-name><surname>Marshall</surname>
<given-names>M</given-names></string-name>, <string-name><surname>Coker</surname>
<given-names>S</given-names></string-name>, <string-name><surname>Everard</surname>
<given-names>L</given-names></string-name>, <etal/>
<article-title>Investigating trajectories of social recovery in individuals with first-episode psychosis: a latent class growth analysis</article-title>. <source>Br J Psychiatry</source>
<year>2015</year>; <volume>207</volume>: <fpage>536</fpage>&#x02013;43.<pub-id pub-id-type="pmid">26294371</pub-id></mixed-citation></ref><ref id="ref3"><label>3</label><mixed-citation publication-type="journal" id="cite3"><string-name><surname>O'Brien</surname>
<given-names>A</given-names></string-name>, <string-name><surname>Fahmy</surname>
<given-names>R</given-names></string-name>, <string-name><surname>Singh</surname>
<given-names>S</given-names></string-name>. <article-title>Disengagement from mental health services: a literature review</article-title>. <source>Psychiatr Epidemiol</source>
<year>2009</year>; <volume>44</volume>: <fpage>558</fpage>&#x02013;68.</mixed-citation></ref><ref id="ref4"><label>4</label><mixed-citation publication-type="journal" id="cite4"><string-name><surname>Morrison</surname>
<given-names>AP</given-names></string-name>, <string-name><surname>Pyle</surname>
<given-names>M</given-names></string-name>, <string-name><surname>Maughan</surname>
<given-names>D</given-names></string-name>, <string-name><surname>Johns</surname>
<given-names>L</given-names></string-name>, <string-name><surname>Freeman</surname>
<given-names>D</given-names></string-name>, <string-name><surname>Broome</surname>
<given-names>MR</given-names></string-name>, <etal/>
<article-title>Antipsychotic medication versus psychological intervention versus a combination of both in adolescents with first-episode psychosis (MAPS): a multicentre, three-arm, randomised controlled pilot and feasibility study</article-title>. <source>Lancet Psychiatry</source>
<year>2020</year>; <volume>7</volume>: <fpage>788</fpage>&#x02013;<lpage>800</lpage>.<pub-id pub-id-type="pmid">32649925</pub-id></mixed-citation></ref><ref id="ref5"><label>5</label><mixed-citation publication-type="journal" id="cite5"><string-name><surname>Richardson</surname>
<given-names>M</given-names></string-name>, <string-name><surname>McEwan</surname>
<given-names>K</given-names></string-name>. <article-title>30 days wild and the relationships between engagement with nature's beauty, nature connectedness and well-being</article-title>. <source>Front Psychol</source>
<year>2018</year>; <volume>9</volume>: <fpage>1500</fpage>.<pub-id pub-id-type="pmid">30233443</pub-id></mixed-citation></ref><ref id="ref6"><label>6</label><mixed-citation publication-type="book" id="cite6"><string-name><surname>Lovell</surname>
<given-names>R</given-names></string-name>, <string-name><surname>Depledge</surname>
<given-names>M</given-names></string-name>, <string-name><surname>Maxwell</surname>
<given-names>S</given-names></string-name>. <source>Health and the Natural Environment: A Review of Evidence, Policy, Practice and Opportunities for the Future</source>. <publisher-name>Department for Environment, Food and Rural Affairs</publisher-name>, <year>2019</year>.</mixed-citation></ref><ref id="ref7"><label>7</label><mixed-citation publication-type="book" id="cite7"><string-name><surname>Bragg</surname>
<given-names>R</given-names></string-name>, <string-name><surname>Atkins</surname>
<given-names>G</given-names></string-name>. <source><italic toggle="yes">A Review of Nature-Based Interventions for Mental Health Care</italic> (Natural England Commissioned Reports NECR204)</source>. <publisher-name>Natural England</publisher-name>, <year>2016</year>.</mixed-citation></ref><ref id="ref8"><label>8</label><mixed-citation publication-type="book" id="cite8"><string-name><surname>Grant</surname>
<given-names>M</given-names></string-name>. <source>Health Inequalities and Determinants in the Physical Urban Environment</source>. <publisher-name>WHO Collaborating Centre for Healthy Cities</publisher-name>, <year>2010</year>.</mixed-citation></ref><ref id="ref9"><label>9</label><mixed-citation publication-type="book" id="cite9"><collab>WHO Regional Office for Europe</collab>. <source>Addressing the Social Determinants of Health: the Urban Dimension and the Role of Local Government</source>. <publisher-name>WHO</publisher-name>, <year>2012</year>.</mixed-citation></ref><ref id="ref10"><label>10</label><mixed-citation publication-type="journal" id="cite10"><string-name><surname>Richardson</surname>
<given-names>M</given-names></string-name>, <string-name><surname>Hunt</surname>
<given-names>A</given-names></string-name>, <string-name><surname>Hinds</surname>
<given-names>J</given-names></string-name>, <string-name><surname>Bragg</surname>
<given-names>R</given-names></string-name>, <string-name><surname>Fido</surname>
<given-names>D</given-names></string-name>, <string-name><surname>Petronzi</surname>
<given-names>D</given-names></string-name>, <etal/>
<article-title>A measure of nature connectedness for children and adults: validation, performance and insights</article-title>. <source>Sustainability</source>
<year>2019</year>; <volume>11</volume>: <fpage>3250</fpage>.</mixed-citation></ref><ref id="ref11"><label>11</label><mixed-citation publication-type="journal" id="cite11"><string-name><surname>Ulrich</surname>
<given-names>R</given-names></string-name>, <string-name><surname>Simons</surname>
<given-names>RF</given-names></string-name>, <string-name><surname>Losito</surname>
<given-names>BD</given-names></string-name>, <string-name><surname>Fiorito</surname>
<given-names>E</given-names></string-name>, <string-name><surname>Miles</surname>
<given-names>MA</given-names></string-name>, <string-name><surname>Zelzon</surname>
<given-names>M</given-names></string-name>. <article-title>Stress recovery during exposure to natural and urban environments</article-title>. <source>J Env Psychol</source>
<year>1991</year>; <volume>11</volume>: <fpage>201</fpage>&#x02013;30.</mixed-citation></ref><ref id="ref12"><label>12</label><mixed-citation publication-type="journal" id="cite12"><string-name><surname>Ohly</surname>
<given-names>H</given-names></string-name>, <string-name><surname>White</surname>
<given-names>MP</given-names></string-name>, <string-name><surname>Wheeler</surname>
<given-names>BW</given-names></string-name>, <string-name><surname>Bethel</surname>
<given-names>A</given-names></string-name>, <string-name><surname>Ukoumunne</surname>
<given-names>OC</given-names></string-name>, <string-name><surname>Nikolaou</surname>
<given-names>V</given-names></string-name>, <etal/>
<article-title>Attention restoration theory: a systematic review of the attention restoration potential of exposure to natural environments</article-title>. <source>J Toxicol Env Health</source>
<year>2016</year>; <volume>19</volume>: <fpage>305</fpage>&#x02013;43.</mixed-citation></ref><ref id="ref13"><label>13</label><mixed-citation publication-type="journal" id="cite13"><string-name><surname>Cooley</surname>
<given-names>SJ</given-names></string-name>, <string-name><surname>Jones</surname>
<given-names>CR</given-names></string-name>, <string-name><surname>Kurtz</surname>
<given-names>A</given-names></string-name>, <string-name><surname>Robertson</surname>
<given-names>N</given-names></string-name>. <article-title>&#x02018;Into the wild&#x02019;: a meta-synthesis of talking therapy in natural outdoor spaces</article-title>. <source>Clin Psychol Rev</source>
<year>2020</year>; <volume>77</volume>: <fpage>101841</fpage>.<pub-id pub-id-type="pmid">32179342</pub-id></mixed-citation></ref><ref id="ref14"><label>14</label><mixed-citation publication-type="journal" id="cite14"><string-name><surname>Buckley</surname>
<given-names>RC</given-names></string-name>, <string-name><surname>Brough</surname>
<given-names>P</given-names></string-name>. <article-title>Nature, eco and adventure therapies for mental health and chronic disease</article-title>. <source>Public Health</source>
<year>2017</year>; <volume>5</volume>: <fpage>220</fpage>.</mixed-citation></ref><ref id="ref15"><label>15</label><mixed-citation publication-type="journal" id="cite15"><string-name><surname>Cuthbert</surname>
<given-names>S</given-names></string-name>, <string-name><surname>Kellas</surname>
<given-names>A</given-names></string-name>, <string-name><surname>Page</surname>
<given-names>L</given-names></string-name>. <article-title>Green care in psychiatry</article-title>. <source>Br J Psychiatry</source>
<year>2021</year>; <volume>218</volume>: <fpage>73</fpage>&#x02013;4.<pub-id pub-id-type="pmid">33028436</pub-id></mixed-citation></ref><ref id="ref16"><label>16</label><mixed-citation publication-type="journal" id="cite16"><string-name><surname>Dures</surname>
<given-names>E</given-names></string-name>, <string-name><surname>Rumsey</surname>
<given-names>N</given-names></string-name>, <string-name><surname>Morris</surname>
<given-names>M</given-names></string-name>, <string-name><surname>Gleeson</surname>
<given-names>K</given-names></string-name>. <article-title>Mixed methods in health psychology</article-title>. <source>J Health Psychol</source>
<year>2010</year>; <volume>16</volume>: <fpage>332</fpage>&#x02013;41.<pub-id pub-id-type="pmid">20978152</pub-id></mixed-citation></ref><ref id="ref17"><label>17</label><mixed-citation publication-type="book" id="cite17"><string-name><surname>Craig</surname>
<given-names>P</given-names></string-name>, <string-name><surname>Dieppe</surname>
<given-names>P</given-names></string-name>, <string-name><surname>Macintyre</surname>
<given-names>S</given-names></string-name>, <string-name><surname>Michie</surname>
<given-names>S</given-names></string-name>, <string-name><surname>Nazareth</surname>
<given-names>I</given-names></string-name>, <string-name><surname>Petticrew</surname>
<given-names>M</given-names></string-name>. <source>Developing and Evaluating Complex Interventions</source>. <publisher-name>Medical Research Council</publisher-name>, <year>2019</year>.</mixed-citation></ref><ref id="ref18"><label>18</label><mixed-citation publication-type="journal" id="cite18"><string-name><surname>Williams</surname>
<given-names>J</given-names></string-name>, <string-name><surname>Leamy</surname>
<given-names>M</given-names></string-name>, <string-name><surname>Pesola</surname>
<given-names>F</given-names></string-name>, <string-name><surname>Bird</surname>
<given-names>V</given-names></string-name>, <string-name><surname>Boutillier</surname>
<given-names>C</given-names></string-name>, <string-name><surname>Slade</surname>
<given-names>M</given-names></string-name>
<etal/>
<article-title>Psychometric evaluation of the Questionnaire about the Process of Recovery (QPR)</article-title>. <source>Br J Psychiatry</source>
<year>2015</year>; <volume>207</volume>: <fpage>551</fpage>&#x02013;5.<pub-id pub-id-type="pmid">26450585</pub-id></mixed-citation></ref><ref id="ref19"><label>19</label><mixed-citation publication-type="journal" id="cite19"><string-name><surname>Law</surname>
<given-names>H</given-names></string-name>, <string-name><surname>Neil</surname>
<given-names>ST</given-names></string-name>, <string-name><surname>Dunn</surname>
<given-names>G</given-names></string-name>, <string-name><surname>Morrison</surname>
<given-names>AP</given-names></string-name>. <article-title>Psychometric properties of the Questionnaire about the Process of Recovery (QPR)</article-title>. <source>Schizophr Res</source>
<year>2014</year>; <volume>156</volume>: <fpage>184</fpage>&#x02013;9.<pub-id pub-id-type="pmid">24816049</pub-id></mixed-citation></ref><ref id="ref20"><label>20</label><mixed-citation publication-type="other" id="cite20"><string-name><surname>Zahra</surname>
<given-names>D</given-names></string-name>. <source>RCI Calculator</source>. Daniel Zahra, <year>2010</year> (<uri xlink:href="https://www.daniel-zahra.com/publications">https://www.daniel-zahra.com/publications</uri>).</mixed-citation></ref><ref id="ref21"><label>21</label><mixed-citation publication-type="book" id="cite21"><string-name><surname>Jacobson</surname>
<given-names>NS</given-names></string-name>, <string-name><surname>Truax</surname>
<given-names>P</given-names></string-name>. <part-title>Clinical significance: a statistical approach to defining meaningful change in psychotherapy research</part-title>. In <source>Methodological Issues &#x00026; Strategies in Clinical Research</source> (ed <string-name><given-names>AE</given-names>
<surname>Kazdin</surname></string-name>): <fpage>631</fpage>&#x02013;48. <publisher-name>American Psychological Association</publisher-name>, <year>1992</year>. Available from: <pub-id pub-id-type="doi">10.1037/10109-042</pub-id>.</mixed-citation></ref><ref id="ref22"><label>22</label><mixed-citation publication-type="book" id="cite22"><collab>NHS England</collab>. <source>Using the Friends and Family Test to Improve Patient Experience (NHS England and NHS Improvement Guidance)</source>. <publisher-name>NHS England</publisher-name>, <year>2019</year>.</mixed-citation></ref><ref id="ref23"><label>23</label><mixed-citation publication-type="book" id="cite23"><string-name><surname>Yalom</surname>
<given-names>ID</given-names></string-name>. <source>The Theory and Practice of Group Psychotherapy</source> (<edition>4th edn</edition>). <publisher-name>Basic Books</publisher-name>, <year>1995</year>.</mixed-citation></ref><ref id="ref24"><label>24</label><mixed-citation publication-type="book" id="cite24"><collab>National Association of Link Workers</collab>. <source>Getting to Know the Link Worker Workforce: Understanding Link Workers Knowledge, Skills, Experiences and Support Needs</source>. <publisher-name>NALW</publisher-name>, <year>2019</year> (<uri xlink:href="https://www.nalw.org.uk/wp-content/uploads/2019/06/Released_NALW_link-worker-report_March-2019_updated.pdf">https://www.nalw.org.uk/wp-content/uploads/2019/06/Released_NALW_link-worker-report_March-2019_updated.pdf</uri>).</mixed-citation></ref><ref id="ref25"><label>25</label><mixed-citation publication-type="journal" id="cite25"><string-name><surname>Campbell</surname>
<given-names>M</given-names></string-name>, <string-name><surname>Fitzpatric</surname>
<given-names>R</given-names></string-name>, <string-name><surname>Hanes</surname>
<given-names>A</given-names></string-name>, <string-name><surname>Kinmonth</surname>
<given-names>AL</given-names></string-name>, <string-name><surname>Snadercock</surname>
<given-names>P</given-names></string-name>, <string-name><surname>Spiegelhalter</surname>
<given-names>D</given-names></string-name>, <etal/>
<article-title>Framework for design and evaluation of complex interventions to improve health</article-title>. <source>BMJ</source>
<year>2000</year>; <volume>321</volume>: <fpage>694</fpage>.<pub-id pub-id-type="pmid">10987780</pub-id></mixed-citation></ref><ref id="ref26"><label>26</label><mixed-citation publication-type="book" id="cite26"><string-name><surname>Eustice</surname>
<given-names>G</given-names></string-name>. <source>George Eustice Speech on Environmental Recovery: 20 July 2020</source>. <publisher-name>Department for Environment, Food &#x00026; Rural Affairs</publisher-name>, <year>2020</year> (<uri xlink:href="https://www.gov.uk/government/speeches/george-eustice-speech-on-environmental-recovery-20-july-2020">https://www.gov.uk/government/speeches/george-eustice-speech-on-environmental-recovery-20-july-2020</uri>).</mixed-citation></ref><ref id="ref27"><label>27</label><mixed-citation publication-type="journal" id="cite27"><string-name><surname>Mackay</surname>
<given-names>CL</given-names></string-name>, <string-name><surname>Schmitt</surname>
<given-names>MT</given-names></string-name>. <article-title>Do people who feel connected to nature do more to protect it? A meta analysis</article-title>. <source>J Env Psychol</source>
<year>2019</year>; <volume>65</volume>: <fpage>101323</fpage>.</mixed-citation></ref></ref-list></back></article>