<!DOCTYPE article PUBLIC "-//NLM//DTD JATS (Z39.96) Journal Archiving and Interchange DTD with MathML3 v1.3 20210610//EN" "JATS-archivearticle1-3-mathml3.dtd"> 
<article xmlns:mml="http://www.w3.org/1998/Math/MathML" xmlns:xlink="http://www.w3.org/1999/xlink" article-type="review-article" dtd-version="1.3"><?properties open_access?><?DTDIdentifier.IdentifierValue -//NLM//DTD JATS (Z39.96) Journal Publishing DTD v1.1 20151215//EN?><?DTDIdentifier.IdentifierType public?><?SourceDTD.DTDName JATS-journalpublishing1.dtd?><?SourceDTD.Version 1.1?><?ConverterInfo.XSLTName jats2jats3.xsl?><?ConverterInfo.Version 1?><processing-meta base-tagset="archiving" mathml-version="3.0" table-model="xhtml" tagset-family="jats"><restricted-by>pmc</restricted-by></processing-meta><front><journal-meta><journal-id journal-id-type="nlm-ta">BJPsych Bull</journal-id><journal-id journal-id-type="iso-abbrev">BJPsych Bull</journal-id><journal-id journal-id-type="publisher-id">BJB</journal-id><journal-title-group><journal-title>BJPsych Bulletin</journal-title></journal-title-group><issn pub-type="ppub">2056-4694</issn><issn pub-type="epub">2056-4708</issn><publisher><publisher-name>Cambridge University Press</publisher-name><publisher-loc>Cambridge, UK</publisher-loc></publisher></journal-meta><article-meta><article-id pub-id-type="pmcid">8499625</article-id><article-id pub-id-type="pmid">34006345</article-id><article-id pub-id-type="doi">10.1192/bjb.2021.18</article-id><article-id pub-id-type="pii">S2056469421000188</article-id><article-categories><subj-group subj-group-type="heading"><subject>Special Article</subject></subj-group></article-categories><title-group><article-title>The psychology of climate anxiety</article-title></title-group><contrib-group><contrib contrib-type="author"><contrib-id contrib-id-type="orcid" authenticated="false">https://orcid.org/0000-0002-1140-7856</contrib-id><name><surname>Dodds</surname><given-names>Joseph</given-names></name><xref ref-type="aff" rid="aff1">1</xref><xref ref-type="corresp" rid="cor1"/><xref ref-type="author-notes" rid="fns01">*</xref></contrib></contrib-group><aff id="aff1"><label>1</label>Psychology Faculty, <institution>University of New York in Prague</institution>, <country>Czech Republic</country></aff><author-notes><fn id="fns01" fn-type="other"><label>*</label><p>This article was originally published with a second, incorrect affiliation for Joseph Dodds. This has now been corrected and an erratum published at <uri xlink:href="https://doi.org/10.1192/bjb.2021.58">https://doi.org/10.1192/bjb.2021.58</uri></p></fn><corresp id="cor1">Correspondence to Dr Joseph Dodds (<email>jdodds@faculty.unyp.cz</email>)</corresp></author-notes><pub-date publication-format="print" date-type="pub" iso-8601-date="2021-08"><month>8</month><year>2021</year></pub-date><volume>45</volume><issue>4</issue><fpage>222</fpage><lpage>226</lpage><history><date date-type="received"><day>01</day><month>12</month><year>2020</year></date><date date-type="rev-recd"><day>26</day><month>1</month><year>2021</year></date><date date-type="accepted"><day>27</day><month>1</month><year>2021</year></date></history><permissions><copyright-statement>&#x000a9; The Author(s) 2021</copyright-statement><copyright-year>2021</copyright-year><copyright-holder>The Author(s)</copyright-holder><license><ali:license_ref xmlns:ali="http://www.niso.org/schemas/ali/1.0/" specific-use="textmining" content-type="ccbyncsalicense">https://creativecommons.org/licenses/by-nc-sa/4.0/</ali:license_ref><license-p>This is an Open Access article, distributed under the terms of the Creative Commons Attribution-NonCommercial-ShareAlike licence (<uri xlink:href="https://creativecommons.org/licenses/by-nc-sa/4.0/">http://creativecommons.org/licenses/by-nc-sa/4.0/</uri>), which permits non-commercial re-use, distribution, and reproduction in any medium, provided the same Creative Commons licence is included and the original work is properly cited. The written permission of Cambridge University Press must be obtained for commercial re-use.</license-p></license></permissions><self-uri xlink:title="pdf" xlink:href="S2056469421000188a.pdf"/><abstract abstract-type="normal"><p>This paper focuses on climate anxiety and its role in the psychology of climate change, compared with responses to the COVID-19 global pandemic. Four psychological hypotheses for why we do not act on climate change will be reviewed, and the role of anxiety for each, as well as potential solutions. Different types of climate anxiety both inside and outside the clinic will be explored, along with associated defence mechanisms and treatment.</p></abstract><kwd-group><title>Keywords</title><kwd>Climate anxiety</kwd><kwd>climate change</kwd><kwd>psychoanalysis</kwd><kwd>post-traumatic stress disorder</kwd><kwd>ecological trauma</kwd></kwd-group><counts><ref-count count="69"/><page-count count="5"/></counts></article-meta></front><body><sec sec-type="other" id="sec1"><title>Climate psychology and climate anxiety</title><p>The past decade has seen the important development of climate psychology.<sup><xref rid="ref1" ref-type="bibr">1</xref>&#x02013;<xref rid="ref7" ref-type="bibr">7</xref></sup> Ursano and colleagues<sup><xref rid="ref2" ref-type="bibr">2</xref></sup> describe climate change as one of the top threats to global health in the 21st century, and psychology has begun to respond. The American Psychological Association's 2010 report into climate change<sup><xref rid="ref1" ref-type="bibr">1</xref></sup> identified six key areas for psychology, including risk perception, psychological and behavioural causes of climate change, psychosocial impacts of climate change, adaptation and coping strategies, psychosocial barriers to action and the role of psychologists. At the same time, psychotherapists and clinical psychologists are coming to terms with ecological loss, anxiety and guilt in their patients, and also among themselves, as they come to grips with the faltering biosphere.<sup><xref rid="ref8" ref-type="bibr">8</xref>,<xref rid="ref9" ref-type="bibr">9</xref></sup></p><p>This article focuses on climate anxiety and its role in climate psychology, while recognising that anxiety interacts with a range of other emotions such as grief and rage. The American Psychological Association<sup><xref rid="ref10" ref-type="bibr">10</xref></sup> refers to ecoanxiety as &#x02018;a chronic fear of environmental doom&#x02019;, ranging from mild stress to clinical disorders like depression, anxiety, post-traumatic stress disorder and suicide,<sup><xref rid="ref11" ref-type="bibr">11</xref>&#x02013;<xref rid="ref13" ref-type="bibr">13</xref></sup> and maladaptive coping strategies such as intimate partner violence<sup><xref rid="ref14" ref-type="bibr">14</xref>,<xref rid="ref15" ref-type="bibr">15</xref></sup> and substance misuse.<sup><xref rid="ref16" ref-type="bibr">16</xref>&#x02013;<xref rid="ref20" ref-type="bibr">20</xref></sup> Cianconi et al<sup><xref rid="ref21" ref-type="bibr">21</xref></sup> found complex types of climate anxiety and trauma, including intergenerational effects, especially where environmental damage involves loss of a way of life or culture.</p><p>It is essential to differentiate between pathological and adaptive forms.<sup><xref rid="ref22" ref-type="bibr">22</xref></sup>
<italic>The Handbook of Climate Psychology</italic><sup><xref rid="ref4" ref-type="bibr">4</xref></sup> defines climate anxiety as a &#x02018;heightened emotional, mental or somatic distress in response to dangerous changes in the climate system&#x02019;, but suggests that &#x02018;paying heed to what is happening&#x02026;is a healthier response than turning away in denial or disavowal&#x02019;. Climate anxiety can lead to symptoms such as panic attacks, loss of appetite, irritability, weakness and sleeplessness,<sup><xref rid="ref1" ref-type="bibr">1</xref></sup> yet given the increasing evidence about the impact of climate change on health, psychological professionals might ask if their patients feel too much anxiety, or whether they themselves feel too little. Climate anxiety is being felt much more powerfully among the young,<sup><xref rid="ref23" ref-type="bibr">23</xref>,<xref rid="ref24" ref-type="bibr">24</xref></sup> by first responders to climate-related natural disasters<sup><xref rid="ref25" ref-type="bibr">25</xref>,<xref rid="ref26" ref-type="bibr">26</xref></sup> and climate scientists and activists, who are exposed to information about the threat more than most and therefore may need psychological support.</p><p>When considering the effects of climate anxiety, it is necessary to focus on at-risk populations, including children, the elderly, the chronically ill, those with mental illnesses and those with mobility impairments.<sup><xref rid="ref2" ref-type="bibr">2</xref></sup> Those from lower socioeconomic groups are disproportionately affected by climate change because of disparities in infrastructure and health resources. Severe weather events can also damage social support systems and mental health infrastructure, further isolating the most vulnerable.<sup><xref rid="ref27" ref-type="bibr">27</xref>&#x02013;<xref rid="ref29" ref-type="bibr">29</xref></sup> Clayon<sup><xref rid="ref30" ref-type="bibr">30</xref>,<xref rid="ref31" ref-type="bibr">31</xref></sup> reports that anxiety, fatalism, hopelessness and fear have been increasing globally, and offers a clinical approach to understanding, measuring and treating climate anxiety, while emphasising the distinction between adaptive and maladaptive types, and the need to keep the society-level response required to combat climate change in mind.</p><p>Given our need to effectively mobilise in response to climate change, the Climate Psychology Alliance<sup><xref rid="ref4" ref-type="bibr">4</xref></sup> suggests that psychologists and psychotherapists should not aim to get rid of climate anxiety, but instead &#x02018;support individuals and communities to build strong containers that allow the expression and exploration of their emotions without collapsing under it or turning away&#x02019;. Climate change is a psychological problem but that does not mean that it should be individualised or medicalised. As Lawton writes,<sup><xref rid="ref32" ref-type="bibr">32</xref></sup> if ecoanxiety is treated as pathology, &#x02018;the forces of denial will have won&#x02026;what we are witnessing isn't a tsunami of mental illness, but a long-overdue outbreak of sanity&#x02019;.</p></sec><sec sec-type="other" id="sec2"><title>Why do we not act? Four psychological hypotheses</title><p>Climate anxiety is heightened in those that are aware of and <italic>feel</italic> the existential threat of climate change, by the fact that most of us, most of the time, act as if it does not exist. The poverty of collective responses to climate change is in stark contrast to its threat. Why do we not act? This section explores four psychological hypotheses, the role of anxiety for each, and comparisons with psychosocial responses to COVID-19.<sup><xref rid="ref33" ref-type="bibr">33</xref></sup></p><sec id="sec2-1" sec-type="other"><title>Faulty alarm hypothesis: cognitive bias in our evolved risk detection system</title><p>This explanation suggests humans have evolved the ability to respond to certain types of threats optimally, especially those that are immediate, visible, fast (something happens so slowly that it slips our notice), with historical precedent, simple causality, clear and direct personal impacts or caused by an &#x02018;enemy&#x02019; tribe or group.<sup><xref rid="ref1" ref-type="bibr">1</xref>,<xref rid="ref34" ref-type="bibr">34</xref>,<xref rid="ref35" ref-type="bibr">35</xref></sup> From this perspective, the problem with climate change is that we do not feel enough anxiety as it slips our notice by missing all of the characteristics above. The answer is to help us feel the anxiety, to motivate us to act, turning up the volume on the threat and our response. The lack of effective risk perception leads to behaviours that worsen climate change.<sup><xref rid="ref36" ref-type="bibr">36</xref></sup> According to the 2018 American Psychological Association report, &#x02018;the perception of risk regarding climate change, belief in the ability to effect change, and the etiology attributed to extreme weather events are important factors impacting the decisions people make regarding climate change related behaviors&#x02019;.<sup><xref rid="ref2" ref-type="bibr">2</xref></sup></p><sec id="sec2-1-1" sec-type="other"><title>Comparison with COVID-19</title><p>Both climate change and COVID-19 are environmental crises where human behaviour and psychology are important factors, yet the latter happens much faster, with clearer links between behaviour and consequence, leading to much more dramatic responses. International efforts to respond to COVID-19 may have the unintended benefit of shaking people out of climate lethargy, by showing that the global mobilisation required to confront climate change is possible, and allowing the public to see (and feel) that invisible environmental dangers are very real.<sup><xref rid="ref33" ref-type="bibr">33</xref></sup> However, as with climate change, with the COVID-19 pandemic we also see huge levels of denial, anger and despair.</p></sec></sec><sec id="sec2-2" sec-type="other"><title>Social dilemma: bystander effect</title><p>Social dilemmas (or commons dilemmas) involve conflict between individual and collective self-interest.<sup><xref rid="ref37" ref-type="bibr">37</xref></sup> For example, it is in every fisherman's interest for other fishermen to adopt quotas on how much fish can be caught every year to ensure fish stocks recover, but simultaneously, each would like to take what they can. Climate change is the ultimate commons dilemma.<sup><xref rid="ref38" ref-type="bibr">38</xref></sup> How do we escape from this &#x02018;rational-disaster&#x02019; model of human extinction? Games theory<sup><xref rid="ref39" ref-type="bibr">39</xref></sup> studies such conflicts, most famously with the prisoners&#x02019; dilemma. Anxiety here refers to not only the &#x02018;costs&#x02019; of the game when played badly, but of predicting the behaviour of others. How can I trust that you will do the right thing? And how can I trust that you trust that I will do the right thing? Research in human and animal behaviour<sup><xref rid="ref40" ref-type="bibr">40</xref>,<xref rid="ref41" ref-type="bibr">41</xref></sup> shows cooperative strategies can flourish in a wide range of contexts. The key is to focus on the structure of the game, to allow cooperative behaviour to flourish.</p><sec id="sec2-2-1" sec-type="other"><title>Comparison with COVID-19</title><p>Responses to both involve social dilemmas. When reviewing how successful different countries were/are in tackling the viral pandemic, it seems that a crucial factor was not the wealth of the nation, but its social cohesion and a collectivist versus individualistic orientation.<sup><xref rid="ref42" ref-type="bibr">42</xref>&#x02013;<xref rid="ref44" ref-type="bibr">44</xref></sup> To the extent that the measures were clearly enunciated, seemed fair and received widespread social support, systems of trust were established and each could play their part in the collective effort. Climate change is another order of complexity beyond COVID-19, but important lessons can be learned.</p></sec></sec><sec id="sec2-3" sec-type="other"><title>Ecopsychology: the problem of disconnection from nature</title><p>Since the 1990s, ecopsychology has emerged as a particular response within psychology to environmental problems, emphasising a holistic approach,<sup><xref rid="ref45" ref-type="bibr">45</xref>&#x02013;<xref rid="ref48" ref-type="bibr">48</xref></sup> suggesting that our modern lives are so disconnected from nature that we do not care enough to want to protect it, and fail to realise that we are threatened by damage to the natural world. Ecopsychology views disconnection from nature as also central to the current mental health epidemic.<sup><xref rid="ref18" ref-type="bibr">18</xref>,<xref rid="ref49" ref-type="bibr">49</xref></sup> Reconnecting to nature is seen as a requirement for mental health that also provides the emotional link that will drive us to act (out of love, not just fear). Ecopsychologists emphasise that the anxiety, guilt, grief and anger we feel concerning collapsing ecosystems, our &#x02018;pain for the World&#x02019;, are appropriate and, although difficult, provides the starting point for action and a renewed relation to Earth.<sup><xref rid="ref50" ref-type="bibr">50</xref></sup></p><sec id="sec2-3-1" sec-type="other"><title>Comparison with COVID-19</title><p>COVID-19 forces us to recognise that the &#x02018;split&#x02019; between ourselves and nature is not real, and shows that our social systems are all too fragile in the face of environmental danger. On the other hand, ecopsychology tends to downplay that nature does at times try to kill us, and is not only a beneficial force that nurtures. For some, COVID-19 is a natural response of Earth to human degradation, as Gaia retaliates against a human civilisation getting too close to remaining wild spaces. In a sense, it has partially worked. COVID-19 has arguably done more than any climate treaty to reduce carbon emissions,<sup><xref rid="ref33" ref-type="bibr">33</xref></sup> perhaps buying us a little more time. Some hope this is a moment for &#x02018;waking up&#x02019;, to take stock and give us a chance to change our futures.</p></sec></sec><sec id="sec2-4" sec-type="other"><title>Psychoanalysis: climate denial and apathy as a defence against anxiety</title><p>The psychoanalytic model of environmental problems<sup><xref rid="ref5" ref-type="bibr">5</xref>&#x02013;<xref rid="ref7" ref-type="bibr">7</xref>,<xref rid="ref51" ref-type="bibr">51</xref>,<xref rid="ref52" ref-type="bibr">52</xref></sup> focuses on the complex way humans deal with anxiety (see also terror management theory<sup><xref rid="ref53" ref-type="bibr">53</xref></sup> ). In contrast to the faulty alarm hypothesis, the anxiety of climate change is seen as not too little, but too much, defended against through individual and socially structured defences.<sup><xref rid="ref9" ref-type="bibr">9</xref>,<xref rid="ref54" ref-type="bibr">54</xref></sup> Defence mechanisms are strategies the ego uses to defend against anxiety, conflict and threats to self-esteem. From this perspective, as with the Faulty Alarm hypothesis , we need to be able to feel the anxiety (and other feelings) produced by climate change. However, merely amplifying messages of fear and guilt can backfire, by strengthening and rigidifying defences. Climate anxiety is therefore, in part, a realistic but painful response to our situation, and difficult to hold onto, especially in a social context of generalised denial.</p><sec id="sec2-4-1" sec-type="other"><title>Comparison with COVID-19</title><p>The psychoanalytic perspective helps explain certain factors the faulty alarm theory cannot account for, in particular, why responses to climate change include a substantial amount of anger and hostility. Climate scientists have been the recipients of death threats and abuse, and negative reactions in the context of COVID-19 are even more pronounced.</p></sec></sec></sec><sec sec-type="other" id="sec3"><title>Types of climate anxiety and defence</title><p>Melanie Klein<sup><xref rid="ref55" ref-type="bibr">55</xref></sup> identified two groups of anxieties. Paranoid&#x02013;schizoid anxiety involves feelings of persecution and fears of annihilation and fragmentation, and is defended against by psychotic defences (denial of reality), projective identification and splitting. Depressive anxieties relate more to loss, guilt and fears of dependency, dealt with by neurotic defences. We can relate these to the findings of affective neuroscience,<sup><xref rid="ref56" ref-type="bibr">56</xref></sup> which differentiates the FEAR system (involving the amygdala, medial and anterior hypothalamus, and the periaqueductal gray), which generates anxiety in response to external threats; and the PANIC system (centred on the anterior cingulate gyrus, with connections to thalamic, hypothalamic and other nuclei, such as ventral tegmental areas), which generates anxiety in response to the loss of attachment figures.</p><p>The psychoanalytic model suggests that the threat of climate change leads to two types of climate anxiety: first, the &#x02018;apocalyptic&#x02019; fears (fears of death, annihilation and extinction); and second, complex feelings around loss, grief, dependency and guilt<sup><xref rid="ref52" ref-type="bibr">52</xref>,<xref rid="ref57" ref-type="bibr">57</xref></sup> for losses that have already occurred and those that are to come (&#x02018;pre-traumatic stress&#x02019;, &#x02018;anticipatory mourning&#x02019;, &#x02018;solastalgia&#x02019;<sup><xref rid="ref58" ref-type="bibr">58</xref>,<xref rid="ref59" ref-type="bibr">59</xref></sup> ). Responses to climate anxiety include proximal defences (pseudo-rational, threat-focused and more conscious), distal defences (functioning unconsciously and taking a symbolic form) and facing difficult feelings and generating adaptive responses.<sup><xref rid="ref60" ref-type="bibr">60</xref></sup> Anxiety, guilt and loss become more manageable as they become more shared,<sup><xref rid="ref61" ref-type="bibr">61</xref></sup> and can be reflected upon in a safe space where realistic possibilities for action open up. All major defence mechanisms<sup><xref rid="ref62" ref-type="bibr">62</xref></sup> are clearly visible in relation to climate change, focused on the two emotional threats: denying the reality of climate change (it does not exist, it is a conspiracy), or denying our losses, dependency or responsibility (nature might die but we will be fine; it is caused by other humans or natural causes, the Chinese or the sun, not me).</p><p>There are many shades of variation: not only outright denial, but minimising the threat (it will not be that bad, it will happen in the future, or to other species or countries), by finding scapegoats through projection; intellectualisation (taking courses on climate change without allowing emotional responses or behavioural change); idealising charismatic leaders that support denial, repressing and suppressing awareness; reaction formation (denying the reality or the impulse while simultaneously giving expression to its opposite, e.g. those who &#x02018;burn a tire for Earth day&#x02019; or participate in &#x02018;coal-rolling&#x02019;, becoming environmentally destructive to prove to themselves they either do not believe in climate change or do not care, as an attack against perceived group enemies, and a means of evacuating bad internal states); hopelessness (it is too late anyway); apocalypticism (the end of the world is exciting and allows for fantasies of the &#x02018;bad&#x02019; being punished for their behaviours, and we can start again and better<sup><xref rid="ref63" ref-type="bibr">63</xref></sup> ); or manic defence behaviours, such as seeking distraction through increasing addictive behaviours and consumption,<sup><xref rid="ref18" ref-type="bibr">18</xref>,<xref rid="ref19" ref-type="bibr">19</xref></sup> to avoid thinking about the problem. A certain amount of climate activism is also of a manic reparation type, which can quickly lead to disillusion and burnout if the movement's goals are not quickly met. These are just a few of the responses/defences that climate change evokes, with many reactions comparable with the COVID-19 pandemic.</p></sec><sec sec-type="other" id="sec4"><title>Working with climate anxiety</title><p>Adams<sup><xref rid="ref64" ref-type="bibr">64</xref></sup> asserts that treating climate anxiety needs to address the underlying dangers. and therefore requires meaningful collective responses, including &#x02018;acknowledging loss collectively and publicly&#x02019; as &#x02018;an important step in facing up to the reality of the Anthropocene and the impossibility of carrying on &#x0201c;as normal&#x0201d;&#x02019;. Randall<sup><xref rid="ref57" ref-type="bibr">57</xref>,<xref rid="ref59" ref-type="bibr">59</xref></sup> has emphasised the importance of experiencing and articulating difficult emotions, such as loss, grief and fear, in a shared context as a way of developing forms of mutual support. In addition to dealing with anxiety in their clinical practice, therapists can help support the development of social containers to express, contain and mobilise climate anxiety into positive social change.<sup><xref rid="ref4" ref-type="bibr">4</xref></sup> Ultimately, the results need to be measured in reduced carbon dioxide emissions rather than necessarily reduced expressions of fear.</p><p>By allowing feelings and thoughts we usually avoid to be brought into awareness, we can avoid more pathological unconscious acting-out. Bednarek<sup><xref rid="ref65" ref-type="bibr">65</xref></sup> agrees that climate anxiety should not be seen &#x02018;as a problem to be solved or a condition to be medicated&#x02019;, but rather &#x02018;an important encounter with our awareness of our impact on the world&#x02019;. All of us need to wake up to climate anxiety, including mental health professionals. Those who are most informed about the current danger, such as scientists, journalists, students or activists, often express the most intense fears &#x02013; an anxiety heightened by feeling isolated in a culture in denial.<sup><xref rid="ref66" ref-type="bibr">66</xref>,<xref rid="ref67" ref-type="bibr">67</xref></sup> Instead of pathologizing their anxiety, which only worsens mental health, we can ask &#x02018;what support do we collectively need in order not to freeze and anaesthetise ourselves against this context of so much loss?&#x02019;<sup><xref rid="ref65" ref-type="bibr">65</xref></sup></p><p>The answer lies not only from work in individual psychotherapy, but in developing strong social networks of supportive relationships, and a living relationship with the natural world.<sup><xref rid="ref68" ref-type="bibr">68</xref></sup> Community is crucial for collective resilience, as we are seeing in the COVID-19 pandemic. Nature itself can function as one of these containing spaces.<sup><xref rid="ref8" ref-type="bibr">8</xref>,<xref rid="ref46" ref-type="bibr">46</xref>,<xref rid="ref69" ref-type="bibr">69</xref></sup> To conclude, the symptoms of climate anxiety are not necessarily feelings to be got rid of, but lessons to be learned, although only if they can be felt in a safe way, through developing meaningful action and positive social, psychological and ecological change.</p></sec></body><back><notes id="nts1" notes-type="other"><title>About the author</title><p><bold>Joseph Dodds</bold> (PhD) is a psychoanalyst (IPA) in private practice with the Czech Psychoanalytical Society, a psychotherapist (UKCP), Chartered Psychologist (BPS) and psychology lecturer with the University of New York in Prague, and the Anglo-American University..</p></notes><sec id="nts2" sec-type="COI-statement"><title>Declaration of interest</title><p>None.</p></sec><ref-list id="reflist1"><title>References</title><ref id="ref1"><label>1</label><mixed-citation publication-type="book" id="cite1"><collab>American Psychological Association (APA)</collab>. <source>Psychology and Global Climate Change: Addressing a Multi-faceted Phenomenon and Set of Challenges</source>. <publisher-name>APA</publisher-name>, <year>2010</year>.</mixed-citation></ref><ref id="ref2"><label>2</label><mixed-citation publication-type="book" id="cite2"><string-name><surname>Ursano</surname>
<given-names>RJ</given-names></string-name>, <string-name><surname>Morganstein</surname>
<given-names>JC</given-names></string-name>, <string-name><surname>Cooper</surname>
<given-names>R</given-names></string-name>. <source>APA Resource Document Resource Document on Mental Health and Climate Change</source>. <publisher-name>American Psychiatric Association</publisher-name>, <year>2018</year> (<uri xlink:href="https://www.psychiatry.org/File%20Library/Psychiatrists/Directories/Library-and-Archive/resource_documents/2017-Resource-Document-Mental-Health-Climate-Change.pdf">https://www.psychiatry.org/File%20Library/Psychiatrists/Directories/Library-and-Archive/resource_documents/2017-Resource-Document-Mental-Health-Climate-Change.pdf</uri>).</mixed-citation></ref><ref id="ref3"><label>3</label><mixed-citation publication-type="book" id="cite3"><collab>British Psychological Society</collab>. <source>Psychology Has an Important Role in Combating Climate Change</source>. <publisher-name>British Psychological Society</publisher-name><collab>,</collab>
<year>2019</year> (<uri xlink:href="https://www.bps.org.uk/news-and-policy/psychology-has-important-role-combating-climate-change">https://www.bps.org.uk/news-and-policy/psychology-has-important-role-combating-climate-change</uri>).</mixed-citation></ref><ref id="ref4"><label>4</label><mixed-citation publication-type="book" id="cite4"><collab>Climate Psychology Alliance</collab>. <source>The Handbook of Climate Psychology</source>. <publisher-name>Climate Psychology Alliance</publisher-name><collab>,</collab>
<year>2020</year>.</mixed-citation></ref><ref id="ref5"><label>5</label><mixed-citation publication-type="book" id="cite5"><string-name><surname>Dodds</surname>
<given-names>J</given-names></string-name>. <source>Psychoanalysis and Ecology at the Edge of Chaos: Complexity Theory, Deleuze|Guattari and Psychoanalysis for a Climate in Crisis</source>. <publisher-name>Routledge</publisher-name>, <year>2011</year>.</mixed-citation></ref><ref id="ref6"><label>6</label><mixed-citation publication-type="book" id="cite6"><string-name><surname>Weintrobe</surname>
<given-names>S</given-names></string-name>. <source>Engaging with Climate Change: Psychoanalytic and Interdisciplinary Perspectives</source>. <publisher-name>Routledge</publisher-name>, <year>2012</year>.</mixed-citation></ref><ref id="ref7"><label>7</label><mixed-citation publication-type="book" id="cite7"><string-name><surname>Hoggett</surname>
<given-names>P</given-names></string-name>. <source>Climate Psychology: On Indifference to Disaster</source>. <publisher-name>Palgrave</publisher-name>, <year>2019</year>.</mixed-citation></ref><ref id="ref8"><label>8</label><mixed-citation publication-type="book" id="cite8"><string-name><surname>Rust</surname>
<given-names>M-J</given-names></string-name>. <source>Towards an Ecotherapy</source>. <publisher-name>Confer Books</publisher-name>, <year>2020</year>.</mixed-citation></ref><ref id="ref9"><label>9</label><mixed-citation publication-type="journal" id="cite9"><string-name><surname>Dodds</surname>
<given-names>J</given-names></string-name>. <article-title>Otto fenichel and ecopsychoanalysis in the Anthropocene</article-title>. <source>Psychoanalytic Perspectives</source>
<year>2019</year>; <volume>16</volume>(<issue>2</issue>): <fpage>195</fpage>&#x02013;<lpage>207</lpage>.</mixed-citation></ref><ref id="ref10"><label>10</label><mixed-citation publication-type="other" id="cite10"><collab>American Psychological Association (A)A</collab>. <source>Mental Health and our Changing Climate: Impacts, Implications and Guidance</source>. APA, <year>2017</year> (<uri xlink:href="https://www.apa.org/news/press/releases/2017/03/mental-health-climate.pdf">https://www.apa.org/news/press/releases/2017/03/mental-health-climate.pdf</uri>).</mixed-citation></ref><ref id="ref11"><label>11</label><mixed-citation publication-type="journal" id="cite11"><string-name><surname>North</surname>
<given-names>CS</given-names></string-name>, <string-name><surname>Kawasaki</surname>
<given-names>A</given-names></string-name>, <string-name><surname>Spitznagel</surname>
<given-names>EL</given-names></string-name>, <string-name><surname>Hong</surname>
<given-names>BA</given-names></string-name>. <article-title>The course of PTSD, major depression, substance abuse, and somatization after a natural disaster</article-title>. <source>J Nerv Ment Dis</source>
<year>2004</year>; <volume>293</volume>(<issue>12</issue>): <fpage>823</fpage>&#x02013;9.</mixed-citation></ref><ref id="ref12"><label>12</label><mixed-citation publication-type="journal" id="cite12"><string-name><surname>Kessler</surname>
<given-names>RC</given-names></string-name>, <string-name><surname>Galea</surname>
<given-names>S</given-names></string-name>, <string-name><surname>Gruber</surname>
<given-names>MJ</given-names></string-name>, <string-name><surname>Sampson</surname>
<given-names>NA</given-names></string-name>, <string-name><surname>Ursano</surname>
<given-names>RJ</given-names></string-name>, <string-name><surname>Wessely</surname>
<given-names>S</given-names></string-name>. <article-title>Trends in mental illness and suicidality after Hurricane Katrina</article-title>. <source>Mol Psychiatry</source>
<year>2008</year>; <volume>13</volume>: <fpage>374</fpage>&#x02013;84.<pub-id pub-id-type="pmid">18180768</pub-id></mixed-citation></ref><ref id="ref13"><label>13</label><mixed-citation publication-type="journal" id="cite13"><string-name><surname>Arnberg</surname>
<given-names>FK</given-names></string-name>, <string-name><surname>Bergh Johannesson</surname>
<given-names>K</given-names></string-name>, <string-name><surname>Michel</surname>
<given-names>P-O</given-names></string-name>. <article-title>Prevalence and duration of PTSD in survivors 6 years after a natural disaster</article-title>. <source>J Anxiety Disord</source>
<year>2013</year>; <volume>27</volume>(<issue>3</issue>): <fpage>347</fpage>&#x02013;52.<pub-id pub-id-type="pmid">23660149</pub-id></mixed-citation></ref><ref id="ref14"><label>14</label><mixed-citation publication-type="journal" id="cite14"><string-name><surname>Harville</surname>
<given-names>EW</given-names></string-name>, <string-name><surname>Taylor</surname>
<given-names>CA</given-names></string-name>, <string-name><surname>Tesfai</surname>
<given-names>H</given-names></string-name>, <string-name><surname>Xiong</surname>
<given-names>X</given-names></string-name>, <string-name><surname>Buekens</surname>
<given-names>P</given-names></string-name>. <article-title>Experience of Hurricane Katrina and reported intimate partner violence</article-title>. <source>J Interpers Violence</source>
<year>2011</year>; <volume>26</volume>: <fpage>833</fpage>&#x02013;45.<pub-id pub-id-type="pmid">20495099</pub-id></mixed-citation></ref><ref id="ref15"><label>15</label><mixed-citation publication-type="journal" id="cite15"><string-name><surname>Fisher</surname>
<given-names>S</given-names></string-name>. <article-title>Violence against women and natural disasters: findings from post-tsunami Sri Lanka</article-title>. <source>Violence Against Women</source>
<year>2010</year>; <volume>16</volume>(<issue>8</issue>): <fpage>902</fpage>&#x02013;18.<pub-id pub-id-type="pmid">20679186</pub-id></mixed-citation></ref><ref id="ref16"><label>16</label><mixed-citation publication-type="journal" id="cite16"><string-name><surname>Flory</surname>
<given-names>K</given-names></string-name>, <string-name><surname>Hankin</surname>
<given-names>BL</given-names></string-name>, <string-name><surname>Kloos</surname>
<given-names>B</given-names></string-name>, <string-name><surname>Cheely</surname>
<given-names>C</given-names></string-name>, <string-name><surname>Turecki</surname>
<given-names>G</given-names></string-name>. <article-title>Alcohol and cigarette use and misuse among Hurricane Katrina survivors: psychosocial risk and protective factors</article-title>. <source>Subst Use Misuse</source>
<year>2009</year>; <volume>44</volume>: <fpage>1711</fpage>&#x02013;24.<pub-id pub-id-type="pmid">19895302</pub-id></mixed-citation></ref><ref id="ref17"><label>17</label><mixed-citation publication-type="journal" id="cite17"><string-name><surname>Rohrbach</surname>
<given-names>LA</given-names></string-name>, <string-name><surname>Grana</surname>
<given-names>R</given-names></string-name>, <string-name><surname>Vernberg</surname>
<given-names>E</given-names></string-name>, <string-name><surname>Sussman</surname>
<given-names>S</given-names></string-name>, <string-name><surname>Sun</surname>
<given-names>P</given-names></string-name>. <article-title>Impact of Hurricane Rita on adolescent substance use</article-title>. <source>Psychiatry: Interpers Biol Processes</source>
<year>2009</year>; <volume>72</volume>: <fpage>222</fpage>&#x02013;37.</mixed-citation></ref><ref id="ref18"><label>18</label><mixed-citation publication-type="journal" id="cite18"><string-name><surname>Bodnar</surname>
<given-names>S</given-names></string-name>. <article-title>Wasted and bombed: clinical enactments of a changing relationship to the earth</article-title>. <source>Psychoanal Dial</source>
<year>2008</year>; <volume>18</volume>: <fpage>484</fpage>&#x02013;<lpage>512</lpage>.</mixed-citation></ref><ref id="ref19"><label>19</label><mixed-citation publication-type="journal" id="cite19"><string-name><surname>Bigda-Peyton</surname>
<given-names>F</given-names></string-name>. <article-title>When drives are dangerous: drive theory and resource over-consumption</article-title>. <source>Mod Psychoanal</source>
<year>2004</year>; <volume>29</volume>: <fpage>251</fpage>&#x02013;70.</mixed-citation></ref><ref id="ref20"><label>20</label><mixed-citation publication-type="journal" id="cite20"><string-name><surname>Fullerton</surname>
<given-names>CS</given-names></string-name>, <string-name><surname>McKibben</surname>
<given-names>JBA</given-names></string-name>, <string-name><surname>Reissman</surname>
<given-names>DB</given-names></string-name>, <string-name><surname>Scharf</surname>
<given-names>T</given-names></string-name>, <string-name><surname>Kowalski-Trakofler</surname>
<given-names>KM</given-names></string-name>, <string-name><surname>Shultz</surname>
<given-names>JM</given-names></string-name>, <etal/>
<article-title>Posttraumatic stress disorder, depression, and alcohol and tobacco use in public health workers after the 2004 Florida hurricanes</article-title>. <source>Disaster Med Public Health Prep</source>
<year>2013</year>; <volume>7</volume>(<issue>1</issue>): <fpage>89</fpage>&#x02013;<lpage>95</lpage>.<pub-id pub-id-type="pmid">24618140</pub-id></mixed-citation></ref><ref id="ref21"><label>21</label><mixed-citation publication-type="journal" id="cite21"><string-name><surname>Cianconi</surname>
<given-names>P</given-names></string-name>, <string-name><surname>Betr&#x000f2;</surname>
<given-names>S</given-names></string-name>, <string-name><surname>Janiri</surname>
<given-names>L</given-names></string-name>. <article-title>The impact of climate change on mental health: a systematic descriptive review</article-title>. <source>Front Psychiatry</source>
<year>2020</year>; <volume>11</volume>: 74.</mixed-citation></ref><ref id="ref22"><label>22</label><mixed-citation publication-type="journal" id="cite22"><string-name><surname>Panu</surname>
<given-names>P</given-names></string-name>. <article-title>Anxiety and the ecological crisis: an analysis of eco-anxiety and climate anxiety</article-title>. <source>Sustainability</source>
<year>2020</year>; <volume>12</volume>(<issue>19</issue>): <fpage>7836</fpage>.</mixed-citation></ref><ref id="ref23"><label>23</label><mixed-citation publication-type="book" id="cite23"><string-name><surname>Kelly</surname>
<given-names>A</given-names></string-name>. <source>Eco-anxiety at University: Student Experiences and Academic Perspectives on Cultivating Healthy Emotional Responses to the Climate Crisis</source>. University of Colorado at Boulder, <year>2017</year> (<uri xlink:href="https://digitalcollections.sit.edu/isp_collection/2642/">https://digitalcollections.sit.edu/isp_collection/2642/</uri>).</mixed-citation></ref><ref id="ref24"><label>24</label><mixed-citation publication-type="journal" id="cite24"><string-name><surname>Schneider-Mayerson</surname>
<given-names>M</given-names></string-name>, <string-name><surname>Leong</surname>
<given-names>KL</given-names></string-name>. <article-title>Eco-reproductive concerns in the age of climate change</article-title>. <source>Clim Change</source>
<year>2020</year>; 163: 1007&#x02013;23.</mixed-citation></ref><ref id="ref25"><label>25</label><mixed-citation publication-type="journal" id="cite25"><string-name><surname>Benedek</surname>
<given-names>DM</given-names></string-name>, <string-name><surname>Fullerton</surname>
<given-names>C</given-names></string-name>, <string-name><surname>Ursano</surname>
<given-names>RJ</given-names></string-name>. <article-title>First responders: mental health consequences of natural and human-made disasters for public health and public safety workers</article-title>. <source>Annu Rev Public Health</source>
<year>2007</year>; <volume>28</volume>: <fpage>55</fpage>&#x02013;<lpage>68</lpage>.<pub-id pub-id-type="pmid">17367284</pub-id></mixed-citation></ref><ref id="ref26"><label>26</label><mixed-citation publication-type="journal" id="cite26"><string-name><surname>Alexander</surname>
<given-names>DA</given-names></string-name>, <string-name><surname>Klein</surname>
<given-names>S</given-names></string-name>. <article-title>First responders after disasters: a review of stress reactions, at-risk, vulnerability, and resilience factors</article-title>. <source>Prehosp Disaster Med</source>
<year>2009</year>; <volume>24</volume>: <fpage>87</fpage>&#x02013;<lpage>94</lpage>.<pub-id pub-id-type="pmid">19591301</pub-id></mixed-citation></ref><ref id="ref27"><label>27</label><mixed-citation publication-type="journal" id="cite27"><string-name><surname>Galea</surname>
<given-names>S</given-names></string-name>, <string-name><surname>Tracy</surname>
<given-names>M</given-names></string-name>, <string-name><surname>Norris</surname>
<given-names>F</given-names></string-name>, <string-name><surname>Coffey</surname>
<given-names>SF</given-names></string-name>. <article-title>Financial and social circumstances and the incidence and course of PTSD in Mississippi during the first two years after Hurricane Katrina</article-title>. <source>J Trauma Stress</source>
<year>2008</year>; <volume>21</volume>(<issue>4</issue>): <fpage>357</fpage>&#x02013;68.<pub-id pub-id-type="pmid">18720399</pub-id></mixed-citation></ref><ref id="ref28"><label>28</label><mixed-citation publication-type="journal" id="cite28"><string-name><surname>Rhodes</surname>
<given-names>J</given-names></string-name>, <string-name><surname>Chan</surname>
<given-names>C</given-names></string-name>, <string-name><surname>Paxson</surname>
<given-names>C</given-names></string-name>, <string-name><surname>Rouse</surname>
<given-names>CE</given-names></string-name>, <string-name><surname>Waters</surname>
<given-names>M</given-names></string-name>, <string-name><surname>Fussell</surname>
<given-names>E</given-names></string-name>. <article-title>The impact of Hurricane Katrina on the mental and physical health of low-income parents in New Orleans</article-title>. <source>Am J Orthopsychiatry</source>
<year>2010</year>; <volume>80</volume>(<issue>2</issue>): <fpage>237</fpage>&#x02013;47.<pub-id pub-id-type="pmid">20553517</pub-id></mixed-citation></ref><ref id="ref29"><label>29</label><mixed-citation publication-type="journal" id="cite29"><string-name><surname>Chan</surname>
<given-names>CS</given-names></string-name>, <string-name><surname>Lowe</surname>
<given-names>SR</given-names></string-name>, <string-name><surname>Weber</surname>
<given-names>E</given-names></string-name>, <string-name><surname>Rhodes</surname>
<given-names>JE</given-names></string-name>. <article-title>The contribution of pre- and postdisaster social support to short- and long-term mental health after Hurricanes Katrina: a longitudinal study of low-income survivors</article-title>. <source>Soc Sci Med</source>
<year>2015</year>; <volume>138</volume>(C): <fpage>38</fpage>&#x02013;<lpage>43</lpage>.<pub-id pub-id-type="pmid">26046725</pub-id></mixed-citation></ref><ref id="ref30"><label>30</label><mixed-citation publication-type="journal" id="cite30"><string-name><surname>Clayton</surname>
<given-names>S</given-names></string-name>. <article-title>Climate anxiety: psychological responses to climate change</article-title>. <source>J Anxiety Disord</source>
<year>2020</year>; <volume>74</volume>: <fpage>102263</fpage>.<pub-id pub-id-type="pmid">32623280</pub-id></mixed-citation></ref><ref id="ref31"><label>31</label><mixed-citation publication-type="journal" id="cite31"><string-name><surname>Clayton</surname>
<given-names>S</given-names></string-name>, <string-name><surname>Karazsia</surname>
<given-names>BT</given-names></string-name>. <article-title>Development and validation of a measure of climate change anxiety</article-title>. <source>J Environ Psychol</source>
<year>2020</year>; 69: <fpage>101434</fpage>.</mixed-citation></ref><ref id="ref32"><label>32</label><mixed-citation publication-type="journal" id="cite32"><string-name><surname>Lawton</surname>
<given-names>G</given-names></string-name>. <source>If We Label Eco-Anxiety as an Illness, Climate Denialists Have Won</source>. New Scientist, <year>2019</year> (<uri xlink:href="https://www.newscientist.com/article/mg24432512-900-if-we-label-eco-anxiety-as-an-illness-climate-denialists-have-won/">https://www.newscientist.com/article/mg24432512-900-if-we-label-eco-anxiety-as-an-illness-climate-denialists-have-won/</uri>).</mixed-citation></ref><ref id="ref33"><label>33</label><mixed-citation publication-type="journal" id="cite33"><string-name><surname>Dodds</surname>
<given-names>J</given-names></string-name>. <source>Elemental Catastrophe: Ecopsychoanalysis and the Viral Uncanny of COVID-19</source>. Stillpoint Magazine, <year>2020</year> (<uri xlink:href="https://stillpointmag.org/articles/elemental-catastrophe-ecopsychoanalysis-and-the-viral-uncanny-of-covid-19/">https://stillpointmag.org/articles/elemental-catastrophe-ecopsychoanalysis-and-the-viral-uncanny-of-covid-19/</uri>).</mixed-citation></ref><ref id="ref34"><label>34</label><mixed-citation publication-type="book" id="cite34"><string-name><surname>Gilbert</surname>
<given-names>D</given-names></string-name>. <source>Global Warming and Psychology</source>. <publisher-name>Harvard Thinks Big</publisher-name>, <year>2010</year> (<uri xlink:href="https://vimeo.com/10324258">https://vimeo.com/10324258</uri>).</mixed-citation></ref><ref id="ref35"><label>35</label><mixed-citation publication-type="book" id="cite35"><string-name><surname>Marshall</surname>
<given-names>G</given-names></string-name>. <source>Don&#x02018;t Even Think About It: Why our Brains Are Wired to Ignore Climate Change</source>. <publisher-name>Bloomsbury</publisher-name>, <year>2014</year>.</mixed-citation></ref><ref id="ref36"><label>36</label><mixed-citation publication-type="journal" id="cite36"><string-name><surname>Koh</surname>
<given-names>H</given-names></string-name>. <article-title>Communicating the health effects of climate change</article-title>. <source>JAMA</source>
<year>2016</year>; 315: <fpage>239</fpage>&#x02013;40.<pub-id pub-id-type="pmid">26784753</pub-id></mixed-citation></ref><ref id="ref37"><label>37</label><mixed-citation publication-type="book" id="cite37"><string-name><surname>Foddy</surname>
<given-names>M</given-names></string-name>, <string-name><surname>Smithson</surname>
<given-names>M</given-names></string-name>, <string-name><surname>Schneider</surname>
<given-names>S</given-names></string-name>, <string-name><surname>Hogg</surname>
<given-names>M</given-names></string-name>. <source>Resolving Social Dilemmas</source>. <publisher-name>Psychology Press</publisher-name>, <year>1999</year>.</mixed-citation></ref><ref id="ref38"><label>38</label><mixed-citation publication-type="book" id="cite38"><string-name><surname>Rehmeyer</surname>
<given-names>J</given-names></string-name>. <source>Game Theory Suggests Current Climate Negotiations Won't Avert Catastrophe</source>. Science News, <year>2012</year> (<uri xlink:href="https://www.sciencenews.org/article/game-theory-suggests-current-climate-negotiations-wont-avert-catastrophe">https://www.sciencenews.org/article/game-theory-suggests-current-climate-negotiations-wont-avert-catastrophe</uri>).</mixed-citation></ref><ref id="ref39"><label>39</label><mixed-citation publication-type="book" id="cite39"><string-name><surname>Gintis</surname>
<given-names>H</given-names></string-name>. <source>Game Theory Evolving: A Problem-Centered Introduction to Modeling Strategic Behavior. Princeton University Press</source>, <year>2000</year>.</mixed-citation></ref><ref id="ref40"><label>40</label><mixed-citation publication-type="book" id="cite40"><string-name><surname>Dawkins</surname>
<given-names>R</given-names></string-name>. <source>The Selfish Gene</source>. <publisher-name>Oxford University Press</publisher-name>, <year>1976</year>.</mixed-citation></ref><ref id="ref41"><label>41</label><mixed-citation publication-type="book" id="cite41"><string-name><surname>Axelrod</surname>
<given-names>R</given-names></string-name>. <source>The Evolution of Cooperation</source>. <publisher-name>Basic Books</publisher-name>, <year>2006</year>.</mixed-citation></ref><ref id="ref42"><label>42</label><mixed-citation publication-type="other" id="cite42"><string-name><surname>Cammett</surname>
<given-names>M</given-names></string-name>, <string-name><surname>Lieberman</surname>
<given-names>E</given-names></string-name>. <italic>Building Solidarity: Challenges, Options, and Implications for COVID-19 Responses</italic>. Edmond J. Safra Center for Ethics, <year>2020</year> (<uri xlink:href="https://ethics.harvard.edu/files/center-for-ethics/files/safrawhitepaper4c.pdf">https://ethics.harvard.edu/files/center-for-ethics/files/safrawhitepaper4c.pdf</uri>).</mixed-citation></ref><ref id="ref43"><label>43</label><mixed-citation publication-type="journal" id="cite43"><string-name><surname>Taylor</surname>
<given-names>AL</given-names></string-name>, <string-name><surname>Habibi</surname>
<given-names>R</given-names></string-name>, <string-name><surname>Burci</surname>
<given-names>GL</given-names></string-name>, <string-name><surname>Dagron</surname>
<given-names>S</given-names></string-name>, <string-name><surname>Eccleston-Turner</surname>
<given-names>M</given-names></string-name>, <string-name><surname>Gostin</surname>
<given-names>LO</given-names></string-name>, <etal/>
<article-title>Solidarity in the wake of COVID-19: reimagining the International Health Regulations</article-title>. <source>Lancet</source>
<year>2020</year>; <volume>396</volume>(<issue>10244</issue>): <fpage>82</fpage>&#x02013;3.<pub-id pub-id-type="pmid">32569580</pub-id></mixed-citation></ref><ref id="ref44"><label>44</label><mixed-citation publication-type="journal" id="cite44"><string-name><surname>Saad</surname>
<given-names>G</given-names></string-name>. <article-title>How pathogens affect cultural values and religious edicts: exploring COVID-19 via the evolutionary lens</article-title>. <source>Psychology Today,</source>
<year>2020</year> (<uri xlink:href="https://www.psychologytoday.com/gb/blog/homo-consumericus/202003/how-pathogens-affect-cultural-values-and-religious-edicts">https://www.psychologytoday.com/gb/blog/homo-consumericus/202003/how-pathogens-affect-cultural-values-and-religious-edicts</uri>).</mixed-citation></ref><ref id="ref45"><label>45</label><mixed-citation publication-type="journal" id="cite45"><string-name><surname>Rust</surname>
<given-names>M-J</given-names></string-name>. <article-title>Climate on the couch: unconscious processes in relation to our environmental crisis</article-title>. <source>Psychother Polit Int</source>
<year>2008</year>; <volume>6</volume>(<issue>3</issue>): <fpage>157</fpage>&#x02013;70.</mixed-citation></ref><ref id="ref46"><label>46</label><mixed-citation publication-type="book" id="cite46"><string-name><surname>Buzzell</surname>
<given-names>L</given-names></string-name>, <string-name><surname>Chalquist</surname>
<given-names>C</given-names></string-name> (eds). <source>Ecotherapy: Healing with Nature in Mind</source>. <publisher-name>Sierra Club Books</publisher-name>, <year>2009</year>.</mixed-citation></ref><ref id="ref47"><label>47</label><mixed-citation publication-type="other" id="cite47"><string-name><surname>Frumkin</surname>
<given-names>H</given-names></string-name>, <string-name><surname>Louv</surname>
<given-names>R.</given-names></string-name>
<source>The Powerful Link between Conserving Land and Preserving Health</source>. Land Trust Alliance Annual Report, <year>2007</year> (<uri xlink:href="https://www.comalconservation.org/uploads/1/2/0/2/120201064/the_powerful_link_between_conserving_land_and_preserving_health_-_frumkin_and_louv.pdf">https://www.comalconservation.org/uploads/1/2/0/2/120201064/the_powerful_link_between_conserving_land_and_preserving_health_-_frumkin_and_louv.pdf</uri>).</mixed-citation></ref><ref id="ref48"><label>48</label><mixed-citation publication-type="book" id="cite48"><string-name><surname>Roszak</surname>
<given-names>T</given-names></string-name>, <string-name><surname>Gomes</surname>
<given-names>M</given-names></string-name>, <string-name><surname>Kanner</surname>
<given-names>A</given-names></string-name>. <source>Ecopsychology: Restoring the Earth, Healing the Mind</source>. <publisher-name>Sierra Club Books</publisher-name>, <year>1995</year>.</mixed-citation></ref><ref id="ref49"><label>49</label><mixed-citation publication-type="journal" id="cite49"><string-name><surname>Santostefano</surname>
<given-names>S</given-names></string-name>. <article-title>The sense of self inside and environments outside: how the two grow together and become one in healthy psychological development</article-title>. <source>Psychoanal Dial</source>
<year>2008</year>; <volume>18</volume>: <fpage>513</fpage>&#x02013;35.</mixed-citation></ref><ref id="ref50"><label>50</label><mixed-citation publication-type="journal" id="cite50"><string-name><surname>Jordan</surname>
<given-names>M</given-names></string-name>. <article-title>Nature and self &#x02013; an ambivalent attachment?</article-title>
<source>Ecopsychology</source>
<year>2009</year>; <volume>1</volume>(<issue>1</issue>): <fpage>26</fpage>&#x02013;<lpage>41</lpage>.</mixed-citation></ref><ref id="ref51"><label>51</label><mixed-citation publication-type="journal" id="cite51"><string-name><surname>Searles</surname>
<given-names>H</given-names></string-name>. <article-title>Unconscious processes in relation to the environmental crisis</article-title>. <source>Psychoanal Rev</source>
<year>1972</year>; <volume>59</volume>: <fpage>361</fpage>&#x02013;74.<pub-id pub-id-type="pmid">4636949</pub-id></mixed-citation></ref><ref id="ref52"><label>52</label><mixed-citation publication-type="book" id="cite52"><string-name><surname>Lertzman</surname>
<given-names>R</given-names></string-name>. <source>Environmental Melancholia: Psychoanalytic Dimensions of Engagement</source>. <publisher-name>Routledge</publisher-name>, <year>2015</year>.</mixed-citation></ref><ref id="ref53"><label>53</label><mixed-citation publication-type="journal" id="cite53"><string-name><surname>Pyszczynski</surname>
<given-names>T</given-names></string-name>, <string-name><surname>Solomon</surname>
<given-names>S</given-names></string-name>, <string-name><surname>Greenberg</surname>
<given-names>J</given-names></string-name>. <article-title>Thirty years of terror management theory: from genesis to revelation</article-title>. <source>Adv Exp Soc Psycol</source>
<year>2015</year>; <volume>52</volume>: <fpage>1</fpage>&#x02013;<lpage>70</lpage>.</mixed-citation></ref><ref id="ref54"><label>54</label><mixed-citation publication-type="book" id="cite54"><string-name><surname>Kaes</surname>
<given-names>R</given-names></string-name>. <source>Linking, Alliances, and Shared Space: Groups and the Psychoanalyst</source>. <publisher-name>IPA Publications</publisher-name>, <year>2007</year>.</mixed-citation></ref><ref id="ref55"><label>55</label><mixed-citation publication-type="book" id="cite55"><string-name><surname>Klein</surname>
<given-names>M</given-names></string-name>. <source>The Selected Melanie Klein</source> (ed J Mitchell). <publisher-name>Free Press</publisher-name>, <year>1987</year>.</mixed-citation></ref><ref id="ref56"><label>56</label><mixed-citation publication-type="book" id="cite56"><string-name><surname>Panksepp</surname>
<given-names>J</given-names></string-name>. <source>Affective Neuroscience: The Foundations of Human and Animal Emotions</source>. <publisher-name>Oxford University Press</publisher-name>, <year>2004</year>.</mixed-citation></ref><ref id="ref57"><label>57</label><mixed-citation publication-type="journal" id="cite57"><string-name><surname>Randall</surname>
<given-names>R</given-names></string-name>. <article-title>Loss and climate change: the cost of parallel narratives</article-title>. <source>Ecopsychology</source>
<year>2009</year>; <volume>1</volume>: <issue>3</issue>.</mixed-citation></ref><ref id="ref58"><label>58</label><mixed-citation publication-type="book" id="cite58"><string-name><surname>Freud</surname>
<given-names>S</given-names></string-name>. <part-title>On Transience: On the history of the psycho-analytic movement, papers on metapsychology and other works. (1914&#x02013;1916)</part-title>. In <source>The Standard Edition of the Complete Psychological Works of Sigmund Freud</source> (ed. <string-name><surname>Strachey</surname>
<given-names>J</given-names></string-name>): <fpage>303</fpage>&#x02013;<lpage>307</lpage>. <publisher-name>Hogarth Press and the Institute of Psycho-analysis</publisher-name>, <year>1957</year>.</mixed-citation></ref><ref id="ref59"><label>59</label><mixed-citation publication-type="book" id="cite59"><string-name><surname>Albrecht</surname>
<given-names>GA</given-names></string-name>. <part-title>Solastalgia and the new mourning</part-title>. In <source>Mourning Nature: Hope at the Heart of Ecological Loss and Grief</source> (eds <string-name><given-names>A</given-names>
<surname>Cunsolo</surname></string-name>, <string-name><given-names>K</given-names>
<surname>Landman</surname></string-name>): <fpage>292</fpage>&#x02013;<lpage>315</lpage>. <publisher-name>McGill-Queen's University Press</publisher-name>, <year>2017</year>.</mixed-citation></ref><ref id="ref60"><label>60</label><mixed-citation publication-type="other" id="cite60"><string-name><surname>Adams</surname>, <given-names>M</given-names></string-name>. <italic>Climate Change, Sustainability, and Psychosocial Defence Mechanism: Infographic</italic>. ResearchGate, <year>2018</year> (<uri xlink:href="https://www.researchgate.net/publication/322701007_Climate_change_sustainability_defence_mechanisms">https://www.researchgate.net/publication/322701007_Climate_change_sustainability_defence_mechanisms</uri>).</mixed-citation></ref><ref id="ref61"><label>61</label><mixed-citation publication-type="journal" id="cite61"><string-name><surname>Randall</surname>
<given-names>R</given-names></string-name>. <article-title>A new climate for psychotherapy?</article-title>
<source>Psychother Pol Int</source>
<year>2005</year>; <volume>3</volume>(<issue>3</issue>): <fpage>165</fpage>&#x02013;79.</mixed-citation></ref><ref id="ref62"><label>62</label><mixed-citation publication-type="book" id="cite62"><string-name><surname>Freud</surname>
<given-names>A</given-names></string-name>. <source>The Ego and the Mechanisms of Defence</source>. <publisher-name>Routledge</publisher-name>, <year>1992</year>.</mixed-citation></ref><ref id="ref63"><label>63</label><mixed-citation publication-type="journal" id="cite63"><string-name><surname>Hoggett</surname>
<given-names>P</given-names></string-name>. <article-title>Climate change and the apocalyptic imagination</article-title>. <source>Psychoanal Cult Soc</source>
<year>2011</year>; <volume>16</volume>: 261&#x02013;75.</mixed-citation></ref><ref id="ref64"><label>64</label><mixed-citation publication-type="book" id="cite64"><string-name><surname>Adams</surname>
<given-names>M</given-names></string-name>. <source>Coming Back Down to Earth: Exploring Distress, Loss and Grief in the Anthropocene</source>. <publisher-name>Mad in the UK</publisher-name>, <year>2020</year> (<uri xlink:href="https://www.madintheuk.com/2020/08/distress-loss-grief-in-the-anthropocene/">https://www.madintheuk.com/2020/08/distress-loss-grief-in-the-anthropocene/</uri>).</mixed-citation></ref><ref id="ref65"><label>65</label><mixed-citation publication-type="journal" id="cite65"><string-name><surname>Bednarek</surname>
<given-names>S</given-names></string-name>. <article-title>Is there a therapy for climate-change anxiety?</article-title>
<source>Ther Today</source>
<year>2019</year>; 30: <fpage>36</fpage>&#x02013;9.</mixed-citation></ref><ref id="ref66"><label>66</label><mixed-citation publication-type="journal" id="cite66"><string-name><surname>Schmidt</surname>
<given-names>A</given-names></string-name>, <string-name><surname>Ivanova</surname>
<given-names>A</given-names></string-name>, <string-name><surname>Sch&#x000e4;fer</surname>
<given-names>MS</given-names></string-name>. <article-title>Media attention for climate change around the world: a comparative analysis of newspaper coverage in 27 countries</article-title>. <source>Glob Environ Change</source>
<year>2013</year>; <volume>23</volume>: <fpage>1233</fpage>&#x02013;48.</mixed-citation></ref><ref id="ref67"><label>67</label><mixed-citation publication-type="journal" id="cite67"><string-name><surname>Smith</surname>
<given-names>N</given-names></string-name>, <string-name><surname>Joffe</surname>
<given-names>H</given-names></string-name>. <article-title>How the public engages with global warming: a social representations approach</article-title>. <source>Public Underst Sci</source>
<year>2013</year>; <volume>22</volume>: <fpage>16</fpage>&#x02013;<lpage>32</lpage>.<pub-id pub-id-type="pmid">23832882</pub-id></mixed-citation></ref><ref id="ref68"><label>68</label><mixed-citation publication-type="journal" id="cite68"><string-name><surname>Dodds</surname>
<given-names>J</given-names></string-name>. <article-title>Minding the ecological body: neuropsychoanalysis and ecopsychoanalysis</article-title>. <source>Front Psychol</source>
<year>2013</year>; 4: 125.</mixed-citation></ref><ref id="ref69"><label>69</label><mixed-citation publication-type="journal" id="cite69"><string-name><surname>Jordan</surname>
<given-names>M</given-names></string-name>, <string-name><surname>Marshall</surname>
<given-names>H</given-names></string-name>. <article-title>Taking counselling and psychotherapy outside: destruction or enrichment of the therapeutic frame?</article-title>
<source>Eur J Psychother Couns</source>
<year>2010</year>; <volume>12</volume>(<issue>4</issue>): <fpage>345</fpage>&#x02013;59.</mixed-citation></ref></ref-list></back></article>