<!DOCTYPE article PUBLIC "-//NLM//DTD JATS (Z39.96) Journal Archiving and Interchange DTD with MathML3 v1.3 20210610//EN" "JATS-archivearticle1-3-mathml3.dtd"> 
<article xmlns:mml="http://www.w3.org/1998/Math/MathML" xmlns:xlink="http://www.w3.org/1999/xlink" article-type="review-article" dtd-version="1.3"><?properties open_access?><?DTDIdentifier.IdentifierValue -//NLM//DTD JATS (Z39.96) Journal Publishing DTD v1.1 20151215//EN?><?DTDIdentifier.IdentifierType public?><?SourceDTD.DTDName JATS-journalpublishing1.dtd?><?SourceDTD.Version 1.1?><?ConverterInfo.XSLTName jats2jats3.xsl?><?ConverterInfo.Version 1?><processing-meta base-tagset="archiving" mathml-version="3.0" table-model="xhtml" tagset-family="jats"><restricted-by>pmc</restricted-by></processing-meta><front><journal-meta><journal-id journal-id-type="nlm-ta">BJPsych Bull</journal-id><journal-id journal-id-type="iso-abbrev">BJPsych Bull</journal-id><journal-id journal-id-type="publisher-id">BJB</journal-id><journal-title-group><journal-title>BJPsych Bulletin</journal-title></journal-title-group><issn pub-type="ppub">2056-4694</issn><issn pub-type="epub">2056-4708</issn><publisher><publisher-name>Cambridge University Press</publisher-name><publisher-loc>Cambridge, UK</publisher-loc></publisher></journal-meta><article-meta><article-id pub-id-type="pmcid">8499632</article-id><article-id pub-id-type="pmid">33825679</article-id><article-id pub-id-type="doi">10.1192/bjb.2021.7</article-id><article-id pub-id-type="pii">S2056469421000073</article-id><article-categories><subj-group subj-group-type="heading"><subject>Special Article</subject></subj-group></article-categories><title-group><article-title>Soaring seas, forest fires and deadly drought: climate change conspiracies and mental health</article-title></title-group><contrib-group><contrib contrib-type="author"><contrib-id contrib-id-type="orcid" authenticated="false">https://orcid.org/0000-0003-4894-1179</contrib-id><name><surname>Jack</surname><given-names>Alexander</given-names></name><xref ref-type="aff" rid="aff1"/><xref ref-type="corresp" rid="cor1"/></contrib><contrib contrib-type="author"><contrib-id contrib-id-type="orcid" authenticated="false">https://orcid.org/0000-0003-3550-1625</contrib-id><name><surname>Panchal</surname><given-names>Reena</given-names></name><xref ref-type="aff" rid="aff1"/></contrib></contrib-group><aff id="aff1"><institution>University of Wolverhampton</institution>, <country>UK</country></aff><author-notes><corresp id="cor1">Correspondence to Alexander Jack (<email>a.jack@wlv.ac.uk</email>)</corresp></author-notes><pub-date publication-format="print" date-type="pub" iso-8601-date="2021-08"><month>8</month><year>2021</year></pub-date><volume>45</volume><issue>4</issue><fpage>210</fpage><lpage>215</lpage><history><date date-type="received"><day>06</day><month>10</month><year>2020</year></date><date date-type="accepted"><day>08</day><month>12</month><year>2020</year></date></history><permissions><copyright-statement>&#x000a9; The Author(s) 2021</copyright-statement><copyright-year>2021</copyright-year><copyright-holder>The Author(s)</copyright-holder><license><ali:license_ref xmlns:ali="http://www.niso.org/schemas/ali/1.0/" specific-use="textmining" content-type="ccbylicense">https://creativecommons.org/licenses/by/4.0/</ali:license_ref><license-p>This is an Open Access article, distributed under the terms of the Creative Commons Attribution licence (<uri xlink:href="https://creativecommons.org/licenses/by/4.0/">http://creativecommons.org/licenses/by/4.0/</uri>), which permits unrestricted re-use, distribution, and reproduction in any medium, provided the original work is properly cited.</license-p></license></permissions><self-uri xlink:title="pdf" xlink:href="S2056469421000073a.pdf"/><abstract abstract-type="normal"><title>Summary</title><p>There is scientific consensus that anthropogenic climate change is real and that it provides an existential threat to humanity and the planet. In this article, we focus on climate change conspiracy theories and the impact of such beliefs on mental health. We discuss the psychiatric disorders that might be relevant to conspiracy belief endorsement and we present the underlying psychological mechanisms. We note that there is little to no literature to associate beliefs about climate change with serious mental health conditions. However, we anticipate that such beliefs may manifest pathologically in psychiatric presentations as climate change becomes increasingly at the forefront of the global agenda.</p></abstract><kwd-group><title>Keywords</title><kwd>Psychotic disorders</kwd><kwd>depressive disorders</kwd><kwd>personality disorders</kwd><kwd>phenomenology</kwd><kwd>schizophrenia</kwd></kwd-group><counts><ref-count count="67"/><page-count count="6"/></counts></article-meta></front><body><p>There is a consensus among climate scientists that anthropogenic climate change is real, harmful to the environment and a threat to our futures.<sup><xref rid="ref1" ref-type="bibr">1</xref></sup> Despite this, climate change denial and scepticism are prominent in social and political discourse, with support from influential public figures.<sup><xref rid="ref2" ref-type="bibr">2</xref></sup> Conspiracy theories are bedfellows of climate denialism and scepticism and have been defined as &#x02018;attempts to explain the ultimate causes of significant social and political events and circumstances with claims of secret plots by two or more powerful actors&#x02019;.<sup><xref rid="ref3" ref-type="bibr">3</xref></sup> Climate change conspiracy theories are popular, with endorsement between 20%<sup><xref rid="ref4" ref-type="bibr">4</xref></sup> and 40%<sup><xref rid="ref5" ref-type="bibr">5</xref></sup> in the USA. In other Western countries, denial is less prevalent, though still present.<sup><xref rid="ref6" ref-type="bibr">6</xref></sup></p><p>Douglas &#x00026; Sutton<sup><xref rid="ref2" ref-type="bibr">2</xref></sup> noted climate change conspiracy theories to follow four main themes: scientists are faking climate change (a) for political reasons or (b) to secure research funding, or climate change is a hoax to (c) enable the &#x02018;green agenda&#x02019; and (d) promote nuclear power. Notably, each theme implicates &#x02018;scientists&#x02019; in perverse and deceptive actions. It would appear that this is required to undermine the consensus position among experts.</p><sec sec-type="other" id="sec1"><title>Why do people believe climate change conspiracy theories?</title><p>Douglas et al<sup><xref rid="ref7" ref-type="bibr">7</xref></sup> suggested that epistemic, existential and social motivations underpin conspiracy beliefs. Epistemic motivations relate to the extent to which individuals or groups hold knowledge of phenomena that affect their lives. Conspiracy beliefs are strengthened when events are significant and/or wide-reaching<sup><xref rid="ref8" ref-type="bibr">8</xref></sup> and mainstream explanations are simplistic or lacking emotional charge.<sup><xref rid="ref9" ref-type="bibr">9</xref></sup> Conspiracy beliefs can provide a sense of understanding in the face of contradiction and uncertainty, and may offer closure when mainstream narratives do not provide satisfactory explanations.<sup><xref rid="ref10" ref-type="bibr">10</xref></sup> Existential motivations relate to the experience of anxiety, threat or a perception of powerlessness in the face of danger. In such instances, conspiracy theories may provide safety.<sup><xref rid="ref11" ref-type="bibr">11</xref>,<xref rid="ref12" ref-type="bibr">12</xref></sup> Finally, social motivations concern issues of power and hierarchy, with conspiracy theories more likely to emerge in those who have experienced oppression, victimisation or persecution.<sup><xref rid="ref13" ref-type="bibr">13</xref></sup> In such circumstances, groups can become insular and develop an &#x02018;us versus them&#x02019; narrative.<sup><xref rid="ref14" ref-type="bibr">14</xref></sup> Safety is achieved through a narcissistic defence, whereby power is transferred from perceived &#x02018;elites&#x02019; to the conspiracy belief holders.<sup><xref rid="ref15" ref-type="bibr">15</xref></sup> Of note, such groups are predominantly single and isolated ethnic-minority males with lower socioeconomic status and educational achievement.<sup><xref rid="ref16" ref-type="bibr">16</xref></sup></p><p>Holding one conspiracy belief increases the likelihood of believing another<sup><xref rid="ref17" ref-type="bibr">17</xref></sup> and individuals predisposed to general conspiracy thinking are more likely to deny climate change.<sup><xref rid="ref18" ref-type="bibr">18</xref></sup> An underlying tendency to prioritise counter-narrative explanations and to distrust institutions may be apparent. The notion of political socialisation is important (e.g.<sup><xref rid="ref13" ref-type="bibr">13</xref></sup>); climate change denial is part of the conservative rhetoric and conspiracy talk that is common among world leaders such as Trump<sup><xref rid="ref19" ref-type="bibr">19</xref></sup> and Bolsonaro.<sup><xref rid="ref20" ref-type="bibr">20</xref></sup> Political polarisation of climate attitudes has been well-evidenced in the USA<sup><xref rid="ref21" ref-type="bibr">21</xref></sup> and Europe,<sup><xref rid="ref6" ref-type="bibr">6</xref></sup> among other regions. Climate change conspiracy theories might suggest allegiance to a particular conservative world view and be phenomenologically different from more emotionally charged beliefs such as the QAnon and COVID-19 conspiracy theories.</p></sec><sec sec-type="other" id="sec2"><title>Conspiracy theories, overvalued beliefs and delusions: challenges with definitions</title><p>Psychiatrists work with symptoms and diagnoses that are based on criteria set out by manuals such as DSM-5 and ICD-10. When criteria are met, a diagnosis can be made and a treatment plan devised. When thinking about conspiracy theories, the psychiatric terms &#x02018;overvalued ideas&#x02019; and &#x02018;delusions&#x02019; are challenged. Psychiatry defines &#x02018;overvalued ideas&#x02019; as an erroneous response to an idea &#x02013;&#x02018;an acceptable, comprehensible idea pursued by the patient beyond the bounds of reason. It is usually associated with abnormal personality&#x02019;.<sup><xref rid="ref22" ref-type="bibr">22</xref></sup> The overvalued idea may be based on true evidence. The term was coined by Wernicke in 1906 and has further been explored by Jaspers and Fish, who made various suggestions of how to distinguish overvalued ideas from delusions.<sup><xref rid="ref23" ref-type="bibr">23</xref></sup> A delusion is defined as a &#x02018;false, unshakeable idea or belief that is out of keeping with the patient's background; it is held with extraordinary conviction and subjective certainty&#x02019;.<sup><xref rid="ref22" ref-type="bibr">22</xref></sup> Consequently, there can be a diagnostic dilemma as to which category climate change conspiracies &#x02013; or any conspiracy theory beliefs &#x02013; best align.</p></sec><sec sec-type="other" id="sec3"><title>The evidence supporting climate change conspiracy theories</title><p>Conspiracy theory beliefs are widespread (e.g.<sup><xref rid="ref24" ref-type="bibr">24</xref>,<xref rid="ref25" ref-type="bibr">25</xref>,<xref rid="ref26" ref-type="bibr">26</xref></sup>). The internet is rife with &#x02018;fake news&#x02019; and &#x02018;misinformation&#x02019;. Social media platforms, blogs and a whole range of other websites are dedicated to the mass propagation of &#x02018;evidence-base-less&#x02019; theories that directly refute scientific findings.<sup><xref rid="ref27" ref-type="bibr">27</xref>,<xref rid="ref28" ref-type="bibr">28</xref></sup> Bye Bye Blue Sky is one of many groups that promote and raise awareness of climate change conspiracy theories. For example, their mission statement describes &#x02018;chemtrails&#x02019; and a government conspiracy to control the weather as &#x02018;the toxic spraying of nano particulate metals which are further amplified by ionospheric heaters to steer, direct and control our weather for military purposes&#x000a0;&#x02026;&#x000a0;we seek to apply the wealth of our knowledge, passion and talents to end the illegal spraying of our planet&#x02019; (<ext-link ext-link-type="uri" xlink:href="https://byebyebluesky.com/">byebyebluesky.com/</ext-link>). Alarmingly, the internet content and group demonstrations can be very convincing. Furthermore, some theorists have mastered the ability to navigate through such forums and use them to their advantage to disseminate their views to a large population.<sup><xref rid="ref29" ref-type="bibr">29</xref></sup></p><p>An interesting quality of conspiracy theories is that the counter-evidence is shunned by theorists who claim that the refutation of their ideas by powerful figures is further evidence of truth suppression. This introduces an &#x02018;us versus them&#x02019; dynamic.<sup><xref rid="ref14" ref-type="bibr">14</xref></sup> It may also have a directly proportionate effect &#x02013; the stronger the evidence against the conspiracy theory, the more vehemently the counter-narrative is held.<sup><xref rid="ref30" ref-type="bibr">30</xref></sup> This is further reinforced by computer algorithms that provide a feed of confirmatory evidence and omit counter-narratives from view.<sup><xref rid="ref31" ref-type="bibr">31</xref></sup> Curiously, it is evident that the scientific community's message on climate change does not have the same footing or far-reaching sustenance as the competing conspiracy theories.</p><p>Referring back to the traditional definitions of overvalued ideas and delusions, it seems that conspiracy theories about climate change could be categorised as either or neither. A diagnostic challenge is introduced when groups or &#x02018;masses&#x02019; of believers share the same conspiracy theory and it almost has the constructs of a culture. Studies<sup><xref rid="ref4" ref-type="bibr">4</xref>,<xref rid="ref5" ref-type="bibr">5</xref></sup> have found the existence of large populations that believe conspiracy theories, supporting the idea that such beliefs extend beyond the individual. This directly causes conflict with the definition of delusions. It emphasises the need for clinicians to consider the presence of additional psychopathology and/or functional impairment in order to make a diagnosis in an individual who is preoccupied with conspiracy beliefs. It could be postulated that this may divide psychiatrists. Some may consider that this group hold pathological beliefs, whereas others may frame the beliefs as in keeping with a &#x02018;subculture&#x02019; and therefore not indicative of psychopathology.</p></sec><sec sec-type="other" id="sec4"><title>Climate change conspiracies and mental disorders</title><p>Although there is an abundance of literature on climate change conspiracy theories in terms of their nature and spread, there appears to be very little on how such theories have had a clinical effect on mental health. In this section, the link between climate change conspiracy theories and mental disorders is discussed.</p><sec id="sec4-1" sec-type="other"><title>Personality disorders</title><p>Individuals with certain personality disorder diagnoses are likely to be more susceptible to preferring narratives engineered by conspiracy beliefs due to the nature of the definition in diagnostic manuals such as ICD-10. In particular, the cluster A personality disorders have the fitting profile. The description of paranoid personality disorder specifically makes reference to a &#x02018;preoccupation with unsubstantiated conspiratorial explanations of events both immediate to the patient and in the world at large&#x02019;. Additional traits include recurrent suspicions without justification, general suspiciousness and a pervasive tendency to distort experience by misinterpreting neutral actions of others as hostile or malicious. Persons with a diagnosis of paranoid personality disorder may also have a rather rigid world view and an assertive sense of personal rights, which may not be proportionate to actual situations.<sup><xref rid="ref32" ref-type="bibr">32</xref></sup> It is apparent how this profile might cross over with characteristics identified in those who endorse conspiracy theories (e.g.<sup><xref rid="ref7" ref-type="bibr">7</xref></sup>).</p><p>The ideas characteristic of paranoid personality disorder are typically persecutory and self-referential. Individuals diagnosed with this disorder are likely to be socially withdrawn and perceive that they are unduly victimised.<sup><xref rid="ref33" ref-type="bibr">33</xref></sup> Imhoff &#x00026; Lamberty<sup><xref rid="ref34" ref-type="bibr">34</xref></sup> noted similar characteristics in relation to subclinical paranoia. However, instant access to widespread networks, facilitated by the internet, allows the formation of clusters of like-minded individuals who also hold similar persecutory, self-referential ideas. There is now a mechanism by which such individuals can indulge pathologically in misinformation to bolster their false beliefs together and &#x02018;connect&#x02019;. Therefore, in this scenario, self-referential ideas become a collective experience.<sup><xref rid="ref35" ref-type="bibr">35</xref></sup> This could further add opposition to the mainstream narrative and have an impact on individual presentation.</p><p>The criteria for schizoid personality disorder include traits such as an &#x02018;invariable preference for solitary activities&#x02019;, &#x02018;a lack of close friends or confiding relationships&#x02019;, &#x02018;poor acknowledgement of social norms and conventions&#x02019; and, importantly, &#x02018;excessive preoccupation with fantasy and introspection&#x02019;.<sup><xref rid="ref32" ref-type="bibr">32</xref></sup> A combination of such traits could underpin a tendency to believe conspiracy theories.</p><p>Schizotypy is also implicated in the conspiracy theory literature.<sup><xref rid="ref36" ref-type="bibr">36</xref></sup> Schizotypy is captured in DSM-5 as a personality disorder and categorised with schizophrenia in ICD-10. March &#x00026; Springer<sup><xref rid="ref37" ref-type="bibr">37</xref></sup> explored whether the &#x02018;odd beliefs&#x02019; and &#x02018;magical thinking&#x02019; seen in schizotypy predicted belief in conspiracy theories and found a significant association between the two. The authors commented that the results indicated that individuals with &#x02018;unusual patterns of thinking and cognitions&#x02019; and &#x02018;interpersonal and affective&#x02019; deficits were more likely to hold conspiracy beliefs. There are indications that particular personality traits are risk factors for psychosis in an attenuated form.<sup><xref rid="ref38" ref-type="bibr">38</xref>,<xref rid="ref39" ref-type="bibr">39</xref></sup></p></sec><sec id="sec4-2" sec-type="other"><title>Nihilistic and apocalyptic delusions in psychotic depression</title><p>Severe depressive disorders may have a psychotic component in which mood-congruent delusions are a feature. Nihilistic delusions, where the patient has abnormal conviction that they are dead, their organs are rotting or the world is dead around them, are not uncommon.<sup><xref rid="ref40" ref-type="bibr">40</xref></sup> There is a possibility that this belief could extend to an individual believing that they are personally responsible for climate change or &#x02013; in extreme cases &#x02013; the destruction of the world.</p><p>Another type of delusion referred to in the literature is &#x02018;apocalyptic delusions&#x02019; or &#x02018;end-of-the-world delusions&#x02019;. The content of such delusions is thought to be influenced by contemporary culture and societal changes. Early content of such delusions included fears of the plague, famine and asteroids hitting the earth.<sup><xref rid="ref41" ref-type="bibr">41</xref></sup> Although these persist, the content has evolved in the present day, as would be expected, and includes despair over climate change. &#x02018;Climate apocalypse&#x02019; and &#x02018;climate dystopia&#x02019;&#x005b0; are terms that encompass the idea that an apocalypse will occur as a result of climate change &#x02013; severe weather changes, forest fires and a depletion of natural resources will render the earth uninhabitable and therefore bring about the inevitable impossibility of the survival of human life.<sup><xref rid="ref42" ref-type="bibr">42</xref></sup></p><p>There is a single published case study to describe this phenomenon. Wolf &#x00026; Salo<sup><xref rid="ref43" ref-type="bibr">43</xref></sup> described a 17-year-old boy diagnosed with a depressive disorder, who developed a delusion that his consumption of water would lead to the deaths of millions of people, as water supplies would be depleted. This was associated with &#x02018;visions&#x02019; of an apocalypse.</p><p>Overall, there is a lack of recorded clinical cases of severe depression related to climate change or climate change conspiracy theories. However, with heightened attention on and uncertainty about climate change in modern society, there may be an increase in manifestations of this in depressive disorders through the modes suggested.</p></sec><sec id="sec4-3" sec-type="other"><title>Psychotic disorders</title><p>There are controversial terms such as &#x02018;mass delusion&#x02019;, &#x02018;climate alarmists&#x02019; and &#x02018;greenhouse sceptics&#x02019;, which refer to various groups of people who hold certain beliefs about climate change.<sup><xref rid="ref44" ref-type="bibr">44</xref></sup> There are conspiracy beliefs propagated by some &#x02018;climate deniers&#x02019; to state that climate change is a hoax.<sup><xref rid="ref45" ref-type="bibr">45</xref></sup> Counter-conspiracy beliefs also exist, which propose that the impact of climate change is understated, data are suppressed and governments are purposefully minimising the accelerating impact on the earth to fit with their political agendas.<sup><xref rid="ref2" ref-type="bibr">2</xref></sup> In terms of psychiatric diagnosis there is no evidence to suggest that such beliefs have a delusional quality. The terms &#x02018;mass delusion&#x02019; and &#x02018;climate deniers&#x02019; do not have clinical connotations. Nonetheless, there is likely to be a minority with associated risk factors for psychiatric disorders within the groups who are prone to holding these beliefs with absolute conviction despite contrary scientific evidence. Such delusions may be considered part of an evolving clinical picture of a delusional disorder, or a psychotic disorder such as schizophrenia. Considering the nature of these disorders, if climate change delusions were present, they would be expected to have a bizarre quality; and it would not be unusual for extreme conspiracy theories to be the themes.</p><p>There is a small literature base &#x02013; and accompanying anecdotal evidence &#x02013; concerning the interplay between sociocultural events and delusional content. For example, Cannon &#x00026; Kramer<sup><xref rid="ref46" ref-type="bibr">46</xref></sup> have noted that delusional content in the USA related to syphilis in the early 20th century, Nazis during Second World War, communists during the Cold War and technology in more recent years. The internet has become increasingly relevant to delusional content (e.g.<sup><xref rid="ref47" ref-type="bibr">47</xref>,<xref rid="ref48" ref-type="bibr">48</xref>,<xref rid="ref49" ref-type="bibr">49</xref></sup>). Curious case studies also exist. For example, Caseiro &#x00026; Queiros<sup><xref rid="ref50" ref-type="bibr">50</xref></sup> reported a case in which football was thematic, in the context of Portugal winning Euro 2016. Notably, psychosis is often triggered by real-world events and the nature of delusional content can reflect genuine concerns about the world, anxiety and existential threat.<sup><xref rid="ref51" ref-type="bibr">51</xref></sup></p><p>It is possible that concerns about climate change could exacerbate existing delusional beliefs, or extreme views could escalate above a delusional threshold. Consequently, such beliefs could become &#x02018;diagnosable&#x02019; and meet criteria for a psychotic disorder.</p></sec></sec><sec sec-type="other" id="sec5"><title>A psychological adjunct</title><p>There is an association between the cognitive and affective processes that underpin conspiracy beliefs and those evidenced in delusional thinking. For example, the jumping-to-conclusions bias has been observed in psychotic-like thinking.<sup><xref rid="ref52" ref-type="bibr">52</xref></sup> This bias is associated with the overly rapid appraisal of stimuli to form a conclusion and has recently been evidenced in a sample of conspiracy theory believers.<sup><xref rid="ref53" ref-type="bibr">53</xref></sup> Poorer analytical thinking is also implicated,<sup><xref rid="ref54" ref-type="bibr">54</xref></sup> and cognitive distortions noted in depression could also be relevant.<sup><xref rid="ref35" ref-type="bibr">35</xref></sup> Similarly, historical victimisation and a schematic view of the world as dangerous are risk factors for psychosis<sup><xref rid="ref55" ref-type="bibr">55</xref></sup> and can provide a framework through which anomalous information is perceived. Individuals with schizotypal and paranoid personality disorder diagnoses are also likely to have experienced danger in their early lives<sup><xref rid="ref56" ref-type="bibr">56</xref>,<xref rid="ref57" ref-type="bibr">57</xref></sup> and such threatening experiences are also precipitants to conspiracy beliefs.<sup><xref rid="ref11" ref-type="bibr">11</xref>,<xref rid="ref13" ref-type="bibr">13</xref></sup> Distortions in human information processing are commonplace, adaptive and dimensional, with evidence to suggest that some individuals perceive &#x02018;true&#x02019; information, whereas others omit, deny or delude as their environmental niche requires.<sup><xref rid="ref58" ref-type="bibr">58</xref></sup> Events that elicit threat responses are particularly relevant. Additionally, the demographic profiles of those who endorse conspiracies<sup><xref rid="ref16" ref-type="bibr">16</xref></sup> are similar to those found within psychosis cohorts.<sup><xref rid="ref59" ref-type="bibr">59</xref></sup></p><p>Many theorists and clinicians support the concept of dimensional psychosis with phenomenological continuity.<sup><xref rid="ref60" ref-type="bibr">60</xref>,<xref rid="ref61" ref-type="bibr">61</xref></sup> Subclinical delusional thinking has been associated with conspiracy beliefs,<sup><xref rid="ref62" ref-type="bibr">62</xref></sup> as has paranoia.<sup><xref rid="ref34" ref-type="bibr">34</xref>,<xref rid="ref63" ref-type="bibr">63</xref></sup> Conspiracy theorists may not be delusional or paranoid. However, it is plausible that they exhibit similar genetic, psychological and/or social characteristics to those who are vulnerable to psychosis. The proneness&#x02013;persistence&#x02013;impairment model<sup><xref rid="ref61" ref-type="bibr">61</xref></sup> and extended psychosis phenotype<sup><xref rid="ref64" ref-type="bibr">64</xref></sup> are helpful frameworks for exploring the relationship. For many, a belief in climate change conspiracies could simply concern loyalty to conservative values.<sup><xref rid="ref13" ref-type="bibr">13</xref></sup> However, some may have an underlying predisposition to psychosis, with a tendency towards conspiracy thinking. Potential migration towards clinical thresholds could occur in response to greater perceived threat from significant events and exposure to, and preoccupation with, conspiracies. Individuals with diagnoses of paranoid or schizotypal personality disorder may fall into this position. The notion of the extended phenotype could explain why individuals who hold one conspiracy belief are more prone to believing others (e.g.<sup><xref rid="ref17" ref-type="bibr">17</xref></sup>); this has also been called &#x02018;conspiracist ideation&#x02019;.<sup><xref rid="ref65" ref-type="bibr">65</xref>,<xref rid="ref66" ref-type="bibr">66</xref></sup></p></sec><sec sec-type="other" id="sec6"><title>Forecast</title><p>There is evidence to suggest that historical events have informed delusional content<sup><xref rid="ref46" ref-type="bibr">46</xref>,<xref rid="ref49" ref-type="bibr">49</xref></sup> and there are some indications that the COVID-19 pandemic has had a recent effect.<sup><xref rid="ref67" ref-type="bibr">67</xref></sup> Delusions can be triggered by real-world events and the content can reflect genuine concerns about the world, anxiety and existential threat.<sup><xref rid="ref51" ref-type="bibr">51</xref></sup> Notably, the conditions in respect to the above phenomena were opportune for the development of conspiracy theories. That is, these events generated real threat to individuals and communities (e.g.<sup><xref rid="ref7" ref-type="bibr">7</xref></sup>).</p><p>It can be hypothesised that the global reluctance/opposition to impactful climate policy change is actually protective with regard to the pervasive development of conspiracy belief psychopathology. That is, conspiracy theories emerge when a way of life is threatened. At present, climate policy has not had a tangible impact on freedoms, rights or lifestyle. Nonetheless, we forecast that this will likely change in the coming decades (e.g. as governments fall in line with the Paris Agreement). To our knowledge, there is only a single case study<sup><xref rid="ref43" ref-type="bibr">43</xref></sup> to describe the interplay between climate change conspiracy beliefs and severe psychopathology. It is hypothesised that climate change has not yet become a common feature of delusional beliefs.</p><p>For those who have a predisposition to psychopathology, such changes may trigger migration towards clinical disorder. It is possible that climate change and associated conspiracy beliefs may affect mental health in the following ways: (a) dramatic societal changes (e.g. energy conservation policies, restrictions on existing freedoms) might precipitate an increase in climate change conspiracy theories, and individuals predisposed to conspiracy thinking (including those with underlying paranoid, schizoid and schizotypal traits) might migrate to delusion; (b) the increasing presence of climate change discourse in public conversations could lead to such content appearing in the content of pre-existing delusional belief systems; and (c) concerns and guilt about climate change could lead to presentations of depressive psychosis with nihilistic and/or climate-related apocalyptic delusions.</p></sec><sec sec-type="other" id="sec7"><title>Concluding remarks</title><p>As climate change becomes more present in public consciousness, conspiracy theories are likely to become increasingly prominent and to manifest in the presentation of several mental disorders. This article has hypothesised that there may be a potential commonality between pervasive conspiracy thinking and mental disorders, particularly psychosis and certain personality disorders. However, it is proposed that clinicians approach individuals who hold conspiracy beliefs with diagnostic caution, given that conspiracy beliefs are widely held within the general population. Careful assessment is needed to identify those who are psychologically vulnerable to developing mental health complications due to exposure to conspiracy beliefs.</p><p>Further research is recommended to investigate whether a proportion of climate change conspiracy theory advocates do have underlying psychological risk factors for the development of concerning psychopathology; and also how such theories have featured in mental disorders, particularly as symptoms of psychosis or personality disorder.</p></sec></body><back><ack><title>Acknowledgements</title><p>A.J. thanks Dr Stephanie Wilson for her thoughts and advice on versions of this paper. R.P. thanks James Baker for his comments on several drafts of the manuscript.</p></ack><notes id="nts1" notes-type="other"><title>About the authors</title><p><bold>Alexander Jack</bold> is a senior forensic psychologist in the Department of Psychology, Reaside Clinic, Birmingham and Solihull Mental Health Foundation Trust, Birmingham, UK. <bold>Reena Panchal</bold> is a Year 5 Specialty Trainee (ST5) in forensic psychiatry in the Department of Psychiatry, Reaside Clinic, Birmingham and Solihull Mental Health Foundation Trust, Birmingham, UK.</p></notes><notes id="nts2" notes-type="other"><title>Author contributions</title><p>Both authors contributed equally to the conceptualisation and writing of this paper.</p></notes><notes id="nts3" notes-type="other"><title>Funding</title><p>This project received no specific grant from any funding agency, commercial or not-for-profit sectors.</p></notes><sec id="nts4" sec-type="COI-statement"><title>Declaration of interest</title><p>None.</p></sec><ref-list id="reflist1"><title>References</title><ref id="ref1"><label>1</label><mixed-citation publication-type="journal" id="cite1"><string-name><surname>Cook</surname>
<given-names>J</given-names></string-name>, <string-name><surname>Oreskes</surname>
<given-names>N</given-names></string-name>, <string-name><surname>Doran</surname>
<given-names>PT</given-names></string-name>, <string-name><surname>Anderegg</surname>
<given-names>WR</given-names></string-name>, <string-name><surname>Verheggen</surname>
<given-names>B</given-names></string-name>, <string-name><surname>Maibach</surname>
<given-names>EW</given-names></string-name>, <etal/>
<article-title>Consensus on consensus: a synthesis of consensus estimates on human-caused global warming</article-title>. <source>Environ Res Lett</source>
<year>2016</year>; <volume>11</volume>(<issue>4</issue>): <fpage>048002</fpage>.</mixed-citation></ref><ref id="ref2"><label>2</label><mixed-citation publication-type="journal" id="cite2"><string-name><surname>Douglas</surname>
<given-names>KM</given-names></string-name>, <string-name><surname>Sutton</surname>
<given-names>RM</given-names></string-name>. <article-title>Climate change: why the conspiracy theories are dangerous</article-title>. <source>Bull At Sci</source>
<year>2015</year>; <volume>71</volume>: <fpage>98</fpage>&#x02013;<lpage>106</lpage>.</mixed-citation></ref><ref id="ref3"><label>3</label><mixed-citation publication-type="journal" id="cite3"><string-name><surname>Douglas</surname>
<given-names>KM</given-names></string-name>, <string-name><surname>Uscinski</surname>
<given-names>JE</given-names></string-name>, <string-name><surname>Sutton</surname>
<given-names>RM</given-names></string-name>, <string-name><surname>Cichocka</surname>
<given-names>A</given-names></string-name>, <string-name><surname>Nefes</surname>
<given-names>T</given-names></string-name>, <string-name><surname>Ang</surname>
<given-names>CS</given-names></string-name>, <etal/>
<article-title>Understanding conspiracy theories</article-title>. <source>Pol Psychol</source>
<year>2019</year>; <volume>40</volume>: <fpage>3</fpage>&#x02013;<lpage>5</lpage>.</mixed-citation></ref><ref id="ref4"><label>4</label><mixed-citation publication-type="journal" id="cite4"><string-name><surname>Lewandowsky</surname>
<given-names>S</given-names></string-name>, <string-name><surname>Oberauer</surname>
<given-names>K</given-names></string-name>, <string-name><surname>Gignac</surname>
<given-names>GE</given-names></string-name>. <article-title>NASA faked the moon landing &#x02013; therefore (climate) science is a hoax: an anatomy of the motivated rejection of science</article-title>. <source>Psychol Sci</source>
<year>2013</year>; <volume>24</volume>: <fpage>622</fpage>&#x02013;33.<pub-id pub-id-type="pmid">23531484</pub-id></mixed-citation></ref><ref id="ref5"><label>5</label><mixed-citation publication-type="book" id="cite5"><string-name><surname>Cassino</surname>
<given-names>D</given-names></string-name>. <source>Fairleigh Dickinson University's PublicMind Poll Finds Trump Supporters More Conspiracy-Minded than Other Republicans</source>. <publisher-name>Fairleigh Dickinson University</publisher-name>, <year>2016</year>.</mixed-citation></ref><ref id="ref6"><label>6</label><mixed-citation publication-type="journal" id="cite6"><string-name><surname>McCright</surname>
<given-names>AM</given-names></string-name>, <string-name><surname>Dunlap</surname>
<given-names>RE</given-names></string-name>, <string-name><surname>Marquart-Pyatt</surname>
<given-names>ST</given-names></string-name>. <article-title>Political ideology and views about climate change in the European Union</article-title>. <source>Env Polit</source>
<year>2016</year>; <volume>25</volume>: <fpage>338</fpage>&#x02013;58.</mixed-citation></ref><ref id="ref7"><label>7</label><mixed-citation publication-type="journal" id="cite7"><string-name><surname>Douglas</surname>
<given-names>KM</given-names></string-name>, <string-name><surname>Sutton</surname>
<given-names>RM</given-names></string-name>, <string-name><surname>Cichocka</surname>
<given-names>A</given-names></string-name>. <article-title>The psychology of conspiracy theories</article-title>. <source>Curr Dir Psychol Sci</source>
<year>2017</year>; <volume>26</volume>: <fpage>538</fpage>&#x02013;42.<pub-id pub-id-type="pmid">29276345</pub-id></mixed-citation></ref><ref id="ref8"><label>8</label><mixed-citation publication-type="journal" id="cite8"><string-name><surname>Van Prooijen</surname>
<given-names>JW</given-names></string-name>, <string-name><surname>Jostmann</surname>
<given-names>NB</given-names></string-name>. <article-title>Belief in conspiracy theories: the influence of uncertainty and perceived morality</article-title>. <source>Eur J Soc Psychol</source>
<year>2013</year>; <volume>43</volume>: <fpage>109</fpage>&#x02013;15.</mixed-citation></ref><ref id="ref9"><label>9</label><mixed-citation publication-type="journal" id="cite9"><string-name><surname>Leman</surname>
<given-names>PJ</given-names></string-name>, <string-name><surname>Cinnirella</surname>
<given-names>M</given-names></string-name>. <article-title>Beliefs in conspiracy theories and the need for cognitive closure</article-title>. <source>Front Psychol</source>
<year>2013</year>; <volume>4</volume>: <fpage>378</fpage>.<pub-id pub-id-type="pmid">23818885</pub-id></mixed-citation></ref><ref id="ref10"><label>10</label><mixed-citation publication-type="journal" id="cite10"><string-name><surname>Marchlewska</surname>
<given-names>M</given-names></string-name>, <string-name><surname>Cichocka</surname>
<given-names>A</given-names></string-name>, <string-name><surname>Kossowska</surname>
<given-names>M</given-names></string-name>. <article-title>Addicted to answers: need for cognitive closure and the endorsement of conspiracy beliefs</article-title>. <source>Eur J Soc Psychol</source>
<year>2018</year>; <volume>48</volume>: <fpage>109</fpage>&#x02013;17.</mixed-citation></ref><ref id="ref11"><label>11</label><mixed-citation publication-type="journal" id="cite11"><string-name><surname>Abalakina-Paap</surname>
<given-names>M</given-names></string-name>, <string-name><surname>Stephan</surname>
<given-names>WG</given-names></string-name>, <string-name><surname>Craig</surname>
<given-names>T</given-names></string-name>, <string-name><surname>Gregory</surname>
<given-names>WL</given-names></string-name>. <article-title>Beliefs in conspiracies</article-title>. <source>Pol Psychol</source>
<year>1999</year>; <volume>20</volume>: <fpage>637</fpage>&#x02013;47.</mixed-citation></ref><ref id="ref12"><label>12</label><mixed-citation publication-type="journal" id="cite12"><string-name><surname>Newheiser</surname>
<given-names>AK</given-names></string-name>, <string-name><surname>Farias</surname>
<given-names>M</given-names></string-name>, <string-name><surname>Tausch</surname>
<given-names>N</given-names></string-name>. <article-title>The functional nature of conspiracy beliefs: examining the underpinnings of belief in the Da Vinci Code conspiracy</article-title>. <source>Pers Individ Dif</source>
<year>2011</year>; <volume>51</volume>: <fpage>1007</fpage>&#x02013;11.</mixed-citation></ref><ref id="ref13"><label>13</label><mixed-citation publication-type="book" id="cite13"><string-name><surname>Uscinski</surname>
<given-names>JE</given-names></string-name>, <string-name><surname>Parent</surname>
<given-names>JM</given-names></string-name>. <source>American Conspiracy Theories</source>. <publisher-name>Oxford University Press</publisher-name>, <year>2014</year>.</mixed-citation></ref><ref id="ref14"><label>14</label><mixed-citation publication-type="journal" id="cite14"><string-name><surname>Wood</surname>
<given-names>MJ</given-names></string-name>, <string-name><surname>Douglas</surname>
<given-names>KM</given-names></string-name>, <string-name><surname>Sutton</surname>
<given-names>RM</given-names></string-name>. <article-title>Dead and alive: beliefs in contradictory conspiracy theories</article-title>. <source>Soc Psychol Pers Sci</source>
<year>2012</year>; <volume>3</volume>: <fpage>767</fpage>&#x02013;73.</mixed-citation></ref><ref id="ref15"><label>15</label><mixed-citation publication-type="journal" id="cite15"><string-name><surname>Cichocka</surname>
<given-names>A</given-names></string-name>, <string-name><surname>Marchlewska</surname>
<given-names>M</given-names></string-name>, <string-name><surname>De Zavala</surname>
<given-names>AG</given-names></string-name>. <article-title>Does self-love or self-hate predict conspiracy beliefs? Narcissism, self-esteem and the endorsement of conspiracy theories</article-title>. <source>Soc Psychol Pers Sci</source>
<year>2016</year>; <volume>7</volume>: <fpage>157</fpage>&#x02013;66.</mixed-citation></ref><ref id="ref16"><label>16</label><mixed-citation publication-type="journal" id="cite16"><string-name><surname>Freeman</surname>
<given-names>D</given-names></string-name>, <string-name><surname>Bentall</surname>
<given-names>RP</given-names></string-name>. <article-title>The concomitants of conspiracy concerns</article-title>. <source>Soc Psychiatry Psychiatr Epidemiol</source>
<year>2017</year>; <volume>52</volume>: <fpage>595</fpage>&#x02013;<lpage>604</lpage>.<pub-id pub-id-type="pmid">28352955</pub-id></mixed-citation></ref><ref id="ref17"><label>17</label><mixed-citation publication-type="journal" id="cite17"><string-name><surname>Goertzel</surname>
<given-names>T</given-names></string-name>. <article-title>Belief in conspiracy theories</article-title>. <source>Pol Psychol</source>
<year>1994</year>; <volume>15</volume>: <fpage>731</fpage>&#x02013;42.</mixed-citation></ref><ref id="ref18"><label>18</label><mixed-citation publication-type="journal" id="cite18"><string-name><surname>Lewandowsky</surname>
<given-names>S</given-names></string-name>, <string-name><surname>Oreskes</surname>
<given-names>N</given-names></string-name>, <string-name><surname>Risbey</surname>
<given-names>JS</given-names></string-name>, <string-name><surname>Newell</surname>
<given-names>BR</given-names></string-name>, <string-name><surname>Smithson</surname>
<given-names>M</given-names></string-name>. <article-title>Seepage: climate change denial and its effect on the scientific community</article-title>. <source>Glob Environ Change</source>
<year>2015</year>; <volume>33</volume>: <fpage>1</fpage>&#x02013;<lpage>3</lpage>.</mixed-citation></ref><ref id="ref19"><label>19</label><mixed-citation publication-type="journal" id="cite19"><string-name><surname>De Pryck</surname>
<given-names>K</given-names></string-name>, <string-name><surname>Gemenne</surname>
<given-names>F</given-names></string-name>. <article-title>The denier-in-chief: climate change, science and the election of Donald J. Trump</article-title>. <source>Law Crit</source>
<year>2017</year>; <volume>28</volume>: <fpage>119</fpage>&#x02013;26.</mixed-citation></ref><ref id="ref20"><label>20</label><mixed-citation publication-type="journal" id="cite20"><string-name><surname>Escobar</surname>
<given-names>H</given-names></string-name>. <article-title>Bolsonaro's first moves have Brazilian scientists worried</article-title>. <source>Science</source>
<year>2019</year>; <volume>363</volume>: <fpage>330</fpage>.<pub-id pub-id-type="pmid">30679351</pub-id></mixed-citation></ref><ref id="ref21"><label>21</label><mixed-citation publication-type="book" id="cite21"><string-name><surname>Dunlap</surname>
<given-names>RE</given-names></string-name>, <string-name><surname>McCright</surname>
<given-names>AM</given-names></string-name>. <part-title>Organized climate change denial</part-title>. In <source>The Oxford Handbook of Climate Change and Society</source> (eds <string-name><given-names>JS</given-names>
<surname>Dryzek</surname></string-name>, <string-name><given-names>RB</given-names>
<surname>Norgaard</surname></string-name>, <string-name><given-names>D</given-names>
<surname>Schlosberg</surname></string-name>): <fpage>144</fpage>&#x02013;60. <publisher-name>Oxford University Press</publisher-name>, <year>2011</year>.</mixed-citation></ref><ref id="ref22"><label>22</label><mixed-citation publication-type="book" id="cite22"><string-name><surname>Oyebode</surname>
<given-names>F</given-names></string-name>. <source>Sims&#x02019; Symptoms in the Mind: An Introduction to Descriptive Psychopathology</source>. <publisher-name>Elsevier Health Sciences</publisher-name>, <year>2008</year>.</mixed-citation></ref><ref id="ref23"><label>23</label><mixed-citation publication-type="journal" id="cite23"><string-name><surname>Kiran</surname>
<given-names>C</given-names></string-name>, <string-name><surname>Chaudhury</surname>
<given-names>S</given-names></string-name>. <article-title>Understanding delusions</article-title>. <source>Ind Psychiatry J</source>
<year>2009</year>; <volume>18</volume>: <fpage>3</fpage>&#x02013;<lpage>18</lpage>.<pub-id pub-id-type="pmid">21234155</pub-id></mixed-citation></ref><ref id="ref24"><label>24</label><mixed-citation publication-type="book" id="cite24"><string-name><surname>Drochon</surname>
<given-names>H</given-names></string-name>. <part-title>Who believes in conspiracy theories in Great Britain and Europe</part-title>. In <source>Conspiracy Theories and the People Who Believe Them</source> (ed <string-name><given-names>JE</given-names>
<surname>Uscinski</surname></string-name>): <fpage>337</fpage>&#x02013;46. <publisher-name>Oxford University Press</publisher-name>, <year>2018</year>.</mixed-citation></ref><ref id="ref25"><label>25</label><mixed-citation publication-type="book" id="cite25"><string-name><surname>Enders</surname>
<given-names>AM</given-names></string-name>, <string-name><surname>Smallpage</surname>
<given-names>SM</given-names></string-name>. <part-title>Polls, plots and party politics: Conspiracy theories in contemporary America</part-title>. In <source>Conspiracy Theories and the People Who Believe Them</source> (ed <string-name><given-names>JE</given-names>
<surname>Uscinski</surname></string-name>): <fpage>298</fpage>&#x02013;<lpage>318</lpage>. <publisher-name>Oxford University Press</publisher-name>, <year>2018</year>.</mixed-citation></ref><ref id="ref26"><label>26</label><mixed-citation publication-type="journal" id="cite26"><string-name><surname>Freeman</surname>
<given-names>D</given-names></string-name>, <string-name><surname>Waite</surname>
<given-names>F</given-names></string-name>, <string-name><surname>Rosebrock</surname>
<given-names>L</given-names></string-name>, <string-name><surname>Petit</surname>
<given-names>A</given-names></string-name>, <string-name><surname>Causier</surname>
<given-names>C</given-names></string-name>, <string-name><surname>East</surname>
<given-names>A</given-names></string-name>, <etal/>
<article-title>Coronavirus conspiracy beliefs, mistrust and compliance with government guidelines in England</article-title>. <source>Psychol Med</source> [Epub ahead of print] 21 May <year>2020</year>. Available from: <pub-id pub-id-type="doi">10.1017/S0033291720001890</pub-id>.</mixed-citation></ref><ref id="ref27"><label>27</label><mixed-citation publication-type="journal" id="cite27"><string-name><surname>Shao</surname>
<given-names>C</given-names></string-name>, <string-name><surname>Ciampaglia</surname>
<given-names>GL</given-names></string-name>, <string-name><surname>Varol</surname>
<given-names>O</given-names></string-name>, <string-name><surname>Yang</surname>
<given-names>KC</given-names></string-name>, <string-name><surname>Flammini</surname>
<given-names>A</given-names></string-name>, <string-name><surname>Menczer</surname>
<given-names>F</given-names></string-name>. <article-title>The spread of low-credibility content by social bots</article-title>. <source>Nat Commun</source>
<year>2018</year>; <volume>9</volume>(<issue>1</issue>): <fpage>4787</fpage>.<pub-id pub-id-type="pmid">30459415</pub-id></mixed-citation></ref><ref id="ref28"><label>28</label><mixed-citation publication-type="journal" id="cite28"><string-name><surname>Treen</surname>
<given-names>KM</given-names></string-name>, <string-name><surname>Williams</surname>
<given-names>HT</given-names></string-name>, <string-name><surname>O'Neill</surname>
<given-names>SJ</given-names></string-name>. <article-title>Online misinformation about climate change</article-title>. <source>Wiley Interdiscipl Rev Clim Change</source>
<year>2020</year>; <volume>11</volume>(<issue>5</issue>): <fpage>e665</fpage>.</mixed-citation></ref><ref id="ref29"><label>29</label><mixed-citation publication-type="journal" id="cite29"><string-name><surname>Van den Bulck</surname>
<given-names>H</given-names></string-name>, <string-name><surname>Hyzen</surname>
<given-names>A</given-names></string-name>. <article-title>Of lizards and ideological entrepreneurs: Alex Jones and Infowars in the relationship between populist nationalism and the post-global media ecology</article-title>. <source>Int Commun Gaz</source>
<year>2020</year>; <volume>82</volume>: <fpage>42</fpage>&#x02013;<lpage>59</lpage>.</mixed-citation></ref><ref id="ref30"><label>30</label><mixed-citation publication-type="book" id="cite30"><string-name><surname>Uscinski</surname>
<given-names>JE</given-names></string-name>, <string-name><surname>Douglas</surname>
<given-names>K</given-names></string-name>, <string-name><surname>Lewandowsky</surname>
<given-names>S</given-names></string-name>. <part-title>Climate change conspiracy theories</part-title>. In <source>Oxford Research Encyclopedia of Climate Science</source> (eds <string-name><given-names>H</given-names>
<surname>von Storch</surname></string-name>, <string-name><given-names>I</given-names>
<surname>Auer</surname></string-name>, <string-name><given-names>H</given-names>
<surname>Brooks</surname></string-name>, <string-name><given-names>M</given-names>
<surname>Claussen</surname></string-name>, <string-name><given-names>H</given-names>
<surname>Dolman</surname></string-name>, <string-name><given-names>R</given-names>
<surname>Grundmann</surname></string-name>, <etal/>): 26 Sep. <publisher-name>Oxford University Press</publisher-name>, <year>2017</year>.</mixed-citation></ref><ref id="ref31"><label>31</label><mixed-citation publication-type="other" id="cite31"><string-name><surname>Faddoul</surname>
<given-names>M</given-names></string-name>, <string-name><surname>Chaslot</surname>
<given-names>G</given-names></string-name>, <string-name><surname>Farid</surname>
<given-names>H</given-names></string-name>. A longitudinal analysis of YouTube's promotion of conspiracy videos. <italic>arXiv:2003.03318</italic>. Cornell University, <year>2020</year>.</mixed-citation></ref><ref id="ref32"><label>32</label><mixed-citation publication-type="book" id="cite32"><collab>World Health Organization</collab>. <source>The ICD-10 Classification of Mental and Behavioural Disorders: Diagnostic Criteria for Research</source>. <publisher-name>World Health Organization</publisher-name>, <year>1993</year>.</mixed-citation></ref><ref id="ref33"><label>33</label><mixed-citation publication-type="book" id="cite33"><string-name><surname>Carroll</surname>
<given-names>A</given-names></string-name>. <part-title>Are you looking at me? Understanding and managing paranoid personality disorder</part-title>. In <source>Clinical Topics in Personality Disorder</source> (eds <string-name><given-names>J</given-names>
<surname>Sarkar</surname></string-name>, <string-name><given-names>G</given-names>
<surname>Adshead</surname></string-name>): <fpage>53</fpage>&#x02013;<lpage>69</lpage>. <publisher-name>RCPsych Publications</publisher-name>, <year>2012</year>.</mixed-citation></ref><ref id="ref34"><label>34</label><mixed-citation publication-type="journal" id="cite34"><string-name><surname>Imhoff</surname>
<given-names>R</given-names></string-name>, <string-name><surname>Lamberty</surname>
<given-names>P</given-names></string-name>. <article-title>How paranoid are conspiracy believers? Toward a more fine-grained understanding of the connect and disconnect between paranoia and belief in conspiracy theories</article-title>. <source>Eur J Soc Psychol</source>
<year>2018</year>; <volume>48</volume>: <fpage>909</fpage>&#x02013;26.</mixed-citation></ref><ref id="ref35"><label>35</label><mixed-citation publication-type="journal" id="cite35"><string-name><surname>Pierre</surname>
<given-names>JM</given-names></string-name>. <article-title>Integrating non-psychiatric models of delusion-like beliefs into forensic psychiatric assessment</article-title>. <source>J Am Acad Psychiatry Law</source>
<year>2019</year>; <volume>47</volume>: <fpage>171</fpage>&#x02013;9.<pub-id pub-id-type="pmid">30988022</pub-id></mixed-citation></ref><ref id="ref36"><label>36</label><mixed-citation publication-type="journal" id="cite36"><string-name><surname>Darwin</surname>
<given-names>H</given-names></string-name>, <string-name><surname>Neave</surname>
<given-names>N</given-names></string-name>, <string-name><surname>Holmes</surname>
<given-names>J</given-names></string-name>. <article-title>Belief in conspiracy theories. The role of paranormal belief, paranoid ideation and schizotypy</article-title>. <source>Pers Individ Dif</source>
<year>2011</year>; <volume>50</volume>(<issue>8</issue>): <fpage>1289</fpage>&#x02013;93.</mixed-citation></ref><ref id="ref37"><label>37</label><mixed-citation publication-type="journal" id="cite37"><string-name><surname>March</surname>
<given-names>E</given-names></string-name>, <string-name><surname>Springer</surname>
<given-names>J</given-names></string-name>. <article-title>Belief in conspiracy theories: the predictive role of schizotypy, Machiavellianism and primary psychopathy</article-title>. <source>PLoS One</source>
<year>2019</year>; <volume>14</volume>(<issue>12</issue>): <fpage>e0225964</fpage>.<pub-id pub-id-type="pmid">31794581</pub-id></mixed-citation></ref><ref id="ref38"><label>38</label><mixed-citation publication-type="journal" id="cite38"><string-name><surname>Nelson</surname>
<given-names>MT</given-names></string-name>, <string-name><surname>Seal</surname>
<given-names>ML</given-names></string-name>, <string-name><surname>Pantelis</surname>
<given-names>C</given-names></string-name>, <string-name><surname>Phillips</surname>
<given-names>LJ</given-names></string-name>. <article-title>Evidence of a dimensional relationship between schizotypy and schizophrenia: a systematic review</article-title>. <source>Neurosci Biobehav Rev</source>
<year>2013</year>; <volume>37</volume>(<issue>3</issue>): <fpage>317</fpage>&#x02013;27.<pub-id pub-id-type="pmid">23313650</pub-id></mixed-citation></ref><ref id="ref39"><label>39</label><mixed-citation publication-type="journal" id="cite39"><string-name><surname>Ohi</surname>
<given-names>K</given-names></string-name>, <string-name><surname>Hashimoto</surname>
<given-names>R</given-names></string-name>, <string-name><surname>Yasuda</surname>
<given-names>Y</given-names></string-name>, <string-name><surname>Fukumoto</surname>
<given-names>M</given-names></string-name>, <string-name><surname>Yamamori</surname>
<given-names>H</given-names></string-name>, <string-name><surname>Iwase</surname>
<given-names>M</given-names></string-name>, <etal/>
<article-title>Personality traits and schizophrenia: evidence from a case&#x02013;control study and meta-analysis</article-title>. <source>Psychiatry Res</source>
<year>2012</year>; <volume>198</volume>: <fpage>7</fpage>&#x02013;<lpage>11</lpage>.<pub-id pub-id-type="pmid">22397918</pub-id></mixed-citation></ref><ref id="ref40"><label>40</label><mixed-citation publication-type="journal" id="cite40"><string-name><surname>Radovic</surname>
<given-names>F</given-names></string-name>. <article-title>The sense of death and non-existence in nihilistic delusions</article-title>. <source>Phenomenol Cogn Sci</source>
<year>2017</year>; <volume>16</volume>: <fpage>679</fpage>&#x02013;99.</mixed-citation></ref><ref id="ref41"><label>41</label><mixed-citation publication-type="journal" id="cite41"><string-name><surname>Rudalevi&#x0010d;ien&#x00117;</surname>
<given-names>P</given-names></string-name>, <string-name><surname>Narbekovas</surname>
<given-names>A</given-names></string-name>, <string-name><surname>Bunevi&#x0010d;ius</surname>
<given-names>R</given-names></string-name>, <string-name><surname>Stompe</surname>
<given-names>T</given-names></string-name>. <article-title>Influence of culture on the world end (apocalyptic) delusions</article-title>. <source>World Cult Psychiatry Res Rev</source>
<year>2008</year>; <volume>3</volume>: <fpage>96</fpage>&#x02013;<lpage>105</lpage>.</mixed-citation></ref><ref id="ref42"><label>42</label><mixed-citation publication-type="journal" id="cite42"><string-name><surname>Hjerpe</surname>
<given-names>M</given-names></string-name>, <string-name><surname>Linn&#x000e9;r</surname>
<given-names>BO</given-names></string-name>. <article-title>Utopian and dystopian thought in climate change science and policy</article-title>. <source>Futures</source>
<year>2009</year>; <volume>41</volume>: <fpage>234</fpage>&#x02013;45.</mixed-citation></ref><ref id="ref43"><label>43</label><mixed-citation publication-type="journal" id="cite43"><string-name><surname>Wolf</surname>
<given-names>J</given-names></string-name>, <string-name><surname>Salo</surname>
<given-names>R</given-names></string-name>. <article-title>Water, water, everywhere, nor any drop to drink: climate change delusion</article-title>. <source>Aust N Z J Psychiatry</source>
<year>2008</year>; <volume>42</volume>: <fpage>350</fpage>.<pub-id pub-id-type="pmid">18330779</pub-id></mixed-citation></ref><ref id="ref44"><label>44</label><mixed-citation publication-type="journal" id="cite44"><string-name><surname>Jaspal</surname>
<given-names>R</given-names></string-name>, <string-name><surname>Nerlich</surname>
<given-names>B</given-names></string-name>, <string-name><surname>Van Vuuren</surname>
<given-names>K</given-names></string-name>. <article-title>Embracing and resisting climate identities in the Australian press: sceptics, scientists and politics</article-title>. <source>Public Underst Sci</source>
<year>2016</year>; <volume>25</volume>: <fpage>807</fpage>&#x02013;24.<pub-id pub-id-type="pmid">25957297</pub-id></mixed-citation></ref><ref id="ref45"><label>45</label><mixed-citation publication-type="book" id="cite45"><string-name><surname>Washington</surname>
<given-names>H</given-names></string-name>, <string-name><surname>Cook</surname>
<given-names>J</given-names></string-name>. <source>Climate Change Denial: Heads in the Sand</source>. <publisher-name>Earthscan</publisher-name>, <year>2011</year>.</mixed-citation></ref><ref id="ref46"><label>46</label><mixed-citation publication-type="journal" id="cite46"><string-name><surname>Cannon</surname>
<given-names>BJ</given-names></string-name>, <string-name><surname>Kramer</surname>
<given-names>LM</given-names></string-name>. <article-title>Delusion content across the 20th century in an American psychiatric hospital</article-title>. <source>Int J Soc Psychiatry</source>
<year>2012</year>; <volume>58</volume>: <fpage>323</fpage>&#x02013;7.<pub-id pub-id-type="pmid">21421637</pub-id></mixed-citation></ref><ref id="ref47"><label>47</label><mixed-citation publication-type="journal" id="cite47"><string-name><surname>Bell</surname>
<given-names>V</given-names></string-name>, <string-name><surname>Grech</surname>
<given-names>E</given-names></string-name>, <string-name><surname>Maiden</surname>
<given-names>C</given-names></string-name>, <string-name><surname>Halligan</surname>
<given-names>PW</given-names></string-name>, <string-name><surname>Ellis</surname>
<given-names>HD</given-names></string-name>. <article-title>&#x02018;Internet delusions&#x02019;: a case series and theoretical integration</article-title>. <source>Psychopathology</source>
<year>2005</year>; <volume>38</volume>: <fpage>144</fpage>&#x02013;50.<pub-id pub-id-type="pmid">15905638</pub-id></mixed-citation></ref><ref id="ref48"><label>48</label><mixed-citation publication-type="journal" id="cite48"><string-name><surname>Nitzan</surname>
<given-names>U</given-names></string-name>, <string-name><surname>Shoshan</surname>
<given-names>E</given-names></string-name>, <string-name><surname>Lev-Ran</surname>
<given-names>S</given-names></string-name>, <string-name><surname>Fennig</surname>
<given-names>S</given-names></string-name>. <article-title>Internet-related psychosis &#x02013; a sign of the times?</article-title>
<source>Isr J Psychiatry Relat Sci</source>
<year>2011</year>; <volume>48</volume>: <fpage>207</fpage>&#x02013;11.<pub-id pub-id-type="pmid">22141146</pub-id></mixed-citation></ref><ref id="ref49"><label>49</label><mixed-citation publication-type="journal" id="cite49"><string-name><surname>&#x00160;kodlar</surname>
<given-names>B</given-names></string-name>, <string-name><surname>Dernov&#x00161;ek</surname>
<given-names>MZ</given-names></string-name>, <string-name><surname>Kocmur</surname>
<given-names>M</given-names></string-name>. <article-title>Psychopathology of schizophrenia in Ljubljana (Slovenia) from 1881 to 2000: changes in the content of delusions in schizophrenia patients related to various sociopolitical, technical and scientific changes</article-title>. <source>Int J Soc Psychiatry</source>
<year>2008</year>; <volume>54</volume>: <fpage>101</fpage>&#x02013;11.<pub-id pub-id-type="pmid">18488404</pub-id></mixed-citation></ref><ref id="ref50"><label>50</label><mixed-citation publication-type="journal" id="cite50"><string-name><surname>Caseiro</surname>
<given-names>J</given-names></string-name>, <string-name><surname>Queiros</surname>
<given-names>O</given-names></string-name>. <article-title>The influence of socio-cultural features in the contents of delusions, football delusion&#x02013;Two Clinical cases</article-title>. <source>Birth Growth Med J</source>
<year>2018</year>; <volume>27</volume>: <fpage>188</fpage>&#x02013;90.</mixed-citation></ref><ref id="ref51"><label>51</label><mixed-citation publication-type="journal" id="cite51"><string-name><surname>Longden</surname>
<given-names>E</given-names></string-name>, <string-name><surname>Madill</surname>
<given-names>A</given-names></string-name>, <string-name><surname>Waterman</surname>
<given-names>MG</given-names></string-name>. <article-title>Dissociation, trauma and the role of lived experience: toward a new conceptualization of voice hearing</article-title>. <source>Psychol Bull</source>
<year>2012</year>; <volume>138</volume>: <fpage>28</fpage>&#x02013;<lpage>76</lpage>.<pub-id pub-id-type="pmid">22082488</pub-id></mixed-citation></ref><ref id="ref52"><label>52</label><mixed-citation publication-type="journal" id="cite52"><string-name><surname>Garety</surname>
<given-names>PA</given-names></string-name>, <string-name><surname>Freeman</surname>
<given-names>D</given-names></string-name>. <article-title>The past and future of delusions research: from the inexplicable to the treatable</article-title>. <source>Br J Psychiatry</source>
<year>2013</year>; <volume>203</volume>: <fpage>327</fpage>&#x02013;33.<pub-id pub-id-type="pmid">24187067</pub-id></mixed-citation></ref><ref id="ref53"><label>53</label><mixed-citation publication-type="journal" id="cite53"><string-name><surname>Pytlik</surname>
<given-names>N</given-names></string-name>, <string-name><surname>Soll</surname>
<given-names>D</given-names></string-name>, <string-name><surname>Mehl</surname>
<given-names>S</given-names></string-name>. <article-title>Thinking preferences and conspiracy belief: intuitive thinking and the jumping to conclusions-bias as a basis for the belief in conspiracy theories</article-title>. <source>Front Psychiatry</source>
<year>2020</year>; <volume>11</volume>: <fpage>987</fpage>.</mixed-citation></ref><ref id="ref54"><label>54</label><mixed-citation publication-type="journal" id="cite54"><string-name><surname>Swami</surname>
<given-names>V</given-names></string-name>, <string-name><surname>Voracek</surname>
<given-names>M</given-names></string-name>, <string-name><surname>Stieger</surname>
<given-names>S</given-names></string-name>, <string-name><surname>Tran</surname>
<given-names>US</given-names></string-name>, <string-name><surname>Furnham</surname>
<given-names>A</given-names></string-name>. <article-title>Analytic thinking reduces belief in conspiracy theories</article-title>. <source>Cognition</source>
<year>2014</year>; <volume>133</volume>: <fpage>572</fpage>&#x02013;85.<pub-id pub-id-type="pmid">25217762</pub-id></mixed-citation></ref><ref id="ref55"><label>55</label><mixed-citation publication-type="journal" id="cite55"><string-name><surname>Moulding</surname>
<given-names>R</given-names></string-name>, <string-name><surname>Nix-Carnell</surname>
<given-names>S</given-names></string-name>, <string-name><surname>Schnabel</surname>
<given-names>A</given-names></string-name>, <string-name><surname>Nedeljkovic</surname>
<given-names>M</given-names></string-name>, <string-name><surname>Burnside</surname>
<given-names>EE</given-names></string-name>, <string-name><surname>Lentini</surname>
<given-names>AF</given-names></string-name>, <etal/>
<article-title>Better the devil you know than a world you don't? Intolerance of uncertainty and worldview explanations for belief in conspiracy theories</article-title>. <source>Pers Individ Dif</source>
<year>2016</year>; <volume>98</volume>: <fpage>345</fpage>&#x02013;54.</mixed-citation></ref><ref id="ref56"><label>56</label><mixed-citation publication-type="book" id="cite56"><string-name><surname>Perry</surname>
<given-names>C</given-names></string-name>, <string-name><surname>Lee</surname>
<given-names>R</given-names></string-name>. <part-title>Childhood trauma and personality disorder</part-title>. In <source>Childhood Trauma in Mental Disorders: A Comprehensive Approach</source> (eds <string-name><given-names>G</given-names>
<surname>Spalletta</surname></string-name>, <string-name><given-names>D</given-names>
<surname>Janiri</surname></string-name>, <string-name><given-names>F</given-names>
<surname>Piras</surname></string-name>, <string-name><given-names>G</given-names>
<surname>Sani</surname></string-name>): <fpage>231</fpage>&#x02013;55. <publisher-name>Springer</publisher-name>, <year>2020</year>.</mixed-citation></ref><ref id="ref57"><label>57</label><mixed-citation publication-type="journal" id="cite57"><string-name><surname>Velikonja</surname>
<given-names>T</given-names></string-name>, <string-name><surname>Velthorst</surname>
<given-names>E</given-names></string-name>, <string-name><surname>McClure</surname>
<given-names>MM</given-names></string-name>, <string-name><surname>Rutter</surname>
<given-names>S</given-names></string-name>, <string-name><surname>Calabrese</surname>
<given-names>WR</given-names></string-name>, <string-name><surname>Rosell</surname>
<given-names>D</given-names></string-name>, <etal/>
<article-title>Severe childhood trauma and clinical and neurocognitive features in schizotypal personality disorder</article-title>. <source>Acta Psychiatr Scand</source>
<year>2019</year>; <volume>140</volume>: <fpage>50</fpage>&#x02013;<lpage>64</lpage>.<pub-id pub-id-type="pmid">30951190</pub-id></mixed-citation></ref><ref id="ref58"><label>58</label><mixed-citation publication-type="book" id="cite58"><string-name><surname>Crittenden</surname>
<given-names>PM</given-names></string-name>, <string-name><surname>Landini</surname>
<given-names>A</given-names></string-name>. <source>Assessing Adult Attachment: A Dynamic-Maturational Approach to Discourse Analysis</source>. <publisher-name>WW Norton</publisher-name>, <year>2011</year>.</mixed-citation></ref><ref id="ref59"><label>59</label><mixed-citation publication-type="journal" id="cite59"><string-name><surname>Cornblatt</surname>
<given-names>BA</given-names></string-name>, <string-name><surname>Carri&#x000f3;n</surname>
<given-names>RE</given-names></string-name>, <string-name><surname>Addington</surname>
<given-names>J</given-names></string-name>, <string-name><surname>Seidman</surname>
<given-names>L</given-names></string-name>, <string-name><surname>Walker</surname>
<given-names>EF</given-names></string-name>, <string-name><surname>Cannon</surname>
<given-names>TD</given-names></string-name>, <etal/>
<article-title>Risk factors for psychosis: impaired social and role functioning</article-title>. <source>Schizophr Bull</source>
<year>2012</year>; <volume>38</volume>: <fpage>1247</fpage>&#x02013;57.<pub-id pub-id-type="pmid">22080497</pub-id></mixed-citation></ref><ref id="ref60"><label>60</label><mixed-citation publication-type="journal" id="cite60"><string-name><surname>DeRosse</surname>
<given-names>P</given-names></string-name>, <string-name><surname>Karlsgodt</surname>
<given-names>KH</given-names></string-name>. <article-title>Examining the psychosis continuum</article-title>. <source>Curr Behav Neurosci Rep</source>
<year>2015</year>; <volume>2</volume>: <fpage>80</fpage>&#x02013;9.<pub-id pub-id-type="pmid">26052479</pub-id></mixed-citation></ref><ref id="ref61"><label>61</label><mixed-citation publication-type="journal" id="cite61"><string-name><surname>van Os</surname>
<given-names>J</given-names></string-name>, <string-name><surname>Linscott</surname>
<given-names>RJ</given-names></string-name>, <string-name><surname>Myin-Germeys</surname>
<given-names>I</given-names></string-name>, <string-name><surname>Delespaul</surname>
<given-names>P</given-names></string-name>, <string-name><surname>Krabbendam</surname>
<given-names>LJ</given-names></string-name>. <article-title>A systematic review and meta-analysis of the psychosis continuum: evidence for a psychosis proneness-persistence-impairment model of psychotic disorder</article-title>. <source>Psychol Med</source>
<year>2009</year>; <volume>39</volume>: <fpage>179</fpage>&#x02013;95.<pub-id pub-id-type="pmid">18606047</pub-id></mixed-citation></ref><ref id="ref62"><label>62</label><mixed-citation publication-type="journal" id="cite62"><string-name><surname>Dagnall</surname>
<given-names>N</given-names></string-name>, <string-name><surname>Drinkwater</surname>
<given-names>K</given-names></string-name>, <string-name><surname>Parker</surname>
<given-names>A</given-names></string-name>, <string-name><surname>Denovan</surname>
<given-names>A</given-names></string-name>, <string-name><surname>Parton</surname>
<given-names>M</given-names></string-name>. <article-title>Conspiracy theory and cognitive style: a worldview</article-title>. <source>Front Psychol</source>
<year>2015</year>; <volume>6</volume>: <fpage>206</fpage>.<pub-id pub-id-type="pmid">25762969</pub-id></mixed-citation></ref><ref id="ref63"><label>63</label><mixed-citation publication-type="journal" id="cite63"><string-name><surname>Grzesiak-Feldman</surname>
<given-names>M</given-names></string-name>, <string-name><surname>Ejsmont</surname>
<given-names>A</given-names></string-name>. <article-title>Paranoia and conspiracy thinking of Jews, Arabs, Germans and Russians in a Polish sample</article-title>. <source>Psychol Rep</source>
<year>2008</year>; <volume>102</volume>: <fpage>884</fpage>&#x02013;6.<pub-id pub-id-type="pmid">18763460</pub-id></mixed-citation></ref><ref id="ref64"><label>64</label><mixed-citation publication-type="journal" id="cite64"><string-name><surname>van Os</surname>
<given-names>J</given-names></string-name>, <string-name><surname>Reininghaus</surname>
<given-names>U</given-names></string-name>. <article-title>Psychosis as a transdiagnostic and extended phenotype in the general population</article-title>. <source>World Psychiatry</source>
<year>2016</year>; <volume>15</volume>: <fpage>118</fpage>&#x02013;24.<pub-id pub-id-type="pmid">27265696</pub-id></mixed-citation></ref><ref id="ref65"><label>65</label><mixed-citation publication-type="journal" id="cite65"><string-name><surname>Swami</surname>
<given-names>V</given-names></string-name>, <string-name><surname>Coles</surname>
<given-names>R</given-names></string-name>, <string-name><surname>Stieger</surname>
<given-names>S</given-names></string-name>, <string-name><surname>Pietschnig</surname>
<given-names>J</given-names></string-name>, <string-name><surname>Furnham</surname>
<given-names>A</given-names></string-name>, <string-name><surname>Rehim</surname>
<given-names>S</given-names></string-name>, <etal/>
<article-title>Conspiracist ideation in Britain and Austria: evidence of a monological belief system and associations between individual psychological differences and real-world and fictitious conspiracy theories</article-title>. <source>Br J Psychol</source>
<year>2011</year>; <volume>102</volume>: <fpage>443</fpage>&#x02013;63.<pub-id pub-id-type="pmid">21751999</pub-id></mixed-citation></ref><ref id="ref66"><label>66</label><mixed-citation publication-type="journal" id="cite66"><string-name><surname>Brotherton</surname>
<given-names>R</given-names></string-name>, <string-name><surname>Eser</surname>
<given-names>S</given-names></string-name>. <article-title>Bored to fears: boredom proneness, paranoia and conspiracy theories</article-title>. <source>Pers Individ Dif</source>
<year>2015</year>; <volume>80</volume>: <fpage>1</fpage>&#x02013;<lpage>5</lpage>.</mixed-citation></ref><ref id="ref67"><label>67</label><mixed-citation publication-type="other" id="cite67"><string-name><surname>Larsen</surname>
<given-names>EM</given-names></string-name>, <string-name><surname>Donaldson</surname>
<given-names>K</given-names></string-name>, <string-name><surname>Mohanty</surname>
<given-names>A</given-names></string-name>. Conspiratorial thinking during COVID-19: The roles of paranoia, delusion-proneness and intolerance to uncertainty. <italic>PsyArXiv</italic> [preprint] 17 Jun <year>2020</year>. Available from: <pub-id pub-id-type="doi">10.31234/osf.io/mb65f</pub-id>.</mixed-citation></ref></ref-list></back></article>