<!DOCTYPE article PUBLIC "-//NLM//DTD JATS (Z39.96) Journal Archiving and Interchange DTD with MathML3 v1.3 20210610//EN" "JATS-archivearticle1-3-mathml3.dtd"> 
<article xmlns:mml="http://www.w3.org/1998/Math/MathML" xmlns:xlink="http://www.w3.org/1999/xlink" article-type="reply" dtd-version="1.3"><?properties open_access?><?DTDIdentifier.IdentifierValue -//NLM//DTD JATS (Z39.96) Journal Publishing DTD v1.1 20151215//EN?><?DTDIdentifier.IdentifierType public?><?SourceDTD.DTDName JATS-journalpublishing1.dtd?><?SourceDTD.Version 1.1?><?ConverterInfo.XSLTName jats2jats3.xsl?><?ConverterInfo.Version 1?><processing-meta base-tagset="archiving" mathml-version="3.0" table-model="xhtml" tagset-family="jats"><restricted-by>pmc</restricted-by></processing-meta><front><journal-meta><journal-id journal-id-type="nlm-ta">BJPsych Bull</journal-id><journal-id journal-id-type="iso-abbrev">BJPsych Bull</journal-id><journal-id journal-id-type="publisher-id">BJB</journal-id><journal-title-group><journal-title>BJPsych Bulletin</journal-title></journal-title-group><issn pub-type="ppub">2056-4694</issn><issn pub-type="epub">2056-4708</issn><publisher><publisher-name>Cambridge University Press</publisher-name><publisher-loc>Cambridge, UK</publisher-loc></publisher></journal-meta><article-meta><article-id pub-id-type="pmcid">8477151</article-id><article-id pub-id-type="doi">10.1192/bjb.2021.78</article-id><article-id pub-id-type="pii">S2056469421000784</article-id><article-categories><subj-group subj-group-type="heading"><subject>Correspondence</subject></subj-group></article-categories><title-group><article-title>Authors' reply</article-title></title-group><contrib-group><contrib contrib-type="author"><name><surname>Griffin</surname><given-names>Lucy</given-names></name><xref ref-type="aff" rid="aff1"/></contrib><contrib contrib-type="author"><name><surname>Clyde</surname><given-names>Katie</given-names></name><xref ref-type="aff" rid="aff1"/></contrib><contrib contrib-type="author"><name><surname>Byng</surname><given-names>Richard</given-names></name><xref ref-type="aff" rid="aff1"/></contrib><contrib contrib-type="author"><name><surname>Bewley</surname><given-names>Susan</given-names></name><xref ref-type="aff" rid="aff1"/></contrib></contrib-group><aff id="aff1">Psychiatrist, <institution>Royal College of Psychiatrists</institution>, <country>UK</country>. Email: <email>drlucygriffin@outlook.com</email></aff><pub-date publication-format="print" date-type="pub" iso-8601-date="2021-10"><month>10</month><year>2021</year></pub-date><volume>45</volume><issue>5</issue><fpage>312</fpage><lpage>313</lpage><permissions><copyright-statement>&#x000a9; The Author(s) 2021</copyright-statement><copyright-year>2021</copyright-year><copyright-holder>The Author(s)</copyright-holder><license><ali:license_ref xmlns:ali="http://www.niso.org/schemas/ali/1.0/" specific-use="textmining" content-type="ccbylicense">https://creativecommons.org/licenses/by/4.0/</ali:license_ref><license-p>This is an Open Access article, distributed under the terms of the Creative Commons Attribution licence (<uri xlink:href="https://creativecommons.org/licenses/by/4.0/">http://creativecommons.org/licenses/by/4.0/</uri>), which permits unrestricted re-use, distribution, and reproduction in any medium, provided the original work is properly cited.</license-p></license></permissions><self-uri xlink:title="pdf" xlink:href="S2056469421000784a.pdf"/><counts><ref-count count="10"/><page-count count="2"/></counts></article-meta></front><body><p>We thank Dr MacFarlane for his response<sup><xref rid="ref1" ref-type="bibr">1</xref></sup> and welcome his comments about various providers and pharmaceutical agencies as well as freedom of speech.</p><p>We did not review the neuroscience of brain sex differences but draw interested readers&#x02019; attention to a recent review<sup><xref rid="ref2" ref-type="bibr">2</xref></sup> and accessible analyses of available research.<sup><xref rid="ref3" ref-type="bibr">3</xref>,<xref rid="ref4" ref-type="bibr">4</xref></sup> We agree that the art of psychiatric diagnosis depends on the clinician accepting the truth of the patient's own experience. In the absence of objective diagnostic tests, believing and trusting the patient's own subjective narrative is central to the doctor&#x02013;patient relationship. However, this starts to lose coherence when the doctor must readjust their own understanding of material reality in order to accommodate another's subjective belief. Declaring that &#x02018;Despite having the body of a man, I am in all other respects a woman&#x02019; supposes some inherent essence of gender that many would reject. Reorganising psychiatry to give primacy of gender identity over sex risks breaching the necessary boundaries that exist to maintain the safety and dignity of individuals, groups of people and society more generally.</p><p>Without a clear definition of conversion therapy, it is not possible to know the extent of the practice in the UK. Proponents of affirmative care have argued that conversion therapy is anything that might act as a barrier to medical transition.<sup><xref rid="ref5" ref-type="bibr">5</xref>,<xref rid="ref6" ref-type="bibr">6</xref></sup> It would follow that attempts to assess and treat coexistent mental illness, or even the process of making an accurate initial diagnosis of gender dysphoria, could be described as conversion therapy rather than the basic standard of clinical care that would apply for any other presentation.<sup><xref rid="ref7" ref-type="bibr">7</xref></sup></p><p>The authors remain opposed to any treatment model designed to coercively alter the sexual orientation of bisexuals, gay men or lesbians. It is crucial to distinguish between sexual orientation and gender identity when the latter comes with an expectation for complex, irreversible medical interventions, described as &#x02018;affirmative&#x02019;. If sustained, long-term benefits of medical and surgical transition could be clearly and independently demonstrated, it would be appropriate to offer these interventions early, but the evidence is not convincing.<sup><xref rid="ref8" ref-type="bibr">8</xref></sup> Therefore it is reasonable to exercise therapeutic caution, especially in light of growing concerns about complications and regret,<sup><xref rid="ref9" ref-type="bibr">9</xref></sup> particularly in younger patients.</p><p>Given government moves to criminalise conversion therapy in medical settings, the nature of &#x02018;barriers to treatment&#x02019; must be clearly described.<sup><xref rid="ref9" ref-type="bibr">9</xref></sup> New laws will need detailed supplementary guidance for the benefit of patients, doctors and the criminal justice system. We propose that organisations representing clinicians should help legislators make explicit that neutrally framed therapeutic or exploratory work is not conversion therapy, irrespective of how an individual ultimately feels about their own identity.</p><p>In the absence of evidence-based guidelines underpinned by solid research, we cannot make recommendations about treatment pathways, and do not advocate one particular model over any other. We draw readers&#x02019; attention to the unexplained increase in referral numbers, the higher numbers of children and young people seeking interventions, and the shift in sex ratio,<sup><xref rid="ref10" ref-type="bibr">10</xref></sup> as such demographic changes are significant and deserving of research and explanation. Doctors should &#x02018;first do no harm&#x02019;. The bar for informed consent to life-changing, irreversible medical and surgical interventions is necessarily high.<sup><xref rid="ref9" ref-type="bibr">9</xref></sup> Enhanced service provision and new care pathways should be informed by robust research in this patient group.</p></body><back><sec id="nts1" sec-type="COI-statement"><title>Declaration of interest</title><p>None</p></sec><ref-list id="reflist1"><title>References</title><ref id="ref1"><label>1</label><mixed-citation publication-type="journal" id="cite1"><string-name><surname>Griffin</surname><given-names>L</given-names></string-name>, <string-name><surname>Clyde</surname><given-names>K</given-names></string-name>, <string-name><surname>Byng</surname><given-names>R</given-names></string-name>, <string-name><surname>Bewley</surname><given-names>S</given-names></string-name>. <article-title>Sex, gender and gender identity: a re-evaluation of the evidence</article-title>. <source>BJPsych Bull</source><year>2020</year>. Available from: <pub-id pub-id-type="doi">10.1192/bjb.2020.73</pub-id>.</mixed-citation></ref><ref id="ref2"><label>2</label><mixed-citation publication-type="journal" id="cite2"><string-name><surname>McCarthy</surname><given-names>MM</given-names></string-name>. <article-title>Multifaceted origins of sex differences in the brain</article-title>. <source>Philos Trans R Soc B Biol Sci</source><year>2016</year>; <volume>371</volume>(<issue>1688</issue>): <fpage>20150106</fpage>.</mixed-citation></ref><ref id="ref3"><label>3</label><mixed-citation publication-type="book" id="cite3"><collab>Fine C</collab>. <source>Delusions of Gender: The Real Science Behind Sex Differences</source>. <publisher-name>Icon Books</publisher-name>, <year>2011</year>.</mixed-citation></ref><ref id="ref4"><label>4</label><mixed-citation publication-type="book" id="cite4"><collab>Rippon G</collab>. <source>The Gendered Brain: The New Neuroscience that Shatters the Myth of the Female Brain</source>. <publisher-name>Vintage</publisher-name>, <year>2020</year>.</mixed-citation></ref><ref id="ref5"><label>5</label><mixed-citation publication-type="book" id="cite5"><collab>Royal College of Psychiatrists</collab>. <source>Supporting Transgender and Gender-Diverse People</source>. <publisher-name>Royal College of Psychiatrists</publisher-name>, <year>2018</year>. Available from: <uri xlink:href="https://www.rcpsych.ac.uk/docs/default-source/improving-care/better-mh-policy/position-statements/ps02_18.pdf?sfvrsn=af4d4aad_4">https://www.rcpsych.ac.uk/docs/default-source/improving-care/better-mh-policy/position-statements/ps02_18.pdf?sfvrsn=af4d4aad_4</uri>.</mixed-citation></ref><ref id="ref6"><label>6</label><mixed-citation publication-type="other" id="cite6"><collab>Edinburgh Action for Trans Health</collab>. <italic>Trans Health Manifesto</italic>. 2017. Available from: <uri xlink:href="https://edinburghath.tumblr.com/post/163521055802/trans-health-manifesto">https://edinburghath.tumblr.com/post/163521055802/trans-health-manifesto</uri> [cited 18 Mar 2021].</mixed-citation></ref><ref id="ref7"><label>7</label><mixed-citation publication-type="book" id="cite7"><collab>General Medical Council</collab>. <source>Good Medical Practice</source>. <publisher-name>General Medical Council</publisher-name>, <year>2013</year>.</mixed-citation></ref><ref id="ref8"><label>8</label><mixed-citation publication-type="other" id="cite8"><string-name><surname>Griffin</surname><given-names>L</given-names></string-name>, <string-name><surname>Clyde</surname><given-names>K</given-names></string-name>, <string-name><surname>Byng</surname><given-names>R</given-names></string-name>, <string-name><surname>Bewley</surname><given-names>S</given-names></string-name>. <italic>Analysis of Cited Publications</italic>. 2021. Available from: <uri xlink:href="https://figshare.com/articles/figure/Analysis_of_cited_publications_pdf/13626380">https://figshare.com/articles/figure/Analysis_of_cited_publications_pdf/13626380</uri> [cited 15 Feb 2021].</mixed-citation></ref><ref id="ref9"><label>9</label><mixed-citation publication-type="other" id="cite9"><italic>Bell v Tavistock</italic> [2020] EWHC 3274. Available from: <uri xlink:href="https://www.judiciary.uk/wp-content/uploads/2020/12/Bell-v-Tavistock-Clinic-and-ors-Summary.pdf">https://www.judiciary.uk/wp-content/uploads/2020/12/Bell-v-Tavistock-Clinic-and-ors-Summary.pdf</uri>.</mixed-citation></ref><ref id="ref10"><label>10</label><mixed-citation publication-type="journal" id="cite10"><string-name><surname>de Graaf</surname><given-names>NM</given-names></string-name>, <string-name><surname>Giovanardi</surname><given-names>G</given-names></string-name>, <string-name><surname>Zitz</surname><given-names>C</given-names></string-name>, <string-name><surname>Carmichael</surname><given-names>P</given-names></string-name>. <article-title>Sex ratio in children and adolescents referred to the gender identity development service in the UK (2009&#x02013;2016)</article-title>. <source>Arch Sex Behav</source><year>2018</year>; <volume>47</volume>(<issue>5</issue>): <fpage>1301</fpage>&#x02013;4.<pub-id pub-id-type="pmid">29696550</pub-id></mixed-citation></ref></ref-list></back></article>