<!DOCTYPE article PUBLIC "-//NLM//DTD JATS (Z39.96) Journal Archiving and Interchange DTD with MathML3 v1.3 20210610//EN" "JATS-archivearticle1-3-mathml3.dtd"> 
<article xmlns:mml="http://www.w3.org/1998/Math/MathML" xmlns:xlink="http://www.w3.org/1999/xlink" dtd-version="1.3" xml:lang="en" article-type="reply"><?DTDIdentifier.IdentifierValue -//NLM//DTD JATS (Z39.96) Journal Publishing DTD v1.1 20151215//EN?><?DTDIdentifier.IdentifierType public?><?SourceDTD.DTDName JATS-journalpublishing1.dtd?><?SourceDTD.Version 1.1?><?ConverterInfo.XSLTName jats2jats3.xsl?><?ConverterInfo.Version 1?><?properties open_access?><processing-meta base-tagset="archiving" mathml-version="3.0" table-model="xhtml" tagset-family="jats"><restricted-by>pmc</restricted-by></processing-meta><front><journal-meta><journal-id journal-id-type="nlm-ta">BJPsych Bull</journal-id><journal-id journal-id-type="iso-abbrev">BJPsych Bull</journal-id><journal-id journal-id-type="publisher-id">BJB</journal-id><journal-title-group><journal-title>BJPsych Bulletin</journal-title></journal-title-group><issn pub-type="ppub">2056-4694</issn><issn pub-type="epub">2056-4708</issn><publisher><publisher-name>Cambridge University Press</publisher-name><publisher-loc>Cambridge, UK</publisher-loc></publisher></journal-meta><article-meta><article-id pub-id-type="pmcid">8727387</article-id><article-id pub-id-type="doi">10.1192/bjb.2021.96</article-id><article-id pub-id-type="pii">S2056469421000966</article-id><article-categories><subj-group subj-group-type="heading"><subject>Correspondence</subject></subj-group></article-categories><title-group><article-title>Author's reply:</article-title></title-group><contrib-group><contrib contrib-type="author"><name><surname>Morgan</surname><given-names>Gethin</given-names></name><xref rid="aff1" ref-type="aff"/></contrib></contrib-group><aff id="aff1">Emeritus Professor of Mental Health, <institution>University of Bristol</institution>, <city>Bristol</city>, <country>UK</country>. Email: <email>hilary.howard@blueyonder.co.uk</email></aff><pub-date publication-format="print" date-type="pub" iso-8601-date="2021-12"><month>12</month><year>2021</year></pub-date><volume>45</volume><issue seq="12">6</issue><fpage>355</fpage><lpage>355</lpage><permissions><copyright-statement>&#x000a9; The Author(s) 2021</copyright-statement><copyright-year>2021</copyright-year><copyright-holder>The Author(s)</copyright-holder><license><ali:license_ref xmlns:ali="http://www.niso.org/schemas/ali/1.0/" specific-use="textmining" content-type="ccbylicense">https://creativecommons.org/licenses/by/4.0/</ali:license_ref><license-p>This is an Open Access article, distributed under the terms of the Creative Commons Attribution licence (<uri xlink:href="https://creativecommons.org/licenses/by/4.0/">https://creativecommons.org/licenses/by/4.0/</uri>), which permits unrestricted re-use, distribution, and reproduction in any medium, provided the original work is properly cited.</license-p></license></permissions><self-uri xlink:title="pdf" xlink:href="S2056469421000966a.pdf"/><counts><page-count count="1"/></counts></article-meta></front><body><p>17 June</p><p>I am grateful to Drs Albert, Gallen and Gaur for their interest in my paper. Unfortunately they appear to have misunderstood some major points which I make. I certainly do not suggest that the assessment of suicidal thoughts is futile in short-term prediction of suicide. I argue exactly the opposite, presenting evidence that provided this is carried out correctly and appropriately, it should have significant predictive value.</p><p>What is more, I do not in any way suggest that ongoing care&#x000a0;of suicidal patients should be handed back to the general&#x000a0;practitioner (GP), certainly not before their problems have been resolved. My suggested letters are meant as clinical summaries which should be sent routinely to GPs by any psychiatric team as part of good ongoing clinical care. They do not mean, in any way, that the secondary service thereby should relinquish ongoing clinical care of their patients before treatment is complete.</p><p>How to maintain good ongoing supportive care of patients who have experienced a suicidal crisis is an important clinical challenge. My paper considers how the psychiatrist might attempt to achieve this, by emphasising concern to provide the form of help which would be most acceptable to the patient, and to which he/she would readily turn should the crisis recur.</p></body></article>