<!DOCTYPE article PUBLIC "-//NLM//DTD JATS (Z39.96) Journal Archiving and Interchange DTD with MathML3 v1.3 20210610//EN" "JATS-archivearticle1-3-mathml3.dtd"> 
<article xmlns:mml="http://www.w3.org/1998/Math/MathML" xmlns:xlink="http://www.w3.org/1999/xlink" article-type="letter" dtd-version="1.3"><?properties open_access?><?DTDIdentifier.IdentifierValue -//NLM//DTD JATS (Z39.96) Journal Publishing DTD v1.1 20151215//EN?><?DTDIdentifier.IdentifierType public?><?SourceDTD.DTDName JATS-journalpublishing1.dtd?><?SourceDTD.Version 1.1?><?ConverterInfo.XSLTName jats2jats3.xsl?><?ConverterInfo.Version 1?><processing-meta base-tagset="archiving" mathml-version="3.0" table-model="xhtml" tagset-family="jats"><restricted-by>pmc</restricted-by></processing-meta><front><journal-meta><journal-id journal-id-type="nlm-ta">BJPsych Bull</journal-id><journal-id journal-id-type="iso-abbrev">BJPsych Bull</journal-id><journal-id journal-id-type="publisher-id">BJB</journal-id><journal-title-group><journal-title>BJPsych Bulletin</journal-title></journal-title-group><issn pub-type="ppub">2056-4694</issn><issn pub-type="epub">2056-4708</issn><publisher><publisher-name>Cambridge University Press</publisher-name><publisher-loc>Cambridge, UK</publisher-loc></publisher></journal-meta><article-meta><article-id pub-id-type="pmcid">8477158</article-id><article-id pub-id-type="doi">10.1192/bjb.2021.76</article-id><article-id pub-id-type="pii">S2056469421000760</article-id><article-categories><subj-group subj-group-type="heading"><subject>Correspondence</subject></subj-group></article-categories><title-group><article-title>Extreme &#x02018;gender critical&#x02019; views will alienate many gender dysphoric patients</article-title></title-group><contrib-group><contrib contrib-type="author"><name><surname>MacFarlane</surname><given-names>Neil David</given-names></name><xref ref-type="aff" rid="aff1"/></contrib></contrib-group><aff id="aff1">Independent Psychiatrist, <institution>Royal College of Psychiatrists</institution>, <country>UK</country>. Email: <email>nmacfa01@mail.bbk.ac.uk</email></aff><pub-date publication-format="print" date-type="pub" iso-8601-date="2021-10"><month>10</month><year>2021</year></pub-date><volume>45</volume><issue>5</issue><fpage>311</fpage><lpage>312</lpage><permissions><copyright-statement>&#x000a9; The Author(s) 2021</copyright-statement><copyright-year>2021</copyright-year><copyright-holder>The Author(s)</copyright-holder><license><ali:license_ref xmlns:ali="http://www.niso.org/schemas/ali/1.0/" specific-use="textmining" content-type="ccbylicense">https://creativecommons.org/licenses/by/4.0/</ali:license_ref><license-p>This is an Open Access article, distributed under the terms of the Creative Commons Attribution licence (<uri xlink:href="https://creativecommons.org/licenses/by/4.0/">http://creativecommons.org/licenses/by/4.0/</uri>), which permits unrestricted re-use, distribution, and reproduction in any medium, provided the original work is properly cited.</license-p></license></permissions><self-uri xlink:title="pdf" xlink:href="S2056469421000760a.pdf"/><counts><ref-count count="12"/><page-count count="2"/></counts></article-meta></front><body><p>The authors provide a welcome update of evidence and reasoning for the &#x02018;gender critical&#x02019; position, and the problems with the &#x02018;gender affirming&#x02019; position that the Royal College of Psychiatrists adopted in 2018. Their argument might have been even stronger if it had included an account of recent complaints about pressures against free enquiry and expression in this area.<sup><xref rid="ref1" ref-type="bibr">1</xref></sup> Such pressures may partly account for the paucity of published gender critical clinical and scientific research. Neither did the authors mention the professional misconduct of a &#x02018;gender affirming&#x02019; consultant psychiatrist in a London teaching hospital, which was brought to the public's attention in 2007 by the campaigning journalist Julie Bindel.<sup><xref rid="ref2" ref-type="bibr">2</xref></sup> Or, specifically, the influence of the pharmaceutical industry, although that was implied in at least one of the references they cited.<sup><xref rid="ref3" ref-type="bibr">3</xref></sup> However, some of their reasoning appears to lean towards an extreme gender critical position, which is inconsistent with mainstream psychiatric practice. They write that &#x02018;there is little to no convincing evidence to support fundamental differences between the brains of females and males&#x02019;. But a lack of reliable neurobiological pathology is true of most psychiatric disorders, for which psychiatrists routinely prescribe drugs and other physical treatments, quite often coercively. Again, &#x02018;As a pure subjective experience, [gender identity] may be overwhelming and powerful but is also unverifiable and unfalsifiable&#x02019;. Psychiatric disorders are mainly diagnosed on the basis of what patients report about their &#x02018;subjective experience&#x02019;, so the requirement that transgender patients must provide substantial additional &#x02018;verification&#x02019; of their experiences also suggests that the authors have adopted a double standard. Do they propose that patients with depression or post-traumatic stress disorder demonstrate that their problems are &#x02018;falsifiable&#x02019; before they can receive treatment? The authors attempt to distance themselves from &#x02018;conversion therapy&#x02019;, but many gender dysphoric patients will not find their arguments convincing. They claim &#x02018;there is little evidence&#x02019; that transgender conversion therapy &#x02018;is taking place in the UK&#x02019;, but the 2018 National LGBT Survey found that 13% of UK trans respondents &#x02018;had been offered&#x02019; conversion therapy, compared with 7% of &#x02018;cisgender&#x02019; respondents.<sup><xref rid="ref4" ref-type="bibr">4</xref></sup> Conversion therapy for homosexuality is closely associated with psychoanalysis.<sup><xref rid="ref5" ref-type="bibr">5</xref></sup> The American Psychiatric Association removed homosexuality from its list of disorders in 1973, with strong opposition from psychoanalysts. It took nearly three decades for the London-based International Psychoanalytical Association (IPA) to act similarly, in 2002. It seems likely that the IPA continues to tolerate the view that homosexuality is a disorder, treatable by psychoanalysis.<sup><xref rid="ref6" ref-type="bibr">6</xref>,<xref rid="ref7" ref-type="bibr">7</xref></sup> The authors allude to &#x02018;complex intrapsychic conflicts&#x02019; but fail to explain what they mean by this or provide a reference. This suggests an undeclared allegiance to psychoanalysis. Some British psychoanalysts appear to see transgender patients as a growth opportunity.<sup><xref rid="ref8" ref-type="bibr">8</xref></sup> The gender critical views of the ex-Tavistock London psychoanalyst Marcus Evans have been quoted by the BBC<sup><xref rid="ref9" ref-type="bibr">9</xref></sup> and the <italic>BMJ</italic>,<sup><xref rid="ref10" ref-type="bibr">10</xref></sup> while journalists have failed to scrutinise his implied claim that psychoanalysis can provide valid clinical opinion. Such scrutiny is especially necessary given the problematic relation of psychoanalysis to homosexuality and its wider history of evading scrutiny of its claims to therapeutic efficacy, validity<sup><xref rid="ref11" ref-type="bibr">11</xref></sup> and safety.<sup><xref rid="ref12" ref-type="bibr">12</xref></sup> Psychiatry should retain its gatekeeping role for transgender patients seeking physical treatments or legal gender change, but extreme gender critical views, which at present appear to include special pleading for psychoanalysis, would undermine the consent necessary for that role to be effective.</p></body><back><ref-list id="reflist1"><title>References</title><ref id="ref1"><label>1</label><mixed-citation publication-type="other" id="cite1">Academics are being harassed over their research into transgender issues. <italic>Guardian</italic>, 16 Oct 2018.</mixed-citation></ref><ref id="ref2"><label>2</label><mixed-citation publication-type="other" id="cite2"><string-name><surname>Bindel</surname><given-names>J.</given-names></string-name> Mistaken identity. <italic>Guardian</italic>, 23 May 2007. Available from: <uri xlink:href="https://www.theguardian.com/lifeandstyle/2007/may/23/healthandwellbeing.health">https://www.theguardian.com/lifeandstyle/2007/may/23/healthandwellbeing.health</uri>.</mixed-citation></ref><ref id="ref3"><label>3</label><mixed-citation publication-type="other" id="cite3"><string-name><surname>Heneghan</surname><given-names>C</given-names></string-name>, <string-name><surname>Jefferson</surname><given-names>T.</given-names></string-name> Gender-affirming hormones in children and adolescents. <italic>BMJ EBM Spotlight</italic>, 25 Feb 2019.</mixed-citation></ref><ref id="ref4"><label>4</label><mixed-citation publication-type="book" id="cite4"><collab>Government Equalities Office</collab>. <source>National LGBT Survey: Research Report</source>. <publisher-name>UK Government Equalities Office</publisher-name>, <year>2018</year>. Available from: <uri xlink:href="https://assets.publishing.service.gov.uk/government/uploads/system/uploads/attachment_data/file/721704/LGBT-survey-research-report.pdf">https://assets.publishing.service.gov.uk/government/uploads/system/uploads/attachment_data/file/721704/LGBT-survey-research-report.pdf</uri>.</mixed-citation></ref><ref id="ref5"><label>5</label><mixed-citation publication-type="book" id="cite5"><collab>Herzog D</collab>. <part-title>Homophobia's durability and the reinvention of psychoanalysis</part-title>. In <source>Cold War Freud: Psychoanalysis in an Age of Catastrophes</source>: Ch 2. <publisher-name>Cambridge University Press</publisher-name>, <year>2016</year>.</mixed-citation></ref><ref id="ref6"><label>6</label><mixed-citation publication-type="journal" id="cite6"><string-name><surname>Roughton</surname><given-names>R</given-names></string-name>. <article-title>The International Psychoanalytical Association and homosexuality</article-title>. <source>J Gay Lesbian Psychother</source><year>2003</year>; <volume>7</volume>: <fpage>189</fpage>&#x02013;96.</mixed-citation></ref><ref id="ref7"><label>7</label><mixed-citation publication-type="journal" id="cite7"><string-name><surname>Lewes</surname><given-names>K</given-names></string-name>, <string-name><surname>Young-Bruehl</surname><given-names>E</given-names></string-name>, <string-name><surname>Roughton</surname><given-names>R</given-names></string-name>, <string-name><surname>Magee</surname><given-names>M</given-names></string-name>, <string-name><surname>Miller</surname><given-names>M</given-names></string-name>. <article-title>Homosexuality and psychoanalysis I: historical perspectives</article-title>. <source>J Gay Lesbian Ment Health</source><year>2008</year>; <volume>12</volume>: <fpage>299</fpage>&#x02013;<lpage>323</lpage>.</mixed-citation></ref><ref id="ref8"><label>8</label><mixed-citation publication-type="book" id="cite8"><string-name><surname>Fonagy</surname><given-names>F</given-names></string-name>, <string-name><surname>Rainer Krause</surname><given-names>R</given-names></string-name>, <string-name><surname>Leuzinger-Bohleber</surname><given-names>M</given-names></string-name> (eds). <source>Identity, Gender, and Sexuality: 150 Years After Freud</source>. <publisher-name>Karnac</publisher-name>, <year>2009</year>.</mixed-citation></ref><ref id="ref9"><label>9</label><mixed-citation publication-type="other" id="cite9"><string-name><surname>Ives</surname><given-names>L.</given-names></string-name> NHS child gender reassignment &#x02018;too quick&#x02019;. <italic>BBC News</italic>, 25 Feb 2019. Available at: <uri xlink:href="https://www.bbc.co.uk/news/health-47359692">https://www.bbc.co.uk/news/health-47359692</uri>.</mixed-citation></ref><ref id="ref10"><label>10</label><mixed-citation publication-type="journal" id="cite10"><string-name><surname>Cohen</surname><given-names>D</given-names></string-name>, <string-name><surname>Barnes</surname><given-names>H</given-names></string-name>. <article-title>Gender dysphoria in children: puberty blockers study draws further criticism</article-title>. <source>BMJ</source><year>2019</year>: <volume>366</volume>: <fpage>l5647</fpage>.<pub-id pub-id-type="pmid">31540909</pub-id></mixed-citation></ref><ref id="ref11"><label>11</label><mixed-citation publication-type="book" id="cite11"><collab>Grunbaum A</collab>. <source>The Foundations of Psychoanalysis: A Philosophical Critique</source>. <publisher-name>University of California Press</publisher-name>, <year>1985</year>.</mixed-citation></ref><ref id="ref12"><label>12</label><mixed-citation publication-type="journal" id="cite12"><string-name><surname>Brewer</surname>, <given-names>C</given-names></string-name>. <article-title>Psychoanalysis can seriously damage your health</article-title>. <source>BMJ</source><year>2012</year>; <volume>344</volume>: <elocation-id>e3857</elocation-id>.<pub-id pub-id-type="pmid">22654070</pub-id></mixed-citation></ref></ref-list></back></article>