<!DOCTYPE article PUBLIC "-//NLM//DTD JATS (Z39.96) Journal Archiving and Interchange DTD with MathML3 v1.3 20210610//EN" "JATS-archivearticle1-3-mathml3.dtd"> 
<article xmlns:mml="http://www.w3.org/1998/Math/MathML" xmlns:xlink="http://www.w3.org/1999/xlink" article-type="letter" dtd-version="1.3"><?properties open_access?><?DTDIdentifier.IdentifierValue -//NLM//DTD JATS (Z39.96) Journal Publishing DTD v1.1 20151215//EN?><?DTDIdentifier.IdentifierType public?><?SourceDTD.DTDName JATS-journalpublishing1.dtd?><?SourceDTD.Version 1.1?><?ConverterInfo.XSLTName jats2jats3.xsl?><?ConverterInfo.Version 1?><processing-meta base-tagset="archiving" mathml-version="3.0" table-model="xhtml" tagset-family="jats"><restricted-by>pmc</restricted-by></processing-meta><front><journal-meta><journal-id journal-id-type="nlm-ta">BJPsych Bull</journal-id><journal-id journal-id-type="iso-abbrev">BJPsych Bull</journal-id><journal-id journal-id-type="publisher-id">BJB</journal-id><journal-title-group><journal-title>BJPsych Bulletin</journal-title></journal-title-group><issn pub-type="ppub">2056-4694</issn><issn pub-type="epub">2056-4708</issn><publisher><publisher-name>Cambridge University Press</publisher-name><publisher-loc>Cambridge, UK</publisher-loc></publisher></journal-meta><article-meta><article-id pub-id-type="pmcid">8477162</article-id><article-id pub-id-type="doi">10.1192/bjb.2021.77</article-id><article-id pub-id-type="pii">S2056469421000772</article-id><article-categories><subj-group subj-group-type="heading"><subject>Correspondence</subject></subj-group></article-categories><title-group><article-title>The article &#x02018;Sex, gender and gender identity&#x02019; fails to adequately engage with the extant scientific literature</article-title></title-group><contrib-group><contrib contrib-type="author"><name><surname>Ashley</surname><given-names>Florence</given-names></name><xref ref-type="aff" rid="aff1"/></contrib></contrib-group><aff id="aff1"><institution>University of Toronto</institution>, <country>Canada</country> Email: <email>f.ashley@mail.utoronto.ca</email></aff><pub-date publication-format="print" date-type="pub" iso-8601-date="2021-10"><month>10</month><year>2021</year></pub-date><volume>45</volume><issue>5</issue><fpage>309</fpage><lpage>310</lpage><permissions><copyright-statement>&#x000a9; The Author(s) 2021</copyright-statement><copyright-year>2021</copyright-year><copyright-holder>The Author(s)</copyright-holder><license><ali:license_ref xmlns:ali="http://www.niso.org/schemas/ali/1.0/" specific-use="textmining" content-type="ccbylicense">https://creativecommons.org/licenses/by/4.0/</ali:license_ref><license-p>This is an Open Access article, distributed under the terms of the Creative Commons Attribution licence (<uri xlink:href="https://creativecommons.org/licenses/by/4.0/">http://creativecommons.org/licenses/by/4.0/</uri>), which permits unrestricted re-use, distribution, and reproduction in any medium, provided the original work is properly cited.</license-p></license></permissions><self-uri xlink:title="pdf" xlink:href="S2056469421000772a.pdf"/><counts><ref-count count="26"/><page-count count="2"/></counts></article-meta></front><body><p>The recent paper titled &#x02018;Sex, gender and gender identity: a re-evaluation of the evidence&#x02019;, which appeared as a Special Article in the <italic>BJPsych Bulletin</italic>, contains concerning misrepresentations of the scholarly literature. The article selectively cites sources to make claims that are contrary to the available literature and best practices, which strongly support access to social, legal and medical transition. Using a direct quote, the authors claim that a Royal College of Psychiatrists position statement includes &#x02018;placing barriers [to] medical transition&#x02019; within the meaning of conversion therapy. However, the document actually says &#x02018;place barriers in the way of trans people who seek advice regarding medical and/or social transition&#x02019;.<sup><xref rid="ref1" ref-type="bibr">1</xref></sup> Raising barriers to transition and raising barriers to people seeking advice are two different things altogether, and the elision misrepresents the Royal College of Psychiatrists&#x02019; position statement. Substantively altering quotes in this way is contrary to ethical authorship practices and is difficult to explain. While I would agree that preventing transition is a form of conversion therapy, as expressed in a recent report by UN Independent Expert Victor Madrigal-Borloz,<sup><xref rid="ref2" ref-type="bibr">2</xref></sup> this is not what the cited position statement says.</p><p>Despite discussing these topics, the authors fail to cite available data on the prevalence of anti-trans conversion therapy in the UK;<sup><xref rid="ref3" ref-type="bibr">3</xref></sup> fail to acknowledge strong methodological criticisms of studies suggesting that most transgender youth grow up to be cisgender;<sup><xref rid="ref4" ref-type="bibr">4</xref>,<xref rid="ref5" ref-type="bibr">5</xref></sup> fail to refer to empirical evidence of the harmfulness of misgendering and deadnaming;<sup><xref rid="ref6" ref-type="bibr">6</xref>&#x02013;<xref rid="ref9" ref-type="bibr">9</xref></sup> fail to mention that youth referred to gender identity clinics are significantly similar to those in the past despite changes in gender ratios;<sup><xref rid="ref10" ref-type="bibr">10</xref></sup> fail to substantially engage with significant evidence of mental health benefits to transition by brushing it off as immaterial to youth;<sup><xref rid="ref11" ref-type="bibr">11</xref></sup> fail to refer to evidence demonstrating that trans youth can be trusted about who they are and do not plausibly transition out of internalised homophobia;<sup><xref rid="ref12" ref-type="bibr">12</xref>&#x02013;<xref rid="ref15" ref-type="bibr">15</xref></sup> and fail to refer to a wealth of data showing transition and gender affirmation to have an important positive impact on mental health.<sup><xref rid="ref16" ref-type="bibr">16</xref>&#x02013;<xref rid="ref23" ref-type="bibr">23</xref></sup> Many references used in the article in support of substantial and contentious points are of poor quality and include news reports, non-peer-reviewed blog posts and a Tumblr survey.</p><p>Scientific literature must meet a high standard for publication. The editorial and peer-review process is intended to screen for problems such as these, which gravely threaten the quality of published works and undermine the public's ability to rely on scholarly publication as an indicium of reliability. Providing competent care for transgender youth depends upon the integrity of the scientific process, of which publication is an important part. The past few years have seen a concerning rise in articles opposing gender-affirming care being published in scientific journals despite failing to engage with the available literature and, at times, being directly contradicted by it. Transgender communities deserve high-quality research and scientific publications.</p><p>Gender-affirmative care remains the leading approach to care for transgender youth and is well supported by empirical evidence, clinical experience and ethical reasoning.<sup><xref rid="ref24" ref-type="bibr">24</xref>,<xref rid="ref25" ref-type="bibr">25</xref></sup> Contrary to what the article's authors imply, gender-affirmative care does not foreclose youth's futures. Quite the contrary.<sup><xref rid="ref26" ref-type="bibr">26</xref></sup> Attempts to unduly delay or prevent social, legal or medical transition among youth who desire them should be opposed. Children and adolescents deserve unconditional acceptance and love at all points in their lives, including in their gender.</p></body><back><ref-list id="reflist1"><ref id="ref1"><label>1</label><mixed-citation publication-type="book" id="cite1"><collab>Royal College of Psychiatrists</collab>. <source>Supporting Transgender and Gender-Diverse People: Position Statement <italic toggle="yes">(PS02/18)</italic></source>. <publisher-name>Royal College of Psychiatrists</publisher-name>, <year>2018</year>.</mixed-citation></ref><ref id="ref2"><label>2</label><mixed-citation publication-type="other" id="cite2"><string-name><surname>Madrigal-Borloz</surname><given-names>V</given-names></string-name>. <italic>Practices of So-Called &#x0201c;Conversion Therapy&#x0201d;</italic>, A/HRC/44/53. <year>2020</year>.</mixed-citation></ref><ref id="ref3"><label>3</label><mixed-citation publication-type="book" id="cite3"><collab>Government Equalities Office</collab>. <source>National LGBT Survey: Research Report</source>. <publisher-name>UK Government Equalities Office</publisher-name>, <year>2018</year>. Available from: <uri xlink:href="https://assets.publishing.service.gov.uk/government/uploads/system/uploads/attachment_data/file/721704/LGBT-survey-research-report.pdf">https://assets.publishing.service.gov.uk/government/uploads/system/uploads/attachment_data/file/721704/LGBT-survey-research-report.pdf</uri>.</mixed-citation></ref><ref id="ref4"><label>4</label><mixed-citation publication-type="journal" id="cite4"><string-name><surname>Temple Newhook</surname><given-names>J</given-names></string-name>, <string-name><surname>Pyne</surname><given-names>J</given-names></string-name>, <string-name><surname>Winters</surname><given-names>K</given-names></string-name>, <string-name><surname>Feder</surname><given-names>S</given-names></string-name>, <string-name><surname>Holmes</surname><given-names>C</given-names></string-name>, <string-name><surname>Tosh</surname><given-names>J</given-names></string-name>, <etal/><article-title>A critical commentary on follow-up studies and &#x0201c;desistance&#x0201d; theories about transgender and gender-nonconforming children</article-title>. <source>Int J Transgend</source><year>2018</year>; <volume>19</volume>(<issue>2</issue>): <fpage>212</fpage>&#x02013;24.</mixed-citation></ref><ref id="ref5"><label>5</label><mixed-citation publication-type="book" id="cite5"><string-name><surname>Winters</surname><given-names>K</given-names></string-name>. <part-title>The &#x0201c;80% desistance&#x0201d; dictum: is it science?</part-title> In <source>Families in Transition: Parenting Gender Diverse Children, Adolescents, and Young Adults</source> (eds <string-name><given-names>AI</given-names><surname>Lev</surname></string-name>, <string-name><given-names>AR</given-names><surname>Gottlieb</surname></string-name>): <fpage>88</fpage>&#x02013;<lpage>101</lpage>. <publisher-name>Harrington Park Press</publisher-name>, <year>2019</year>.</mixed-citation></ref><ref id="ref6"><label>6</label><mixed-citation publication-type="journal" id="cite6"><string-name><surname>McLemore</surname><given-names>KA</given-names></string-name>. <article-title>Experiences with misgendering: identity misclassification of transgender spectrum individuals</article-title>. <source>Self Identity</source><year>2015</year>; <volume>14</volume>(<issue>1</issue>), <fpage>51</fpage>&#x02013;<lpage>74</lpage>.</mixed-citation></ref><ref id="ref7"><label>7</label><mixed-citation publication-type="journal" id="cite7"><string-name><surname>McLemore</surname><given-names>KA</given-names></string-name>. <article-title>A minority stress perspective on transgender individuals&#x02019; experiences with misgendering</article-title>. <source>Stigma Health</source><year>2018</year>, <volume>3</volume>(<issue>1</issue>), <fpage>53</fpage>&#x02013;<lpage>64</lpage>.</mixed-citation></ref><ref id="ref8"><label>8</label><mixed-citation publication-type="journal" id="cite8"><string-name><surname>Restar</surname><given-names>A</given-names></string-name>, <string-name><surname>Jin</surname><given-names>H</given-names></string-name>, <string-name><surname>Breslow</surname><given-names>A</given-names></string-name>, <string-name><surname>Reisner</surname><given-names>SL</given-names></string-name>, <string-name><surname>Mimiaga</surname><given-names>M</given-names></string-name>, <string-name><surname>Cahill</surname><given-names>S</given-names></string-name>, <etal/><article-title>Legal gender marker and name change is associated with lower negative emotional response to gender-based mistreatment and improve mental health outcomes among trans populations</article-title>. <source>SSM Popul Health</source><year>2020</year>; <volume>11</volume>: <fpage>100595</fpage>.<pub-id pub-id-type="pmid">32435684</pub-id></mixed-citation></ref><ref id="ref9"><label>9</label><mixed-citation publication-type="journal" id="cite9"><string-name><surname>Russell</surname><given-names>ST</given-names></string-name>, <string-name><surname>Pollitt</surname><given-names>AM</given-names></string-name>, <string-name><surname>Li</surname><given-names>G</given-names></string-name>, <string-name><surname>Grossman</surname><given-names>AH</given-names></string-name>. <article-title>Chosen name use is linked to reduced depressive symptoms, suicidal ideation, and suicidal behavior among transgender youth</article-title>. <source>J Adolesc Health</source><year>2018</year>; <volume>63</volume>(<issue>4</issue>): <fpage>503</fpage>&#x02013;5.<pub-id pub-id-type="pmid">29609917</pub-id></mixed-citation></ref><ref id="ref10"><label>10</label><mixed-citation publication-type="journal" id="cite10"><string-name><surname>Arnoldussen</surname><given-names>M</given-names></string-name>, <string-name><surname>Steensma</surname><given-names>TD</given-names></string-name>, <string-name><surname>Popma</surname><given-names>A</given-names></string-name>, <string-name><surname>van der Miesen</surname><given-names>AIR</given-names></string-name>, <string-name><surname>Twisk</surname><given-names>JWR</given-names></string-name>, <string-name><surname>de Vries</surname><given-names>ALC</given-names></string-name>. <article-title>Re-evaluation of the Dutch approach: are recently referred transgender youth different compared to earlier referrals?</article-title><source>Eur Child Adolesc Psychiatry</source><year>2020</year>; <volume>29</volume>(<issue>6</issue>): <fpage>803</fpage>&#x02013;11.<pub-id pub-id-type="pmid">31473831</pub-id></mixed-citation></ref><ref id="ref11"><label>11</label><mixed-citation publication-type="book" id="cite11"><collab>Center for the Study of Inequality</collab>. <source>What does the Scholarly Research Say about the Effect of Gender Transition on Transgender Well-Being?</source><publisher-name>Cornell University</publisher-name>, <year>2018</year>. Available from: <uri xlink:href="https://whatweknow.inequality.cornell.edu/topics/lgbt-equality/%20what-does-the-scholarly-research-say-about-the-well-being-of-transgender-people%20/">https://whatweknow.inequality.cornell.edu/topics/lgbt-equality/%20what-does-the-scholarly-research-say-about-the-well-being-of-transgender-people%20/</uri>.</mixed-citation></ref><ref id="ref12"><label>12</label><mixed-citation publication-type="journal" id="cite12"><string-name><surname>Ashley</surname><given-names>F</given-names></string-name>. <article-title>Homophobia, conversion therapy, and care models for trans youth: defending the gender-affirmative model</article-title>. <source>J LGBT Youth</source><year>2020</year>; <volume>17</volume>(<issue>4</issue>): <fpage>361</fpage>&#x02013;83.</mixed-citation></ref><ref id="ref13"><label>13</label><mixed-citation publication-type="journal" id="cite13"><string-name><surname>G&#x000fc;lg&#x000f6;z</surname><given-names>S</given-names></string-name>, <string-name><surname>Glazier</surname><given-names>JJ</given-names></string-name>, <string-name><surname>Enright</surname><given-names>EA</given-names></string-name>, <string-name><surname>Alonso</surname><given-names>DJ</given-names></string-name>, <string-name><surname>Durwood</surname><given-names>LJ</given-names></string-name>, <string-name><surname>Fast</surname><given-names>AA</given-names></string-name>, <etal/><article-title>Similarity in transgender and cisgender children's gender development</article-title>. <source>Proc Natl Acad Sci USA</source><year>2019</year>; <volume>116</volume>(<issue>49</issue>): <fpage>24480</fpage>&#x02013;5.<pub-id pub-id-type="pmid">31740598</pub-id></mixed-citation></ref><ref id="ref14"><label>14</label><mixed-citation publication-type="journal" id="cite14"><string-name><surname>Pullen Sansfa&#x000e7;on</surname><given-names>A</given-names></string-name>, <string-name><surname>Medico</surname><given-names>D</given-names></string-name>, <string-name><surname>Suerich-Gulick</surname><given-names>F</given-names></string-name>, <string-name><surname>Temple Newhook</surname><given-names>J</given-names></string-name>. <article-title>&#x0201c;I knew that I wasn't cis, I knew that, but I didn't know exactly&#x0201d;: gender identity development, expression and affirmation in youth who access gender affirming medical care</article-title>. <source>Int J Transgender Health</source><year>2020</year>; <volume>21</volume>(<issue>3</issue>): <fpage>307</fpage>&#x02013;20.</mixed-citation></ref><ref id="ref15"><label>15</label><mixed-citation publication-type="journal" id="cite15"><string-name><surname>Rae</surname><given-names>JR</given-names></string-name>, <string-name><surname>G&#x000fc;lg&#x000f6;z</surname><given-names>S</given-names></string-name>, <string-name><surname>Durwood</surname><given-names>L</given-names></string-name>, <string-name><surname>DeMeules</surname><given-names>M</given-names></string-name>, <string-name><surname>Lowe</surname><given-names>R</given-names></string-name>, <string-name><surname>Lindquist</surname><given-names>G</given-names></string-name>, <etal/><article-title>Predicting early-childhood gender transitions</article-title>. <source>Psychol Sci</source><year>2019</year>; <volume>30</volume>(<issue>5</issue>): <fpage>669</fpage>&#x02013;81.<pub-id pub-id-type="pmid">30925121</pub-id></mixed-citation></ref><ref id="ref16"><label>16</label><mixed-citation publication-type="journal" id="cite16"><string-name><surname>Allen</surname><given-names>LR</given-names></string-name>, <string-name><surname>Watson</surname><given-names>LB</given-names></string-name>, <string-name><surname>Egan</surname><given-names>AM</given-names></string-name>, <string-name><surname>Moser</surname><given-names>CN</given-names></string-name>. <article-title>Well-being and suicidality among transgender youth after gender-affirming hormones</article-title>. <source>Clin Pract Pediatr Psychol</source><year>2019</year>, <volume>7</volume>(<issue>3</issue>), <fpage>302</fpage>&#x02013;11.</mixed-citation></ref><ref id="ref17"><label>17</label><mixed-citation publication-type="other" id="cite17"><string-name><surname>Blasdel</surname><given-names>G</given-names></string-name>, <string-name><surname>Belkind</surname><given-names>U</given-names></string-name>, <string-name><surname>Harris</surname><given-names>A</given-names></string-name>, <string-name><surname>Radix</surname><given-names>A</given-names></string-name>. <italic>Description and Outcomes of a Hormone Therapy Informed Consent Model for Minors</italic> [Poster]. 25th WPATH Symposium, Buenos Aires, Argentina, <year>2018</year>.</mixed-citation></ref><ref id="ref18"><label>18</label><mixed-citation publication-type="journal" id="cite18"><string-name><surname>Durwood</surname><given-names>L</given-names></string-name>, <string-name><surname>McLaughlin</surname><given-names>KA</given-names></string-name>, <string-name><surname>Olson</surname><given-names>KR</given-names></string-name>. <article-title>Mental health and self-worth in socially transitioned transgender youth</article-title>. <source>J Am Acad Child Adolesc Psychiatry</source><year>2017</year>; <volume>56</volume>(<issue>2</issue>): <fpage>116</fpage>&#x02013;23.e2.<pub-id pub-id-type="pmid">28117057</pub-id></mixed-citation></ref><ref id="ref19"><label>19</label><mixed-citation publication-type="journal" id="cite19"><string-name><surname>Fontanari</surname><given-names>AMV</given-names></string-name>, <string-name><surname>Vilanova</surname><given-names>F</given-names></string-name>, <string-name><surname>Schneider</surname><given-names>MA</given-names></string-name>, <string-name><surname>Chinazzo</surname><given-names>I</given-names></string-name>, <string-name><surname>Soll</surname><given-names>BM</given-names></string-name>, <string-name><surname>Schwarz</surname><given-names>K</given-names></string-name>, <etal/><article-title>Gender affirmation is associated with transgender and gender nonbinary youth mental health improvement</article-title>. <source>LGBT Health</source><year>2020</year>, <volume>7</volume>(<issue>5</issue>), <fpage>237</fpage>&#x02013;47.<pub-id pub-id-type="pmid">32456545</pub-id></mixed-citation></ref><ref id="ref20"><label>20</label><mixed-citation publication-type="journal" id="cite20"><string-name><surname>Hill</surname><given-names>DB</given-names></string-name>, <string-name><surname>Menvielle</surname><given-names>E</given-names></string-name>, <string-name><surname>Sica</surname><given-names>KM</given-names></string-name>, <string-name><surname>Johnson</surname><given-names>A</given-names></string-name>. <article-title>An affirmative intervention for families with gender variant children: parental ratings of child mental health and gender</article-title>. <source>J Sex Marital Ther</source><year>2010</year>; <volume>36</volume>(<issue>1</issue>): <fpage>6</fpage>&#x02013;<lpage>23</lpage>.<pub-id pub-id-type="pmid">20063232</pub-id></mixed-citation></ref><ref id="ref21"><label>21</label><mixed-citation publication-type="journal" id="cite21"><string-name><surname>Johnson</surname><given-names>KC</given-names></string-name>, <string-name><surname>LeBlanc</surname><given-names>AJ</given-names></string-name>, <string-name><surname>Sterzing</surname><given-names>PR</given-names></string-name>, <string-name><surname>Deardorff</surname><given-names>J</given-names></string-name>, <string-name><surname>Antin</surname><given-names>T</given-names></string-name>, <string-name><surname>Bockting</surname><given-names>WO</given-names></string-name>. <article-title>Trans adolescents&#x02019; perceptions and experiences of their parents&#x02019; supportive and rejecting behaviors</article-title>. <source>J Couns Psychol</source><year>2020</year>; <volume>67</volume>(<issue>2</issue>): <fpage>156</fpage>&#x02013;70.<pub-id pub-id-type="pmid">32105126</pub-id></mixed-citation></ref><ref id="ref22"><label>22</label><mixed-citation publication-type="journal" id="cite22"><string-name><surname>Kuper</surname><given-names>LE</given-names></string-name>, <string-name><surname>Stewart</surname><given-names>S</given-names></string-name>, <string-name><surname>Preston</surname><given-names>S</given-names></string-name>, <string-name><surname>Lau</surname><given-names>M</given-names></string-name>, <string-name><surname>Lopez</surname><given-names>X</given-names></string-name>. <article-title>Body dissatisfaction and mental health outcomes of youth on gender-affirming hormone therapy</article-title>. <source>Pediatrics</source><year>2020</year>; <volume>145</volume>(<issue>4</issue>): <elocation-id>e20193006</elocation-id>.<pub-id pub-id-type="pmid">32220906</pub-id></mixed-citation></ref><ref id="ref23"><label>23</label><mixed-citation publication-type="journal" id="cite23"><string-name><surname>Turban</surname><given-names>JL</given-names></string-name>, <string-name><surname>King</surname><given-names>D</given-names></string-name>, <string-name><surname>Carswell</surname><given-names>JM</given-names></string-name>, <string-name><surname>Keuroghlian</surname><given-names>AS</given-names></string-name>. <article-title>Pubertal suppression for transgender youth and risk of suicidal ideation</article-title>. <source>Pediatrics</source><year>2020</year>; <volume>145</volume>(<issue>2</issue>): <elocation-id>e20191725</elocation-id>.<pub-id pub-id-type="pmid">31974216</pub-id></mixed-citation></ref><ref id="ref24"><label>24</label><mixed-citation publication-type="journal" id="cite24"><string-name><surname>Lopez</surname><given-names>X</given-names></string-name>, <string-name><surname>Marinkovic</surname><given-names>M</given-names></string-name>, <string-name><surname>Eimicke</surname><given-names>T</given-names></string-name>, <string-name><surname>Rosenthal</surname><given-names>SM</given-names></string-name>, <string-name><surname>Olshan</surname><given-names>JS</given-names></string-name>. <article-title>Statement on gender-affirmative approach to care from the pediatric endocrine society special interest group on transgender health</article-title>. <source>Curr Opin Pediatr</source><year>2017</year>; <volume>29</volume>(<issue>4</issue>): <fpage>475</fpage>&#x02013;80.<pub-id pub-id-type="pmid">28562420</pub-id></mixed-citation></ref><ref id="ref25"><label>25</label><mixed-citation publication-type="book" id="cite25"><string-name><surname>Telfer</surname><given-names>MM</given-names></string-name>, <string-name><surname>Tollit</surname><given-names>MA</given-names></string-name>, <string-name><surname>Pace</surname><given-names>CC</given-names></string-name>, <string-name><surname>Pang</surname><given-names>KC</given-names></string-name>. <source>Australian Standards of Care and Treatment Guidelines for Trans and Gender Diverse Children and Adolescents</source>, Version 1.1. <publisher-name>The Royal Children's Hospital</publisher-name>, <year>2018</year>.</mixed-citation></ref><ref id="ref26"><label>26</label><mixed-citation publication-type="journal" id="cite26"><string-name><surname>Ashley</surname><given-names>F</given-names></string-name>. <article-title>Thinking an ethics of gender exploration: against delaying transition for transgender and gender creative youth</article-title>. <source>Clin Child Psychol Psychiatry</source><year>2019</year>; <volume>24</volume>(<issue>2</issue>): <fpage>223</fpage>&#x02013;36.<pub-id pub-id-type="pmid">30968720</pub-id></mixed-citation></ref></ref-list></back></article>