<!DOCTYPE article PUBLIC "-//NLM//DTD JATS (Z39.96) Journal Archiving and Interchange DTD with MathML3 v1.2 20190208//EN" "JATS-archivearticle1-mathml3.dtd"> 
<article xmlns:xlink="http://www.w3.org/1999/xlink" xmlns:mml="http://www.w3.org/1998/Math/MathML" article-type="obituary"><?properties open_access?><?DTDIdentifier.IdentifierValue -//NLM//DTD JATS (Z39.96) Journal Publishing DTD v1.1 20151215//EN?><?DTDIdentifier.IdentifierType public?><?SourceDTD.DTDName JATS-journalpublishing1.dtd?><?SourceDTD.Version 1.1?><?ConverterInfo.XSLTName jp2nlmx2.xsl?><?ConverterInfo.Version 1?><front><journal-meta><journal-id journal-id-type="nlm-ta">BJPsych Bull</journal-id><journal-id journal-id-type="iso-abbrev">BJPsych Bull</journal-id><journal-id journal-id-type="publisher-id">BJB</journal-id><journal-title-group><journal-title>BJPsych Bulletin</journal-title></journal-title-group><issn pub-type="ppub">2056-4694</issn><issn pub-type="epub">2056-4708</issn><publisher><publisher-name>Cambridge University Press</publisher-name><publisher-loc>Cambridge, UK</publisher-loc></publisher></journal-meta><article-meta><article-id pub-id-type="pmcid">8058845</article-id><article-id pub-id-type="doi">10.1192/bjb.2020.134</article-id><article-id pub-id-type="pii">S2056469420001345</article-id><article-categories><subj-group subj-group-type="heading"><subject>In Memoriam</subject></subj-group></article-categories><title-group><article-title>College Members whose deaths were reported at Council meetings between October 2019 and October 2020</article-title></title-group><pub-date publication-format="print" date-type="pub" iso-8601-date="2021-02"><month>2</month><year>2021</year></pub-date><volume>45</volume><issue>1</issue><fpage>69</fpage><lpage>70</lpage><permissions><copyright-statement>&#x000a9; The Author(s) 2021</copyright-statement><copyright-year>2021</copyright-year><copyright-holder>The Author(s)</copyright-holder><license><ali:license_ref xmlns:ali="http://www.niso.org/schemas/ali/1.0/" specific-use="textmining" content-type="ccbylicense">https://creativecommons.org/licenses/by/4.0/</ali:license_ref><license-p>This is an Open Access article, distributed under the terms of the Creative Commons Attribution licence (<uri xlink:href="https://creativecommons.org/licenses/by/4.0/">http://creativecommons.org/licenses/by/4.0/</uri>), which permits unrestricted re-use, distribution, and reproduction in any medium, provided the original work is properly cited.</license-p></license></permissions><self-uri xlink:title="pdf" xlink:href="S2056469420001345a.pdf"/><counts><page-count count="2"/></counts></article-meta></front><body><p><bold>Bandali,</bold> Sameer Kamaluddin</p><p><bold>Member</bold></p><p><bold>Beckett,</bold> Henry Dale</p><p><bold>Member</bold></p><p><bold>Bethell,</bold> Maxwell Slingsby</p><p><bold>Fellow ~ Over 40 Years member</bold></p><p><bold>Bhaumik,</bold> Sabyasachi</p><p><bold>Honorary Fellow</bold></p><p><bold>Carroll,</bold> Bernard James</p><p><bold>Fellow ~ Over 40 Years member</bold></p><p><bold>Fleminger,</bold> John Jack</p><p><bold>Fellow ~ Over 40 Years member</bold></p><p><bold>Gosselin,</bold> Jean-Yves</p><p><bold>Fellow ~ Over 40 Years member</bold></p><p><bold>Heine,</bold> Bernard Edmund</p><p><bold>Fellow ~ Over 40 Years member</bold></p><p><bold>Holden,</bold> Hyla Montgomery</p><p><bold>Member ~ Over 40 Years member</bold></p><p><bold>Kanakaratnam,</bold> Gunaseelan</p><p><bold>Fellow ~ Over 40 Years member</bold></p><p><bold>Kanjilal,</bold> Gopal Chandra</p><p><bold>Fellow ~ Over 40 Years member</bold></p><p><bold>Kolakowska,</bold> Tamara</p><p><bold>Retired</bold></p><p><bold>Member ~ Over 40 Years member</bold></p><p><bold>May,</bold> Kathleen Mackenzie</p><p><bold>Member ~ Over 40 Years member</bold></p><p><bold>Mirza,</bold> Yousuf Kamal</p><p><bold>Consultant</bold></p><p><bold>Member</bold></p><p><bold>Scott,</bold> John Clelland</p><p><bold>Fellow ~ Over 40 Years member</bold></p><p><bold>Sirag,</bold> Ahmed Osman</p><p><bold>Retired</bold></p><p><bold>Fellow</bold></p><p><bold>Wat,</bold> Hong-Yun Karen <bold>Member</bold></p><p><bold>Alexander,</bold> David A</p><p><bold>Honorary Fellow</bold></p><p><bold>Alexander,</bold> Eric Richardson</p><p><bold>Member ~ Over 40 Years member</bold></p><p><bold>Allan,</bold> Frances</p><p><bold>Member ~ Over 40 Years member</bold></p><p><bold>Beauchemin,</bold> Barbara Susannah Seymour</p><p><bold>Affiliate</bold></p><p><bold>Burkitt,</bold> Eric Aylmer</p><p><bold>Fellow ~ Over 40 Years member</bold></p><p><bold>Dadds,</bold> Violet Elsie</p><p><bold>Member</bold></p><p><bold>Davies,</bold> Roy James</p><p><bold>Fellow ~ Over 40 Years member</bold></p><p><bold>de Mowbray,</bold> Michael Stuart</p><p><bold>Member</bold></p><p><bold>Denham,</bold> Maureen Milburn</p><p><bold>Member ~ Over 40 Years member</bold></p><p><bold>Engelhardt,</bold> Wolfram Detlev Achim</p><p><bold>Member</bold></p><p><bold>Fenton,</bold> Thomas William</p><p><bold>Fellow ~ Over 40 Years member</bold></p><p><bold>Forrest,</bold> Alastair John</p><p><bold>Fellow ~ Over 40 Years member</bold></p><p><bold>Gallagher,</bold> Elizabeth Gibb</p><p><bold>Member ~ Over 40 Years member</bold></p><p><bold>Garry,</bold> John William</p><p><bold>Fellow ~ Over 40 Years member</bold></p><p><bold>Gillham,</bold> Adrian Bayley</p><p><bold>Fellow</bold></p><p><bold>Gray,</bold> Anne Margaret</p><p><bold>Fellow ~ Over 40 Years member</bold></p><p><bold>Grimshaw,</bold> John Stuart</p><p><bold>Fellow ~ Over 40 Years member</bold></p><p><bold>Hamour,</bold> Mohamed Abdelaal</p><p><bold>Member</bold></p><p><bold>Hersov,</bold> Lionel Abraham</p><p><bold>Fellow ~ Over 40 Years member</bold></p><p><bold>Iskander,</bold> Trevor Nagib</p><p><bold>Member ~ Over 40 Years member</bold></p><p><bold>Kelleher,</bold> F Joseph</p><p><bold>Member ~ Over 40 Years member</bold></p><p><bold>Knox,</bold> Stafford Joseph</p><p><bold>Fellow ~ Over 40 Years member</bold></p><p><bold>Leslie,</bold> Nasnaranpattiyage Don George</p><p><bold>Member ~ Over 40 Years member</bold></p><p><bold>Macleod,</bold> Iain Roderic William</p><p><bold>Member</bold></p><p><bold>Masih,</bold> Harnek</p><p><bold>Member</bold></p><p><bold>Matthews,</bold> Peter Charles</p><p><bold>Member ~ Over 40 Years member</bold></p><p><bold>McNeill,</bold> Desmond Lorne Marcus</p><p><bold>Fellow ~ Over 40 Years member</bold></p><p><bold>Nasser,</bold> Zeinab Abdel-Aziz Ibrahim</p><p><bold>Member</bold></p><p><bold>Rogers,</bold> Paul Haydon</p><p><bold>Fellow</bold></p><p><bold>Ryle,</bold> Anthony</p><p><bold>Fellow ~ Over 40 Years member</bold></p><p><bold>Todes,</bold> Cecil Jacob</p><p><bold>Fellow ~ Over 40 Years member</bold></p><p><bold>Youssef,</bold> Hanafy Ahmed Mahmoud</p><p><bold>Fellow ~ Over 40 Years member</bold></p><p><bold>Arie,</bold> Thomas Harry David</p><p><bold>Honorary Fellow</bold></p><p><bold>Pant,</bold> Anshuman</p><p><bold>Member</bold></p><p><bold>Smith,</bold> Eileen Dorothy</p><p><bold>Fellow ~ Over 40 Years member</bold></p><p><bold>White,</bold> Daniel Paul</p><p><bold>Member</bold></p><p><bold>Chan,</bold> Chee Hung</p><p><bold>Member</bold></p><p><bold>Coia,</bold> Denise Assunda</p><p><bold>Honorary Fellow</bold></p><p><bold>Duddle,</bold> Constance May</p><p><bold>Fellow ~ Over 40 Years member</bold></p><p><bold>Dunlop,</bold> Joyce Lilian</p><p><bold>Fellow ~ Over 40 Years member</bold></p><p><bold>Hickling,</bold> Frederick W</p><p><bold>Fellow ~ Over 40 Years member</bold></p><p><bold>Hilary-Jones,</bold> Evan Peter</p><p><bold>Fellow</bold></p><p><bold>Jones,</bold> David Alun</p><p><bold>Fellow</bold></p><p><bold>McGovern,</bold> Gerald Patrick</p><p><bold>Fellow ~ Over 40 Years member</bold></p><p><bold>Pant,</bold> Anshuman</p><p><bold>Member</bold></p><p><bold>Pathak,</bold> Rudresh Kumar Dinanath</p><p><bold>Member</bold></p><p><bold>Smith,</bold> Eileen Dorothy</p><p><bold>Fellow ~ Over 40 Years member</bold></p><p><bold>White,</bold> Daniel Paul</p><p><bold>Member</bold></p><p><bold>D'Orban,</bold> Paul T</p><p>Retired</p><p><bold>Fellow ~ Over 40 Years member</bold></p><p><bold>Hewland,</bold> Helen Robyn</p><p>Retired</p><p><bold>Fellow ~ Over 40 Years member</bold></p><p><bold>Hughes,</bold> John Samuel</p><p>Retired</p><p><bold>Fellow ~ Over 40 Years member</bold></p><p><bold>Imrie,</bold> Alison Wendy</p><p><bold>Consultant</bold></p><p><bold>Member</bold></p><p><bold>Lader,</bold> Malcolm Harold</p><p><bold>Emeritus Professor</bold></p><p><bold>Fellow ~ Over 40 Years member</bold></p><p><bold>McLaughlin,</bold> Jo-Ann</p><p>Retired</p><p><bold>Member</bold></p><p><bold>Mubbashar,</bold> Malik Hussain</p><p><bold>Consultant</bold></p><p><bold>Fellow ~ Over 40 Years member</bold></p><p><bold>Robinson,</bold> John Richard</p><p>Retired</p><p><bold>Fellow ~ Over 40 Years member</bold></p><p><bold>Washbrook,</bold> Reginald Alfred Hryhoruk</p><p><bold>Fellow ~ Over 40 Years member</bold></p><p><bold>Gillis,</bold> Lynn</p><p>Retired</p><p><bold>Fellow</bold></p><p><bold>Kenyon,</bold> Frank Edwin</p><p>Retired</p><p><bold>Fellow</bold></p><p><bold>Palmer</bold>, Bob</p><p><bold>Fellow</bold></p><p><bold>Rana,</bold> Mamoona</p><p><bold>West,</bold> Donald</p><p><bold>Fellow</bold></p><p><bold>Brown,</bold> Philip Morrison</p><p><bold>Fellow &#x02013; North Division</bold></p></body></article>