<!DOCTYPE article PUBLIC "-//NLM//DTD JATS (Z39.96) Journal Archiving and Interchange DTD with MathML3 v1.3 20210610//EN" "JATS-archivearticle1-3-mathml3.dtd"> 
<article xmlns:mml="http://www.w3.org/1998/Math/MathML" xmlns:xlink="http://www.w3.org/1999/xlink" dtd-version="1.3" xml:lang="en" article-type="letter"><?DTDIdentifier.IdentifierValue -//NLM//DTD JATS (Z39.96) Journal Publishing DTD v1.1 20151215//EN?><?DTDIdentifier.IdentifierType public?><?SourceDTD.DTDName JATS-journalpublishing1.dtd?><?SourceDTD.Version 1.1?><?ConverterInfo.XSLTName jats2jats3.xsl?><?ConverterInfo.Version 1?><?properties open_access?><processing-meta base-tagset="archiving" mathml-version="3.0" table-model="xhtml" tagset-family="jats"><restricted-by>pmc</restricted-by></processing-meta><front><journal-meta><journal-id journal-id-type="nlm-ta">BJPsych Bull</journal-id><journal-id journal-id-type="iso-abbrev">BJPsych Bull</journal-id><journal-id journal-id-type="publisher-id">BJB</journal-id><journal-title-group><journal-title>BJPsych Bulletin</journal-title></journal-title-group><issn pub-type="ppub">2056-4694</issn><issn pub-type="epub">2056-4708</issn><publisher><publisher-name>Cambridge University Press</publisher-name><publisher-loc>Cambridge, UK</publisher-loc></publisher></journal-meta><article-meta><article-id pub-id-type="pmcid">8727384</article-id><article-id pub-id-type="doi">10.1192/bjb.2021.95</article-id><article-id pub-id-type="pii">S2056469421000954</article-id><article-categories><subj-group subj-group-type="heading"><subject>Correspondence</subject></subj-group></article-categories><title-group><article-title>Managing suicide risk in primary care</article-title></title-group><contrib-group><contrib contrib-type="author"><name><surname>Albert</surname><given-names>Ann Maria</given-names></name><xref rid="aff1" ref-type="aff"/></contrib><contrib contrib-type="author"><name><surname>Gallen</surname><given-names>Hannah</given-names></name><xref rid="aff2" ref-type="aff"/></contrib><contrib contrib-type="author"><name><surname>Gaur</surname><given-names>Misha</given-names></name><xref rid="aff3" ref-type="aff"/></contrib></contrib-group><aff id="aff1">GPST3, Oxford GPVTS, <country>UK</country>. Email: <email>Annmaria.albert1@nhs.net</email></aff><aff id="aff2">GPST1, Reading GPVTS, <country>UK</country></aff><aff id="aff3">GPST3, Reading GPVTS, <country>UK</country></aff><pub-date publication-format="print" date-type="pub" iso-8601-date="2021-12"><month>12</month><year>2021</year></pub-date><volume>45</volume><issue seq="11">6</issue><fpage>355</fpage><lpage>355</lpage><permissions><copyright-statement>&#x000a9; The Author(s) 2021</copyright-statement><copyright-year>2021</copyright-year><copyright-holder>The Author(s)</copyright-holder><license><ali:license_ref xmlns:ali="http://www.niso.org/schemas/ali/1.0/" specific-use="textmining" content-type="ccbylicense">https://creativecommons.org/licenses/by/4.0/</ali:license_ref><license-p>This is an Open Access article, distributed under the terms of the Creative Commons Attribution licence (<uri xlink:href="https://creativecommons.org/licenses/by/4.0/">https://creativecommons.org/licenses/by/4.0/</uri>), which permits unrestricted re-use, distribution, and reproduction in any medium, provided the original work is properly cited.</license-p></license></permissions><self-uri xlink:title="pdf" xlink:href="S2056469421000954a.pdf"/><counts><ref-count count="1"/><page-count count="1"/></counts></article-meta></front><body><p>05 June 2021</p><p>We read with interest Professor Morgan's special article on predicting short-term suicide risk.<xref rid="ref1" ref-type="bibr"><sup>1</sup></xref> We are grateful for the mention of the extensive body of evidence suggesting the futility of suicide risk assessments and alleged risk factors including suicidal thoughts and behaviours in predicting suicide risk. We appreciate the statements &#x02018;To base assessment of ongoing risk on the individual's mental state during a single interview is clearly likely to be highly unreliable&#x02019; and &#x02018;An important trigger for relapse is stress, particularly stress that has previously been present and has not been resolved&#x02019;. It is important that the above facts are conveyed to the patient's general practitioner (GP) via the suggested correspondence. However, we wonder about the purpose of the proposed 123-word paragraph ending with the sentence &#x02018;Overall, however, the predicted level of suicide risk must still be regarded as significant, requiring vigilance until I next see him/her&#x02019;. What action is required of the GP when they receive similar letters about almost every patient seen by the mental health services? If the patient requires vigilance for their mental health, would this not best be provided by secondary care mental health services with their array of highly specialist teams and army of experts? What aspects of suicide prevention are the GPs better equipped for than the secondary care mental health services? It&#x000a0;is important to acknowledge that it is not possible to reliably predict suicide risk from single consultations. However, it appears the suggested correspondence is unrealistically asking an already overstretched primary care service to pick up responsibility in a specialist area. Furthermore, we would be grateful for any guidance on how to better assess and manage suicide risk during a 10&#x000a0;min GP consultation than during the 30&#x02013;60&#x000a0;min assessment by specialists.</p></body><back><ref-list id="reflist1"><title>Reference</title><ref id="ref1"><label>1</label><mixed-citation publication-type="journal" id="cite1"><string-name><surname>Morgan</surname>
<given-names>G.</given-names></string-name>
<article-title>Predicting short-term suicide risk: allowing for ongoing variation in severity of intent</article-title>. <source>BJPsych Bull</source>
<year>2021</year>; <volume>45</volume>, <fpage>105</fpage>&#x02013;8.<pub-id pub-id-type="pmid">32843124</pub-id></mixed-citation></ref></ref-list></back></article>