<!DOCTYPE article PUBLIC "-//NLM//DTD JATS (Z39.96) Journal Archiving and Interchange DTD with MathML3 v1.3 20210610//EN" "JATS-archivearticle1-3-mathml3.dtd"> 
<article xmlns:mml="http://www.w3.org/1998/Math/MathML" xmlns:xlink="http://www.w3.org/1999/xlink" article-type="correction" dtd-version="1.3"><?properties open_access?><?DTDIdentifier.IdentifierValue -//NLM//DTD JATS (Z39.96) Journal Publishing DTD v1.1 20151215//EN?><?DTDIdentifier.IdentifierType public?><?SourceDTD.DTDName JATS-journalpublishing1.dtd?><?SourceDTD.Version 1.1?><?ConverterInfo.XSLTName jats2jats3.xsl?><?ConverterInfo.Version 1?><processing-meta base-tagset="archiving" mathml-version="3.0" table-model="xhtml" tagset-family="jats"><restricted-by>pmc</restricted-by></processing-meta><front><journal-meta><journal-id journal-id-type="nlm-ta">BJPsych Bull</journal-id><journal-id journal-id-type="iso-abbrev">BJPsych Bull</journal-id><journal-id journal-id-type="publisher-id">BJB</journal-id><journal-title-group><journal-title>BJPsych Bulletin</journal-title></journal-title-group><issn pub-type="ppub">2056-4694</issn><issn pub-type="epub">2056-4708</issn><publisher><publisher-name>Cambridge University Press</publisher-name><publisher-loc>Cambridge, UK</publisher-loc></publisher></journal-meta><article-meta><article-id pub-id-type="pmcid">8499622</article-id><article-id pub-id-type="doi">10.1192/bjb.2021.58</article-id><article-id pub-id-type="pii">S2056469421000589</article-id><article-categories><subj-group subj-group-type="heading"><subject>Erratum</subject></subj-group></article-categories><title-group><article-title>The Psychology of Climate Anxiety &#x02014; ERRATUM</article-title></title-group><contrib-group><contrib contrib-type="author"><name><surname>Dodds</surname><given-names>Joseph</given-names></name></contrib></contrib-group><pub-date publication-format="print" date-type="pub" iso-8601-date="2021-08"><month>8</month><year>2021</year></pub-date><pub-date pub-type="pmc-release"><month>8</month><year>2021</year></pub-date><!-- PMC Release delay is 0 months and 0 days and was based on the <pub-date pub-type="ppub"/>. --><volume>45</volume><issue>4</issue><fpage>256</fpage><lpage>256</lpage><permissions><copyright-statement>&#x000a9; The Author(s) 2021</copyright-statement><copyright-year>2021</copyright-year><copyright-holder>The Author(s)</copyright-holder><license><ali:license_ref xmlns:ali="http://www.niso.org/schemas/ali/1.0/" specific-use="textmining" content-type="ccbyncsalicense">https://creativecommons.org/licenses/by-nc-sa/4.0/</ali:license_ref><license-p>This is an Open Access article, distributed under the terms of the Creative Commons Attribution-NonCommercial-ShareAlike licence (<uri xlink:href="https://creativecommons.org/licenses/by-nc-sa/4.0/">http://creativecommons.org/licenses/by-nc-sa/4.0/</uri>), which permits non-commercial re-use, distribution, and reproduction in any medium, provided the same Creative Commons licence is included and the original work is properly cited. The written permission of Cambridge University Press must be obtained for commercial re-use.</license-p></license></permissions><self-uri xlink:title="pdf" xlink:href="S2056469421000589a.pdf"/><related-article related-article-type="corrected-article" id="d31e53" ext-link-type="doi" xlink:href="10.1192/bjb.2021.18">DOI: <uri xlink:href="https://doi.org/10.1192/bjb.2021.18">https://doi.org/10.1192/bjb.2021.18</uri>, Published by <publisher-name>Cambridge University Press</publisher-name>, 19th May <year>2021</year></related-article><kwd-group><title>Keywords</title><kwd>Climate anxiety</kwd><kwd>climate change</kwd><kwd>psychoanalysis</kwd><kwd>post-traumatic stress disorder</kwd><kwd>ecological trauma, erratum</kwd></kwd-group><counts><ref-count count="1"/><page-count count="1"/></counts></article-meta></front><body><p>This article was originally published with an incorrect affiliation for Joseph Dodds. Dr Dodds is solely affiliated with Psychology Faculty, University of New York in Prague, Czech Republic.</p></body><back><ref-list id="reflist1"><title>Reference</title><ref id="ref1"><mixed-citation publication-type="journal" id="cite1"><string-name><surname>Dodds</surname>
<given-names>J.</given-names></string-name>
<article-title>The psychology of climate anxiety</article-title>. <source>BJPsych Bull</source>
<year>2021</year>; <fpage>1</fpage>&#x02013;<lpage>5</lpage>. doi: <pub-id pub-id-type="doi">10.1192/bjb.2021.18</pub-id>.</mixed-citation></ref></ref-list></back></article>