<!DOCTYPE article PUBLIC "-//NLM//DTD JATS (Z39.96) Journal Archiving and Interchange DTD with MathML3 v1.3 20210610//EN" "JATS-archivearticle1-3-mathml3.dtd"> 
<article xmlns:mml="http://www.w3.org/1998/Math/MathML" xmlns:xlink="http://www.w3.org/1999/xlink" dtd-version="1.3" xml:lang="en" article-type="research-article"><?DTDIdentifier.IdentifierValue -//NLM//DTD JATS (Z39.96) Journal Publishing DTD v1.1 20151215//EN?><?DTDIdentifier.IdentifierType public?><?SourceDTD.DTDName JATS-journalpublishing1.dtd?><?SourceDTD.Version 1.1?><?ConverterInfo.XSLTName jats2jats3.xsl?><?ConverterInfo.Version 1?><?properties open_access?><processing-meta base-tagset="archiving" mathml-version="3.0" table-model="xhtml" tagset-family="jats"><restricted-by>pmc</restricted-by></processing-meta><front><journal-meta><journal-id journal-id-type="nlm-ta">BJPsych Bull</journal-id><journal-id journal-id-type="iso-abbrev">BJPsych Bull</journal-id><journal-id journal-id-type="publisher-id">BJB</journal-id><journal-title-group><journal-title>BJPsych Bulletin</journal-title></journal-title-group><issn pub-type="ppub">2056-4694</issn><issn pub-type="epub">2056-4708</issn><publisher><publisher-name>Cambridge University Press</publisher-name><publisher-loc>Cambridge, UK</publisher-loc></publisher></journal-meta><article-meta><article-id pub-id-type="pmcid">9059310</article-id><article-id pub-id-type="pmid">33261708</article-id><article-id pub-id-type="doi">10.1192/bjb.2020.113</article-id><article-id pub-id-type="pii">S2056469420001138</article-id><article-categories><subj-group subj-group-type="heading"><subject>Original Papers</subject></subj-group></article-categories><title-group><article-title>Evaluation of radically open dialectical behaviour therapy in an adult community mental health team: effectiveness in people with autism spectrum disorders</article-title></title-group><contrib-group><contrib contrib-type="author" corresp="yes"><contrib-id contrib-id-type="orcid" authenticated="false">https://orcid.org/0000-0001-8227-6980</contrib-id><name><surname>Cornwall</surname><given-names>Peter L.</given-names></name><xref rid="aff1" ref-type="aff">1</xref><xref rid="cor1" ref-type="corresp"/></contrib><contrib contrib-type="author"><name><surname>Simpson</surname><given-names>Susan</given-names></name><xref rid="aff1" ref-type="aff">1</xref></contrib><contrib contrib-type="author"><name><surname>Gibbs</surname><given-names>Claire</given-names></name><xref rid="aff1" ref-type="aff">1</xref></contrib><contrib contrib-type="author"><name><surname>Morfee</surname><given-names>Valerie</given-names></name><xref rid="aff1" ref-type="aff">1</xref></contrib></contrib-group><aff id="aff1"><label>1</label>Redcar &#x00026; Cleveland Mental Health Services, <institution>Tees, Esk and Wear Valleys NHS Foundation Trust, UK</institution></aff><author-notes><corresp id="cor1">Correspondence to Dr Peter L. Cornwall (<email>lennycornwall@nhs.net</email>)</corresp></author-notes><pub-date publication-format="print" date-type="pub" iso-8601-date="2021-06"><month>6</month><year>2021</year></pub-date><volume>45</volume><issue seq="7">3</issue><fpage>146</fpage><lpage>153</lpage><history><date date-type="received"><day>15</day><month>6</month><year>2020</year></date><date date-type="rev-recd"><day>25</day><month>7</month><year>2020</year></date><date date-type="accepted"><day>28</day><month>9</month><year>2020</year></date></history><permissions><copyright-statement>&#x000a9; The Authors 2020</copyright-statement><copyright-year>2020</copyright-year><copyright-holder>The Authors</copyright-holder><license><ali:license_ref xmlns:ali="http://www.niso.org/schemas/ali/1.0/" specific-use="textmining" content-type="ccbylicense">https://creativecommons.org/licenses/by/4.0/</ali:license_ref><license-p>This is an Open Access article, distributed under the terms of the Creative Commons Attribution licence (<uri xlink:href="https://creativecommons.org/licenses/by/4.0/">http://creativecommons.org/licenses/by/4.0/</uri>), which permits unrestricted re-use, distribution, and reproduction in any medium, provided the original work is properly cited.</license-p></license></permissions><self-uri xlink:title="pdf" xlink:href="S2056469420001138a.pdf"/><abstract abstract-type="normal"><sec id="sec_a1"><title>Aims and method</title><p>Radically open dialectical behaviour therapy (RO DBT) is a transdiagnostic treatment designed to address disorders associated with overcontrol, including autism spectrum disorders (ASD). To date, no studies have reported on the effectiveness of RO DBT for people with ASD. Forty-eight patients were referred to a RO DBT programme, of whom 23 had a diagnosis of ASD. Outcome was measured using the Clinical Outcomes in Routine Evaluation &#x02013; Outcome Measure (CORE) and the Questionnaire about the Process of Recovery.</p></sec><sec id="sec_a2"><title>Results</title><p>The intervention was effective, with a medium effect size of 0.53 for improvement in CORE global distress. End-point CORE global distress score was predicted from initial severity and a diagnosis of ASD. Participants with a diagnosis of ASD who completed the therapy had significantly better outcomes than completing participants without an ASD diagnosis.</p></sec><sec id="sec_a3"><title>Clinical implications</title><p>These findings provide preliminary support for RO DBT as an effective intervention for ASD in routine settings.</p></sec></abstract><kwd-group><title>Keywords</title><kwd>Radically open dialectical behaviour therapy</kwd><kwd>autism spectrum disorders</kwd><kwd>community mental health teams</kwd><kwd>group psychotherapy</kwd><kwd>outcome studies</kwd></kwd-group><counts><fig-count count="1"/><table-count count="4"/><ref-count count="35"/><page-count count="8"/></counts></article-meta></front><body><p>Society generally holds self-control in high esteem and it can lead to better health outcomes.<sup><xref rid="ref1" ref-type="bibr">1</xref></sup> Consequently, high self-control has not commonly been a focus for psychological intervention. However, too much self-control, or maladaptive overcontrol, is associated with a range of problems, including social isolation, poor interpersonal functioning and mental illnesses such as chronic depression, anorexia nervosa and obsessive&#x02013;compulsive disorder.<sup><xref rid="ref2" ref-type="bibr">2</xref></sup> Radically open dialectical behaviour therapy (RO DBT) has been developed as an adapted form of dialectical behaviour therapy to directly target overcontrol, and is now supported by several controlled clinical trials.<sup><xref rid="ref3" ref-type="bibr">3</xref></sup> The therapy introduces strategies to improve social connectedness and intimacy and to reduce social isolation by improving emotional expression and the ability to respond more flexibly. The primary mechanism of change is through social signalling.<sup><xref rid="ref4" ref-type="bibr">4</xref></sup> In RO DBT, what matters most is how a person communicates or socially signals their inner experiences to others and the impact that social signalling has on their experience of social connectedness. RO DBT has been delivered in a variety of clinical settings, but there are no published studies of the effectiveness of RO DBT delivered in an adult community mental health team (CMHT).</p><p>Autism spectrum disorders (ASD) have also been recognised as disorders of maladaptive overcontrol, but ASD have not been recorded as comorbid conditions in the studies of RO DBT to date.<sup><xref rid="ref4" ref-type="bibr">4</xref></sup> In the UK, the Autism Act 2009 requires National Health Service (NHS) trusts to provide access to services for the diagnosis of autism in adults and this has resulted in a large increase in referrals of individuals seeking this diagnosis to explain their difficulties.<sup><xref rid="ref5" ref-type="bibr">5</xref></sup> However, the National Institute for Health and Care Excellence (NICE) guideline on the management of ASD in adults indicates very limited evidence for psychosocial interventions.<sup><xref rid="ref6" ref-type="bibr">6</xref></sup></p><p>This study reports on the effectiveness of RO DBT for people with maladaptive overcontrol in an NHS adult CMHT setting, with a specific focus on the outcomes of a subsample of these individuals who are diagnosed with ASD.</p><sec sec-type="methods" id="sec1"><title>Method</title><sec sec-type="other" id="sec1-1"><title>Setting</title><p>The study was undertaken in an NHS secondary care CMHT in northern England providing care and treatment for patients with mainly non-psychotic disorders. The RO DBT programme was open to other adult patients in the trust because it was the only service offering RO DBT, but the vast majority of patients came from the local team. The study used data collected routinely for all patients receiving group therapy in the service and so did not constitute research requiring ethical approval or informed consent from participants. The study was approved by Tees, Esk and Wear Valleys NHS Foundation Trust.</p></sec><sec sec-type="other" id="sec1-2"><title>Sample</title><p>Patients were considered eligible if their lead clinician considered that they were presenting with maladaptive overcontrol in the context of their mental health problems or following a team case formulation meeting. Patients were identified as meeting criteria for overcontrol using a clinical interview and a range of tools, including the Assessing Styles of Coping: Word-Pair Checklist, the OC Trait Rating Scale, and the Brief Overcontrol Scale.<sup><xref rid="ref2" ref-type="bibr">2</xref>,<xref rid="ref7" ref-type="bibr">7</xref>,<xref rid="ref8" ref-type="bibr">8</xref></sup> We only accepted patients who acknowledged that they had a coping style characterised by overcontrol and that they wanted to change it. Patient diagnosis was identified from the patient electronic record.</p></sec><sec sec-type="other" id="sec1-3"><title>Intervention</title><p>The typical RO DBT out-patient format is a 30-week programme and involves a 1&#x000a0;h weekly individual session and a 2.5&#x000a0;h weekly skills training session. The primary goal is to decrease behavioural overcontrol and aloofness, rather than decrease behavioural dyscontrol and mood-dependent responding, as in standard DBT.<sup><xref rid="ref9" ref-type="bibr">9</xref></sup> Patients are encouraged to practice disinhibition, participate without planning and to be more emotionally expressive.<sup><xref rid="ref2" ref-type="bibr">2</xref>,<xref rid="ref4" ref-type="bibr">4</xref></sup> In this study, regular individual sessions were not possible because of the limited staffing resource in the CMHT. Occasionally, participants received additional individual sessions, for example, if they started late in the programme as a means of catching up. Delivering a group-only programme is a recognised variation to the standard approach.<sup><xref rid="ref10" ref-type="bibr">10</xref>&#x02013;<xref rid="ref12" ref-type="bibr">12</xref></sup></p><p>Five cohorts of patients over the course of 3 years participated in a RO DBT programme consisting of 30 weekly skills training classes. Some started the programme halfway through a cohort and so continued into the next cohort. The fifth cohort programme was cut short by the COVID-19 pandemic, when all group therapy programmes were suspended.</p></sec><sec sec-type="other" id="sec1-4"><title>Therapists</title><p>Four psychological therapists trained in RO DBT delivered the programme (three psychiatric nurses and one occupational therapist) and they were supported by one psychiatric nurse in co-facilitating some of the skills classes. Clinical supervision was provided during weekly consultation meetings using the model of standard DBT.<sup><xref rid="ref9" ref-type="bibr">9</xref></sup></p></sec><sec sec-type="other" id="sec1-5"><title>Measures</title><p>In the first skills class, participants completed the Clinical Outcomes in Routine Evaluation &#x02013; Outcome Measure (CORE)<sup><xref rid="ref13" ref-type="bibr">13</xref></sup> and the Questionnaire about the Process of Recovery (QPR).<sup><xref rid="ref14" ref-type="bibr">14</xref></sup> These measures were repeated at mid-point (week 15) and end-point (week 30).</p><p>The CORE is a 34-item self-report questionnaire measuring the level of global distress the person has experienced in the previous week, measured on a five-point scale ranging from 0 to 4, and reported as a mean score per item. The measure contains four subdomains: subjective well-being, problems or symptoms, social and life functioning, and risk of harm to self and others. It has become a standard tool for measuring outcome in psychological therapy studies and has good psychometric properties.<sup><xref rid="ref13" ref-type="bibr">13</xref>,<xref rid="ref15" ref-type="bibr">15</xref></sup> The recommended clinical cut-off for CORE global distress is a mean item score of 1.0, with scores above this threshold considered to represent &#x02018;clinical caseness&#x02019;. A mean item score of 2.0 represents moderately severe distress. Reliable change is indicated by a global distress score change of at least 0.5, whereas clinical recovery is indicated by a reduction in the mean global distress score to &#x0003c;1.0.<sup><xref rid="ref16" ref-type="bibr">16</xref></sup></p><p>The QPR is a 25-item self-report measure designed to evaluate the achievement of recovery goals in severe mental illness. It was designed collaboratively by clinicians and patients and has been recommended as a tool to promote engagement and a collaborative clinical approach, but also as a method of detecting change in recovery in CMHTs.<sup><xref rid="ref14" ref-type="bibr">14</xref>,<xref rid="ref17" ref-type="bibr">17</xref>,<xref rid="ref18" ref-type="bibr">18</xref></sup> As such, it can measure whether the service is meeting the perceived needs of patients irrespective of their clinical outcome.</p></sec><sec sec-type="other" id="sec1-6"><title>Data analysis</title><p>Data analysis was undertaken using Real Statistics for Excel 365 for Windows.<sup><xref rid="ref19" ref-type="bibr">19</xref></sup> Baseline characteristics were described comparing differences between those completing the programme to 30 weeks (the per-protocol sample) and those dropping out early or not attending at all (the ITT sample). For the intention-to-treat (ITT) analyses we used the last observation carried forward (LOCF) method. Improvement in outcome measures at 15 and 30 weeks was examined for per-protocol (<italic toggle="yes">n</italic>&#x000a0;=&#x000a0;21) and ITT (<italic toggle="yes">n</italic>&#x000a0;=&#x000a0;35) samples using analysis of variance (ANOVA). Effect sizes were calculated using Cohen's <italic toggle="yes">d</italic> with 95% confidence intervals.<sup><xref rid="ref20" ref-type="bibr">20</xref></sup> Predictors of outcome at 30 weeks were examined for per-protocol and ITT samples using stepwise multiple linear regression. As a <italic toggle="yes">post hoc</italic> analysis, we compared the ASD and non-ASD participants for per-protocol and ITT samples for continuous outcomes using the <italic toggle="yes">t</italic>-test and categorical outcomes using the &#x003c7;<sup>2</sup>-test.</p></sec></sec><sec sec-type="results" id="sec2"><title>Results</title><sec sec-type="other" id="sec2-1"><title>Sample characteristics</title><p>Of the 48 eligible participants, 23 had a confirmed or working diagnosis of ASD, either as the only identified problem (<italic toggle="yes">n</italic>&#x000a0;=&#x000a0;3) or as a comorbid condition (<italic toggle="yes">n</italic>&#x000a0;=&#x000a0;20). This was the single most common diagnosis among the participants. Thirteen patients from this group had the diagnosis confirmed by the local specialist autism service; the other ten were on the waiting list for specialist assessment, but the working diagnosis was an autism spectrum condition. The primary diagnoses were depressive disorder (<italic toggle="yes">n</italic>&#x000a0;=&#x000a0;14), generalised anxiety disorder (<italic toggle="yes">n</italic>&#x000a0;=&#x000a0;8), bipolar disorder (<italic toggle="yes">n</italic>&#x000a0;=&#x000a0;6), personality disorder (<italic toggle="yes">n</italic>&#x000a0;=&#x000a0;5), post-traumatic stress disorder (<italic toggle="yes">n</italic>&#x000a0;=&#x000a0;4), schizophrenia and related disorders (<italic toggle="yes">n</italic>&#x000a0;=&#x000a0;4), anorexia nervosa (<italic toggle="yes">n</italic>&#x000a0;=&#x000a0;3), ASD (<italic toggle="yes">n</italic>&#x000a0;=&#x000a0;3) and attention-deficit hyperactivity disorder (<italic toggle="yes">n</italic>&#x000a0;=&#x000a0;1).</p></sec><sec sec-type="other" id="sec2-2"><title>Participant flow</title><p>The flow of participants through the study is shown in <xref rid="fig01" ref-type="fig">Fig. 1</xref>. In total, 21 participants completed the programme with outcome data recorded at mid-point (week 15) and at end-point (week 30). Participants in the fifth cohort were able to complete only 15 sessions before the sessions were stopped because of the COVID-19 pandemic and so their data are included in the ITT analysis but not the per-protocol analysis.
<fig position="float" id="fig01" fig-type="fig"><label>Fig. 1</label><caption><p>CONSORT flow diagram. RO DBT, radically open dialectical behaviour therapy.</p></caption><graphic xlink:href="S2056469420001138_fig1" position="float"/></fig></p><p>Non-attenders and those who dropped out did not differ from completers with respect to age, gender, ASD diagnosis or global severity of problems but reported a higher level of risk and a lower QPR score at baseline (<xref rid="tab01" ref-type="table">Table 1</xref>). The sample reflected the CMHT's case-load, with more women than men and overwhelmingly White British in ethnic origin.
<table-wrap position="float" id="tab01"><label>Table 1</label><caption><p>Participant characteristics according to treatment completion</p></caption><alternatives><graphic xlink:href="S2056469420001138_tab1" position="float"/><table frame="hsides" rules="groups"><col align="left" width="1*" span="1"/><col align="char" char="." width="1*" span="1"/><col align="left" width="1*" span="1"/><col align="char" char="." width="1*" span="1"/><col align="char" char="." width="1*" span="1"/><col align="left" width="1*" span="1"/><thead><tr><th align="left" rowspan="2" colspan="1"/><th align="center" colspan="2" rowspan="1">Treatment completers (<italic toggle="yes">n</italic>&#x000a0;=&#x000a0;21)</th><th align="center" colspan="2" rowspan="1">Treatment non-completers (<italic toggle="yes">n</italic>&#x000a0;=&#x000a0;27)</th><th align="left" colspan="1" rowspan="1"/></tr><tr><th align="center" colspan="1" rowspan="1"><italic toggle="yes">n</italic></th><th align="center" colspan="1" rowspan="1">%</th><th align="center" colspan="1" rowspan="1"><italic toggle="yes">n</italic></th><th align="center" colspan="1" rowspan="1">%</th><th align="left" colspan="1" rowspan="1">Comparison between groups<xref rid="tfn1_2" ref-type="table-fn"><sup>a</sup></xref></th></tr></thead><tbody><tr><td colspan="1" rowspan="1">Female</td><td colspan="1" rowspan="1">13</td><td colspan="1" rowspan="1">61.90</td><td colspan="1" rowspan="1">14</td><td colspan="1" rowspan="1">51.85</td><td colspan="1" rowspan="1">&#x003c7;<sup>2</sup>&#x000a0;=&#x000a0;0.31, d.f.&#x000a0;=&#x000a0;1<italic toggle="yes">, P</italic>&#x000a0;=&#x000a0;0.58</td></tr><tr><td colspan="1" rowspan="1">White British</td><td colspan="1" rowspan="1">21</td><td colspan="1" rowspan="1">100.00</td><td colspan="1" rowspan="1">27</td><td colspan="1" rowspan="1">100.00</td><td colspan="1" rowspan="1"><italic toggle="yes">P</italic>&#x000a0;=&#x000a0;1.00</td></tr><tr><td colspan="1" rowspan="1">Autism diagnosis</td><td colspan="1" rowspan="1">11</td><td colspan="1" rowspan="1">52.38</td><td colspan="1" rowspan="1">12</td><td colspan="1" rowspan="1">44.44</td><td colspan="1" rowspan="1">&#x003c7;<sup>2</sup>&#x000a0;=&#x000a0;0.13, d.f.&#x000a0;=&#x000a0;1<italic toggle="yes">, P</italic>&#x000a0;=&#x000a0;0.72</td></tr><tr><td colspan="1" rowspan="1"/><td align="center" colspan="1" rowspan="1">Mean</td><td colspan="1" rowspan="1">s.d. (range)</td><td align="center" colspan="1" rowspan="1">Mean</td><td colspan="1" rowspan="1">s.d. (range)</td><td colspan="1" rowspan="1"/></tr><tr><td colspan="1" rowspan="1">Age, years</td><td colspan="1" rowspan="1">40.67</td><td colspan="1" rowspan="1">13.33 (20&#x02013;58)</td><td align="center" colspan="1" rowspan="1">36.11</td><td colspan="1" rowspan="1">13.05 (18&#x02013;59)</td><td colspan="1" rowspan="1"><italic toggle="yes">t</italic>&#x000a0;=&#x000a0;0.71, d.f.&#x000a0;=&#x000a0;47, <italic toggle="yes">P</italic>&#x000a0;=&#x000a0;0.24</td></tr><tr><td colspan="1" rowspan="1">Sessions attended</td><td colspan="1" rowspan="1">25.81</td><td colspan="1" rowspan="1">3.22 (20&#x02013;30)</td><td colspan="1" rowspan="1">5.67</td><td colspan="1" rowspan="1">5.26 (0&#x02013;18)</td><td colspan="1" rowspan="1"><italic toggle="yes">t</italic>&#x000a0;=&#x000a0;14.98, d.f.&#x000a0;=&#x000a0;47, <italic toggle="yes">P</italic>&#x000a0;<bold>&#x0003c;</bold>&#x000a0;<bold>0.001</bold></td></tr><tr><td colspan="1" rowspan="1">Baseline CORE global distress score</td><td colspan="1" rowspan="1">2.06</td><td colspan="1" rowspan="1">0.66 (0.68&#x02013;3.06)</td><td colspan="1" rowspan="1">2.48</td><td colspan="1" rowspan="1">0.81 (0.76&#x02013;3.24)</td><td colspan="1" rowspan="1"><italic toggle="yes">t</italic>&#x000a0;=&#x000a0;1.13, d.f&#x000a0;=&#x000a0;34, <italic toggle="yes">P</italic>&#x000a0;=&#x000a0;0.10</td></tr><tr><td colspan="1" rowspan="1">Baseline CORE well-being score</td><td colspan="1" rowspan="1">2.44</td><td colspan="1" rowspan="1">0.75 (0.50&#x02013;3.50)</td><td colspan="1" rowspan="1">3.02</td><td colspan="1" rowspan="1">0.98 (1.00&#x02013;4.00)</td><td colspan="1" rowspan="1"><italic toggle="yes">t</italic>&#x000a0;=&#x000a0;1.62, d.f.&#x000a0;=&#x000a0;34, <italic toggle="yes">P</italic>&#x000a0;=&#x000a0;0.06</td></tr><tr><td colspan="1" rowspan="1">Baseline CORE problems score</td><td colspan="1" rowspan="1">2.52</td><td colspan="1" rowspan="1">0.86 (0.75&#x02013;3.67)</td><td colspan="1" rowspan="1">2.93</td><td colspan="1" rowspan="1">0.85 (1.00&#x02013;3.75)</td><td colspan="1" rowspan="1"><italic toggle="yes">t</italic>&#x000a0;=&#x000a0;0.97, d.f.&#x000a0;=&#x000a0;34, <italic toggle="yes">P</italic>&#x000a0;=&#x000a0;0.17</td></tr><tr><td colspan="1" rowspan="1">Baseline CORE functioning score</td><td colspan="1" rowspan="1">2.19</td><td colspan="1" rowspan="1">0.67 (1.00&#x02013;3.17)</td><td colspan="1" rowspan="1">2.46</td><td colspan="1" rowspan="1">0.84 (0.75&#x02013;3.42)</td><td colspan="1" rowspan="1"><italic toggle="yes">t</italic>&#x000a0;=&#x000a0;0.53, d.f.&#x000a0;=&#x000a0;34, <italic toggle="yes">P</italic>&#x000a0;=&#x000a0;0.30</td></tr><tr><td colspan="1" rowspan="1">Baseline CORE risk score</td><td colspan="1" rowspan="1">0.64</td><td colspan="1" rowspan="1">0.65 (0.00&#x02013;2.50)</td><td colspan="1" rowspan="1">1.27</td><td colspan="1" rowspan="1">0.87 (0&#x02013;2.33)</td><td colspan="1" rowspan="1"><italic toggle="yes">t</italic>&#x000a0;=&#x000a0;2.16, d.f.&#x000a0;=&#x000a0;34, <bold><italic toggle="yes">P</italic></bold>&#x000a0;<bold>=</bold>&#x000a0;<bold>0.02</bold></td></tr><tr><td colspan="1" rowspan="1">Baseline QPR score</td><td colspan="1" rowspan="1">24.67</td><td colspan="1" rowspan="1">9.19 (4&#x02013;44)</td><td colspan="1" rowspan="1">15.27</td><td colspan="1" rowspan="1">11.86 (0&#x02013;34)</td><td colspan="1" rowspan="1"><italic toggle="yes">t</italic>&#x000a0;=&#x000a0;2.06, d.f.&#x000a0;=&#x000a0;31, <bold><italic toggle="yes">P</italic></bold>&#x000a0;<bold>=</bold>&#x000a0;<bold>0.02</bold></td></tr></tbody></table></alternatives><table-wrap-foot><fn id="tfn1_1" fn-type="other"><p>CORE, Clinical Outcomes in Routine Evaluation &#x02013; Outcome Measure; QPR, Questionnaire about the Process of Recovery.</p></fn><fn id="tfn1_2" fn-type="other"><label>a.</label><p>&#x003c7;<sup>2</sup> for frequency variables, <italic toggle="yes">t</italic>-test for continuous variables.</p></fn><fn id="tfn1_3" fn-type="other"><p>Bold denotes significance at <italic toggle="yes">P</italic>&#x000a0;&#x0003c;&#x000a0;0.05.</p></fn></table-wrap-foot></table-wrap></p><p>The mean CORE global distress score at baseline was &#x0003e;2.0 for both groups, indicating that participants had moderately severe mental health problems. The lower score on the QPR measure in treatment non-completers suggests that this group was less well engaged with their care and treatment at the outset.</p><p>The reasons for drop out are reported in <xref rid="fig01" ref-type="fig">Fig. 1</xref>. External circumstances included starting a new job and taking on childcare responsibilities. Illness/therapy factors included feeling too unwell to continue participation and not being able to grasp the concepts discussed in the sessions.</p><p>Participants with a diagnosis of ASD did not differ from those without an ASD diagnosis with respect to mean age (35.6 <italic toggle="yes">v.</italic> 40.2 years, <italic toggle="yes">t</italic>&#x000a0;=&#x000a0;0.69, d.f.&#x000a0;=&#x000a0;47, <italic toggle="yes">P</italic>&#x000a0;=&#x000a0;0.30), female gender (52 <italic toggle="yes">v.</italic> 60%, &#x003c7;<sup>2</sup>&#x000a0;=&#x000a0;0.30, d.f.=&#x000a0;1<italic toggle="yes">, P</italic>&#x000a0;=&#x000a0;0.59), mean baseline CORE global distress score (2.39 <italic toggle="yes">v.</italic> 2.06, <italic toggle="yes">t</italic>&#x000a0;=&#x000a0;0.97, d.f.&#x000a0;=&#x000a0;34, <italic toggle="yes">P</italic>&#x000a0;=&#x000a0;0.18) or mean baseline QPR score (21.73 <italic toggle="yes">v.</italic> 21.18, <italic toggle="yes">t</italic>&#x000a0;=&#x000a0;1.27, d.f.&#x000a0;=&#x000a0;31, <italic toggle="yes">P</italic>&#x000a0;=&#x000a0;0.89).</p></sec><sec sec-type="other" id="sec2-3"><title>Outcomes at 30-week end-point for per-protocol and ITT samples</title><p>The intervention was effective in both the per-protocol (<italic toggle="yes">n</italic>&#x000a0;=&#x000a0;21) and the ITT (<italic toggle="yes">n</italic>&#x000a0;=&#x000a0;35) samples (<xref rid="tab02" ref-type="table">Table 2</xref>). In the per-protocol sample, five participants (24%) achieved a CORE global distress score indicative of clinical recovery (score &#x0003c;1.0) and nine (43%) made a reliable improvement (reduction in score &#x0003e;0.5). The effect size for change in CORE global distress was medium to large (Cohen's <italic toggle="yes">d</italic>&#x000a0;=&#x000a0;0.59). The mean improvement at the 30-week end-point was 0.43 (95% CI 0.09&#x02013;0.78) for the CORE global distress and the mean increase in QPR score was 8.29 (95% CI 3.00&#x02013;13.57).
<table-wrap position="float" id="tab02"><label>Table 2</label><caption><p>Per-protocol and intention-to-treat (ITT) analyses of outcomes</p></caption><alternatives><graphic xlink:href="S2056469420001138_tab2" position="float"/><table frame="hsides" rules="groups"><col align="left" width="1*" span="1"/><col align="char" char="(" width="1*" span="1"/><col align="char" char="(" width="1*" span="1"/><col align="char" char="(" width="1*" span="1"/><col align="char" char="." width="1*" span="1"/><col align="left" width="1*" span="1"/><col align="char" char="." width="1*" span="1"/><col align="char" char="(" width="1*" span="1"/><thead><tr><th align="left" colspan="1" rowspan="1"/><th align="center" colspan="1" rowspan="1">Baseline,<break/>mean (s.d.)</th><th align="center" colspan="1" rowspan="1">Mid-point,<break/>mean (s.d.)</th><th align="center" colspan="1" rowspan="1">Final,<break/>mean (s.d.)</th><th align="center" colspan="1" rowspan="1"><italic toggle="yes">F</italic></th><th align="center" colspan="1" rowspan="1">d.f.</th><th align="center" colspan="1" rowspan="1"><italic toggle="yes">P</italic></th><th align="center" colspan="1" rowspan="1">Effect size (95% CI for <italic toggle="yes">d</italic>)</th></tr></thead><tbody><tr><td colspan="8" rowspan="1">Per-protocol sample (<italic toggle="yes">n</italic>&#x000a0;=&#x000a0;21)</td></tr><tr><td colspan="1" rowspan="1">CORE global distress score</td><td colspan="1" rowspan="1">2.06 (0.66)</td><td colspan="1" rowspan="1">1.78 (0.78)</td><td colspan="1" rowspan="1">1.63 (0.81)</td><td colspan="1" rowspan="1">6.02</td><td colspan="1" rowspan="1">20</td><td colspan="1" rowspan="1"><bold>&#x0003c;0.01</bold></td><td colspan="1" rowspan="1">0.59 (0.57&#x02013;0.61)</td></tr><tr><td colspan="1" rowspan="1">CORE well-being score</td><td colspan="1" rowspan="1">2.44 (0.75)</td><td colspan="1" rowspan="1">2.12 (1.05)</td><td colspan="1" rowspan="1">1.92 (1.00)</td><td colspan="1" rowspan="1">4.74</td><td colspan="1" rowspan="1">20</td><td colspan="1" rowspan="1"><bold>0.01</bold></td><td colspan="1" rowspan="1">0.59 (0.57&#x02013;0.61)</td></tr><tr><td colspan="1" rowspan="1">CORE problems score</td><td colspan="1" rowspan="1">2.52 (0.86)</td><td colspan="1" rowspan="1">2.15 (0.96)</td><td colspan="1" rowspan="1">2.00 (0.97)</td><td colspan="1" rowspan="1">6.55</td><td colspan="1" rowspan="1">20</td><td colspan="1" rowspan="1"><bold>&#x0003c;0.01</bold></td><td colspan="1" rowspan="1">0.57 (0.55&#x02013;0.59)</td></tr><tr><td colspan="1" rowspan="1">CORE functioning score</td><td colspan="1" rowspan="1">2.19 (0.67)</td><td colspan="1" rowspan="1">1.85 (0.71)</td><td colspan="1" rowspan="1">1.74 (0.83)</td><td colspan="1" rowspan="1">5.62</td><td colspan="1" rowspan="1">20</td><td colspan="1" rowspan="1"><bold>0.01</bold></td><td colspan="1" rowspan="1">0.59 (0.57&#x02013;0.61)</td></tr><tr><td colspan="1" rowspan="1">CORE risk score</td><td colspan="1" rowspan="1">0.64 (0.65)</td><td colspan="1" rowspan="1">0.68 (0.77)</td><td colspan="1" rowspan="1">0.46 (0.68)</td><td colspan="1" rowspan="1">2.48</td><td colspan="1" rowspan="1">20</td><td colspan="1" rowspan="1">0.10</td><td colspan="1" rowspan="1">0.27 (0.25&#x02013;0.29)</td></tr><tr><td colspan="1" rowspan="1">QPR score</td><td colspan="1" rowspan="1">24.67 (9.91)</td><td colspan="1" rowspan="1">29.68 (11.83)</td><td colspan="1" rowspan="1">32.95 (11.59)</td><td colspan="1" rowspan="1">11.61</td><td colspan="1" rowspan="1">20</td><td colspan="1" rowspan="1"><bold>&#x0003c;0.001</bold></td><td colspan="1" rowspan="1">0.77 (0.75&#x02013;0.79)</td></tr><tr><td colspan="8" rowspan="1">ITT sample (<italic toggle="yes">n</italic>&#x000a0;=&#x000a0;35)</td></tr><tr><td colspan="1" rowspan="1">CORE global distress score</td><td colspan="1" rowspan="1">2.23 (0.74)</td><td colspan="1" rowspan="1">1.98 (0.83)</td><td colspan="1" rowspan="1">1.85 (0.93)</td><td colspan="1" rowspan="1">8.26</td><td colspan="1" rowspan="1">34</td><td colspan="1" rowspan="1"><bold>&#x0003c;0.001</bold></td><td colspan="1" rowspan="1">0.46 (0.45&#x02013;0.48)</td></tr><tr><td colspan="1" rowspan="1">CORE well-being score</td><td colspan="1" rowspan="1">2.67 (0.88)</td><td colspan="1" rowspan="1">2.46 (1.11)</td><td colspan="1" rowspan="1">2.23 (1.18)</td><td colspan="1" rowspan="1">4.35</td><td colspan="1" rowspan="1">34</td><td colspan="1" rowspan="1"><bold>0.02</bold></td><td colspan="1" rowspan="1">0.40 (0.39&#x02013;0.42)</td></tr><tr><td colspan="1" rowspan="1">CORE problems score</td><td colspan="1" rowspan="1">2.69 (0.87)</td><td colspan="1" rowspan="1">2.36 (1.01)</td><td colspan="1" rowspan="1">2.21 (1.12)</td><td colspan="1" rowspan="1">9.32</td><td colspan="1" rowspan="1">34</td><td colspan="1" rowspan="1"><bold>&#x0003c;0.001</bold></td><td colspan="1" rowspan="1">0.47 (0.45&#x02013;0.48)</td></tr><tr><td colspan="1" rowspan="1">CORE functioning</td><td colspan="1" rowspan="1">2.30 (0.74)</td><td colspan="1" rowspan="1">2.00 (0.76)</td><td colspan="1" rowspan="1">1.93 (0.87)</td><td colspan="1" rowspan="1">8.65</td><td colspan="1" rowspan="1">34</td><td colspan="1" rowspan="1"><bold>&#x0003c;0.001</bold></td><td colspan="1" rowspan="1">0.47 (0.46&#x02013;0.49)</td></tr><tr><td colspan="1" rowspan="1">CORE risk score</td><td colspan="1" rowspan="1">0.90 (0.80)</td><td colspan="1" rowspan="1">0.86 (0.80)</td><td colspan="1" rowspan="1">0.68 (0.79)</td><td colspan="1" rowspan="1">3.31</td><td colspan="1" rowspan="1">34</td><td colspan="1" rowspan="1"><bold>0.04</bold></td><td colspan="1" rowspan="1">0.27 (0.26&#x02013;0.29)</td></tr><tr><td colspan="1" rowspan="1">QPR score</td><td colspan="1" rowspan="1">21.44 (11.37)</td><td colspan="1" rowspan="1">25.59 (13.67)</td><td colspan="1" rowspan="1">28.23 (14.86)</td><td colspan="1" rowspan="1">14.86</td><td colspan="1" rowspan="1">31</td><td colspan="1" rowspan="1"><bold>&#x0003c;0.001</bold></td><td colspan="1" rowspan="1">0.52 (0.50&#x02013;0.53)</td></tr></tbody></table></alternatives><table-wrap-foot><fn id="tfn2_1" fn-type="other"><p>CORE, Clinical Outcomes in Routine Evaluation &#x02013; Outcome Measure; QPR, Questionnaire about the Process of Recovery.</p></fn><fn id="tfn2_2" fn-type="other"><p>Bold denotes significance at <italic toggle="yes">P</italic>&#x000a0;&#x0003c;&#x000a0;0.05.</p></fn></table-wrap-foot></table-wrap></p><p>In the ITT sample, 9 participants (26%) achieved a CORE global distress score indicative of clinical recovery and 13 (37%) made a reliable improvement. The effect size for change in CORE global distress was small to medium (Cohen's <italic toggle="yes">d</italic>&#x000a0;=&#x000a0;0.46). The mean improvement at the 30-week end-point was 0.38 (95% CI 0.02&#x02013;0.74) and the mean increase in QPR was 6.69 (95% CI 0.33&#x02013;13.05).</p><p>Seven participants (five with an ASD diagnosis) continued in the therapy group beyond 30 weeks for clinical reasons. The mean improvement for all participants (<italic toggle="yes">n</italic>&#x000a0;=&#x000a0;28) with outcome at the end of their intervention was 0.53 (95% CI 0.24&#x02013;0.82) on the CORE global distress score, which represents a clinically reliable improvement overall.</p></sec><sec sec-type="other" id="sec2-4"><title>Predictors of outcome</title><p>We used stepwise regression to examine which factors predicted the outcome score at 30 weeks in participants completing the programme to 30 weeks (per-protocol, <italic toggle="yes">n</italic>&#x000a0;=&#x000a0;21) and the intention-to-treat sample (ITT, <italic toggle="yes">n</italic>&#x000a0;=&#x000a0;35). We entered the following variables into the analysis: age, gender, initial severity (CORE global distress score at baseline), diagnosis of ASD, cohort and number of sessions attended.</p><p>Initial severity and diagnosis of ASD were entered into the model in both per-protocol and ITT samples and accounted for a highly significant amount of the variation in the final outcome score &#x02013; 60% in the per-protocol sample and 55% in the ITT sample (<xref rid="tab03" ref-type="table">Table 3</xref>). Participants with lower baseline CORE global distress scores and a diagnosis of autism were significantly more likely to have a better final outcome score.
<table-wrap position="float" id="tab03"><label>Table 3</label><caption><p>Predictors of final Clinical Outcomes in Routine Evaluation &#x02013; Outcome Measure (CORE) global distress score</p></caption><alternatives><graphic xlink:href="S2056469420001138_tab3" position="float"/><table frame="hsides" rules="groups"><col align="left" width="1*" span="1"/><col align="char" char="." width="1*" span="1"/><col align="char" char="." width="1*" span="1"/><col align="center" width="1*" span="1"/><col align="char" char="." width="1*" span="1"/><col align="left" width="1*" span="1"/><thead><tr><th align="left" colspan="1" rowspan="1">Model</th><th align="center" colspan="1" rowspan="1"/><th align="center" colspan="1" rowspan="1"/><th align="center" colspan="1" rowspan="1"/><th align="center" colspan="1" rowspan="1"/><th align="center" colspan="1" rowspan="1"><italic toggle="yes">P</italic></th></tr></thead><tbody><tr><td colspan="6" rowspan="1">Per-protocol sample (<italic toggle="yes">n</italic>&#x000a0;=&#x000a0;21)</td></tr><tr><td colspan="1" rowspan="1"/><td colspan="1" rowspan="1"><italic toggle="yes">r</italic><sup>2</sup>&#x000a0;=&#x000a0;0.64</td><td align="center" colspan="1" rowspan="1">adj. <italic toggle="yes">r</italic><sup>2</sup>&#x000a0;=&#x000a0;0.60</td><td colspan="1" rowspan="1"/><td colspan="1" rowspan="1"><italic toggle="yes">F</italic>&#x000a0;=&#x000a0;15.76</td><td colspan="1" rowspan="1"><bold>&#x0003c;0.001</bold></td></tr><tr><td colspan="1" rowspan="1">Variables</td><td colspan="1" rowspan="1">&#x003b2;</td><td colspan="1" rowspan="1">s.e.</td><td colspan="1" rowspan="1">95% CI</td><td colspan="1" rowspan="1"><italic toggle="yes">t</italic></td><td colspan="1" rowspan="1"/></tr><tr><td colspan="1" rowspan="1">Constant</td><td colspan="1" rowspan="1">0.27</td><td colspan="1" rowspan="1">0.39</td><td colspan="1" rowspan="1"/><td colspan="1" rowspan="1"/><td colspan="1" rowspan="1"/></tr><tr><td colspan="1" rowspan="1">Initial severity</td><td colspan="1" rowspan="1">0.85</td><td colspan="1" rowspan="1">0.18</td><td colspan="1" rowspan="1">0.54&#x02013;1.15</td><td colspan="1" rowspan="1">4.81</td><td colspan="1" rowspan="1"><bold>&#x0003c;0.001</bold></td></tr><tr><td colspan="1" rowspan="1">Autism</td><td colspan="1" rowspan="1">0.75</td><td colspan="1" rowspan="1">0.23</td><td colspan="1" rowspan="1">0.34&#x02013;1.13</td><td colspan="1" rowspan="1">3.27</td><td colspan="1" rowspan="1"><bold>&#x0003c;0.01</bold></td></tr><tr><td colspan="6" rowspan="1">Intention-to-treat sample (<italic toggle="yes">n</italic>&#x000a0;=&#x000a0;35)</td></tr><tr><td colspan="1" rowspan="1"/><td colspan="1" rowspan="1"><italic toggle="yes">r</italic><sup>2</sup>&#x000a0;=&#x000a0;0.57</td><td align="center" colspan="1" rowspan="1">adj. <italic toggle="yes">r</italic><sup>2</sup>&#x000a0;=&#x000a0;0.55</td><td colspan="1" rowspan="1"/><td colspan="1" rowspan="1"><italic toggle="yes">F</italic>&#x000a0;=&#x000a0;21.65</td><td colspan="1" rowspan="1"><bold>&#x0003c;0.001</bold></td></tr><tr><td colspan="1" rowspan="1">Variables</td><td colspan="1" rowspan="1">&#x003b2;</td><td colspan="1" rowspan="1">s.e.</td><td colspan="1" rowspan="1">95% CI</td><td colspan="1" rowspan="1"><italic toggle="yes">t</italic></td><td colspan="1" rowspan="1"/></tr><tr><td colspan="1" rowspan="1">Constant</td><td colspan="1" rowspan="1">0.08</td><td colspan="1" rowspan="1">0.33</td><td colspan="1" rowspan="1"/><td colspan="1" rowspan="1"/><td colspan="1" rowspan="1"/></tr><tr><td colspan="1" rowspan="1">Initial severity</td><td colspan="1" rowspan="1">0.95</td><td colspan="1" rowspan="1">0.14</td><td colspan="1" rowspan="1">0.70&#x02013;1.19</td><td colspan="1" rowspan="1">6.58</td><td colspan="1" rowspan="1"><bold>&#x0003c;0.001</bold></td></tr><tr><td colspan="1" rowspan="1">Autism</td><td colspan="1" rowspan="1">0.37</td><td colspan="1" rowspan="1">0.21</td><td colspan="1" rowspan="1">0.01&#x02013;0.73</td><td colspan="1" rowspan="1">1.76</td><td colspan="1" rowspan="1">0.09</td></tr></tbody></table></alternatives><table-wrap-foot><fn id="tfn3_1" fn-type="other"><p>Bold denotes significance at <italic toggle="yes">P</italic>&#x000a0;&#x0003c;&#x000a0;0.05.</p></fn></table-wrap-foot></table-wrap></p></sec><sec sec-type="other" id="sec2-5"><title>Comparison between ASD and non-ASD participants at the end of treatment for continuous and categorical outcomes</title><p>Participants with a confirmed or working diagnosis of ASD showed clinically reliable improvement and showed better outcomes than non-ASD participants with respect to functioning and perception of recovery (<xref rid="tab04" ref-type="table">Table 4</xref>).
<table-wrap position="float" id="tab04"><label>Table 4</label><caption><p>Comparison of change in continuous outcomes between participants with and without a diagnosis of autism spectrum disorder (ASD)</p></caption><alternatives><graphic xlink:href="S2056469420001138_tab4" position="float"/><table frame="hsides" rules="groups"><col align="left" width="1*" span="1"/><col align="char" char="(" width="1*" span="1"/><col align="char" char="(" width="1*" span="1"/><col align="char" char="." width="1*" span="1"/><col align="left" width="1*" span="1"/><col align="char" char="." width="1*" span="1"/><thead><tr><th align="left" colspan="1" rowspan="1"/><th align="center" colspan="1" rowspan="1">Change in ASD (s.d.)</th><th align="center" colspan="1" rowspan="1">Change in non-ASD (s.d.)</th><th align="center" colspan="1" rowspan="1"><italic toggle="yes">T</italic></th><th align="left" colspan="1" rowspan="1">d.f.</th><th align="center" colspan="1" rowspan="1"><italic toggle="yes">P</italic></th></tr></thead><tbody><tr><td colspan="6" rowspan="1">Per-protocol sample<xref rid="tfn4_2" ref-type="table-fn"><sup>a</sup></xref></td></tr><tr><td colspan="1" rowspan="1">CORE global distress score</td><td colspan="1" rowspan="1">0.79 (0.61)</td><td colspan="1" rowspan="1">0.04 (0.37)</td><td colspan="1" rowspan="1">3.04</td><td colspan="1" rowspan="1">20</td><td colspan="1" rowspan="1"><bold>&#x0003c;0.01</bold></td></tr><tr><td colspan="1" rowspan="1">CORE well-being score</td><td colspan="1" rowspan="1">0.89 (0.90)</td><td colspan="1" rowspan="1">0.13 (0.58)</td><td colspan="1" rowspan="1">1.93</td><td colspan="1" rowspan="1">20</td><td colspan="1" rowspan="1"><bold>0.03</bold></td></tr><tr><td colspan="1" rowspan="1">CORE problems score</td><td colspan="1" rowspan="1">0.94 (0.60)</td><td colspan="1" rowspan="1">0.06 (0.52)</td><td colspan="1" rowspan="1">3.28</td><td colspan="1" rowspan="1">20</td><td colspan="1" rowspan="1"><bold>&#x0003c;0.01</bold></td></tr><tr><td colspan="1" rowspan="1">CORE functioning score</td><td colspan="1" rowspan="1">0.83 (0.79)</td><td colspan="1" rowspan="1">0.03 (0.43)</td><td colspan="1" rowspan="1">2.47</td><td colspan="1" rowspan="1">20</td><td colspan="1" rowspan="1"><bold>0.01</bold></td></tr><tr><td colspan="1" rowspan="1">CORE risk score</td><td colspan="1" rowspan="1">0.38 (0.45)</td><td colspan="1" rowspan="1">&#x02212;0.03 (0.36)</td><td colspan="1" rowspan="1">1.96</td><td colspan="1" rowspan="1">20</td><td colspan="1" rowspan="1"><bold>0.03</bold></td></tr><tr><td colspan="1" rowspan="1">QPR score</td><td colspan="1" rowspan="1">12.18 (6.97)</td><td colspan="1" rowspan="1">4.00 (7.29)</td><td colspan="1" rowspan="1">2.29</td><td colspan="1" rowspan="1">20</td><td colspan="1" rowspan="1"><bold>0.02</bold></td></tr><tr><td colspan="1" rowspan="1">ITT sample<xref rid="tfn4_3" ref-type="table-fn"><sup>b</sup></xref></td><td colspan="1" rowspan="1"/><td colspan="1" rowspan="1"/><td colspan="1" rowspan="1"/><td colspan="1" rowspan="1"/><td colspan="1" rowspan="1"/></tr><tr><td colspan="1" rowspan="1">CORE global distress score</td><td colspan="1" rowspan="1">0.57 (0.57)</td><td colspan="1" rowspan="1">0.18 (0.62)</td><td colspan="1" rowspan="1">1.57</td><td colspan="1" rowspan="1">34</td><td colspan="1" rowspan="1">0.06</td></tr><tr><td colspan="1" rowspan="1">CORE well-being score</td><td colspan="1" rowspan="1">0.54 (0.84)</td><td colspan="1" rowspan="1">0.28 (0.97)</td><td colspan="1" rowspan="1">0.26</td><td colspan="1" rowspan="1">34</td><td colspan="1" rowspan="1">0.40</td></tr><tr><td colspan="1" rowspan="1">CORE problems score</td><td colspan="1" rowspan="1">0.67 (0.61)</td><td colspan="1" rowspan="1">0.24 (0.77)</td><td colspan="1" rowspan="1">1.46</td><td colspan="1" rowspan="1">34</td><td colspan="1" rowspan="1">0.08</td></tr><tr><td colspan="1" rowspan="1">CORE functioning score</td><td colspan="1" rowspan="1">0.62 (0.69)</td><td colspan="1" rowspan="1">0.12 (0.55)</td><td colspan="1" rowspan="1">2.00</td><td colspan="1" rowspan="1">34</td><td colspan="1" rowspan="1"><bold>0.03</bold></td></tr><tr><td colspan="1" rowspan="1">CORE risk score</td><td colspan="1" rowspan="1">0.31 (0.38)</td><td colspan="1" rowspan="1">0.12 (0.59)</td><td colspan="1" rowspan="1">0.62</td><td colspan="1" rowspan="1">34</td><td colspan="1" rowspan="1">0.27</td></tr><tr><td colspan="1" rowspan="1">QPR score</td><td colspan="1" rowspan="1">9.53 (7.73)</td><td colspan="1" rowspan="1">4.18 (8.74)</td><td colspan="1" rowspan="1">1.46</td><td colspan="1" rowspan="1">31</td><td colspan="1" rowspan="1">0.08</td></tr></tbody></table></alternatives><table-wrap-foot><fn id="tfn4_1" fn-type="other"><p>CORE, Clinical Outcomes in Routine Evaluation &#x02013; Outcome Measure; QPR, Questionnaire about the Process of Recovery.</p></fn><fn id="tfn4_2" fn-type="other"><label>a.</label><p>Per-protocol sample: ASD, <italic toggle="yes">n</italic>&#x000a0;=&#x000a0;11; non-ASD, <italic toggle="yes">n</italic>&#x000a0;=&#x000a0;10.</p></fn><fn id="tfn4_3" fn-type="other"><label>b.</label><p>Intention-to-treat (ITT) sample: ASD, <italic toggle="yes">n</italic>&#x000a0;=&#x000a0;18; non-ASD, <italic toggle="yes">n</italic>&#x000a0;=&#x000a0;17.</p></fn><fn id="tfn4_4" fn-type="other"><p>Bold denotes significance at <italic toggle="yes">P</italic>&#x000a0;&#x0003c;&#x000a0;0.05.</p></fn></table-wrap-foot></table-wrap></p><p>At the end of treatment the ASD and non-ASD participants (<italic toggle="yes">n</italic>&#x000a0;=&#x000a0;28) did not differ significantly in the number who met the clinical recovery threshold (CORE global distress score &#x0003c;1.0) (&#x003c7;<sup>2</sup>&#x000a0;=&#x000a0;2.01, d.f.&#x000a0;=&#x000a0;1<italic toggle="yes">, P</italic>&#x000a0;=&#x000a0;0.16). However, participants with ASD were significantly more likely to have a reliable improvement in CORE global distress score in the per-protocol but not the ITT sample. In the per-protocol sample, 73% of participants with ASD showed reliable improvement, compared with 10% of non-ASD participants (&#x003c7;<sup>2</sup>&#x000a0;=&#x000a0;8.21, d.f.&#x000a0;=&#x000a0;3<italic toggle="yes">, P</italic>&#x000a0;=&#x000a0;0.04). In the ITT sample, the figures were 56% for those with ASD and 18% for non-ASD participants (&#x003c7;<sup>2</sup>=&#x000a0;4.58, d.f.&#x000a0;=&#x000a0;3<italic toggle="yes">, P</italic>&#x000a0;=&#x000a0;0.21).</p><p>Among the male participants completing the programme, 4/8 (50%) achieved clinical recovery (a CORE global distress score &#x0003c;1.0) compared with 2/13 (15.4%) of the female participants. However, the difference between men and women was not statistically significant (&#x003c7;<sup>2</sup>&#x000a0;=&#x000a0;2.41, d.f.&#x000a0;=&#x000a0;1<italic toggle="yes">, P</italic>&#x000a0;=&#x000a0;0.12).</p></sec></sec><sec sec-type="discussion" id="sec3"><title>Discussion</title><p>The findings from this study provide preliminary evidence for the effectiveness of RO DBT for mental disorders in routine clinical practice, and in particular for adults with ASD without intellectual disability. RO DBT is a treatment for maladaptive overcontrol, which characterises many individuals with autism, and demonstrating that RO DBT is a potentially effective treatment for this population is therefore an important step forward.</p><p>There have been three randomised controlled trials of RO DBT for refractory depression<sup><xref rid="ref21" ref-type="bibr">21</xref>&#x02013;<xref rid="ref23" ref-type="bibr">23</xref></sup> and two open trials for anorexia nervosa.<sup><xref rid="ref24" ref-type="bibr">24</xref>,<xref rid="ref25" ref-type="bibr">25</xref></sup> The only published study in a mixed diagnostic group is a non-randomised controlled trial in adults with mental health problems related to overcontrol referred to a specialist psychological therapy service.<sup><xref rid="ref10" ref-type="bibr">10</xref></sup> RO DBT has been delivered in a variety of clinical settings, including psychological therapy services, US military veterans services, eating disorder services and forensic in-patient care.<sup><xref rid="ref12" ref-type="bibr">12</xref></sup></p><p>In psychiatric settings, ASD is almost certainly underdiagnosed as a comorbid difficulty or misdiagnosed as a psychotic disorder, personality disorder or obsessive&#x02013;compulsive disorder,<sup><xref rid="ref26" ref-type="bibr">26</xref>,<xref rid="ref27" ref-type="bibr">27</xref></sup> and adults with ASD have high levels of psychiatric comorbidity and dysfunction.<sup><xref rid="ref28" ref-type="bibr">28</xref>,<xref rid="ref29" ref-type="bibr">29</xref></sup> ASD is also a significant risk factor for suicidal behaviour.<sup><xref rid="ref30" ref-type="bibr">30</xref></sup> Previous studies on treatment for ASD have generally looked at adapting established psychological therapies to treat comorbid conditions in people with ASD as a way of improving their mental health and well-being.<sup><xref rid="ref31" ref-type="bibr">31</xref>,<xref rid="ref32" ref-type="bibr">32</xref></sup> There have been very few studies designed to improve functioning in autism itself,<sup><xref rid="ref33" ref-type="bibr">33</xref>,<xref rid="ref34" ref-type="bibr">34</xref></sup> and the current NICE recommendations are largely extrapolated from work in adolescent and intellectual disability populations.<sup><xref rid="ref6" ref-type="bibr">6</xref></sup></p><p>Our results can best be compared with two open trials that also used the CORE as a primary outcome measure. A study of modified individual CBT for people with ASD in a specialist psychological therapy service had a larger sample (<italic toggle="yes">n</italic>&#x000a0;=&#x000a0;81), but with milder baseline severity (mean CORE global distress 1.79).<sup><xref rid="ref35" ref-type="bibr">35</xref></sup> Of the participants completing the therapy in that study, 37% showed reliable improvement and 19% achieved clinical recovery on the CORE global distress score, compared with 73 and 36% respectively for the participants with ASD in our study. A study of RO DBT in in-patients with anorexia nervosa had a sample size of 47 and a baseline severity of 2.21 for CORE global distress, very similar to our study.<sup><xref rid="ref24" ref-type="bibr">24</xref></sup> The mean change in CORE global distress in the ITT sample was 0.46, with an effect size of 0.71, thereby showing a more positive outcome overall compared with the current study.</p><p>Social signalling, such as social smiling and prosocial body language, has been regarded as a core deficit in ASD that is not readily amenable to change. Our anecdotal impression was that many participants with ASD were able to learn social signalling, and several gave positive feedback. For example one anonymous participant commented, &#x02018;I cannot believe how much it has helped me understand myself, ASD and how to approach the problems I face with the condition&#x02019;. Given that the treatment is designed to treat overcontrol irrespective of ASD diagnosis, our finding that participants with ASD gained greater benefit requires further exploration.</p><sec sec-type="other" id="sec3-1"><title>Strengths and limitations</title><p>For any treatment of ASD to be delivered, it must be feasible within the current clinical practice of mental health service delivery. One of the strengths of this study is that it was implemented in a government-funded community treatment team, alongside the routine delivery of care and treatment for a wide range of mental health conditions, and without any additional resources. It is also important to note that the participants treated had an illness of at least moderate severity and were not selected for the likelihood of responding to the treatment.</p><p>There are several limitations that we recognise. This was an uncontrolled study and we did not gather data on what other treatment participants might have received. The study sample was entirely White British, so the findings may not be translatable to multi-ethnic populations. The sample size is small, and a large proportion of participants did not complete the 30 weeks of the RO DBT programme. This high attrition rate can at least partly be explained by an apparent lack of motivation and engagement at baseline among the treatment non-completers, as demonstrated by their lower QPR scores. In addition, we did not measure the fidelity of the programme to the RO DBT manual. However, despite the fact that participants in this study received a more limited version of the recommended RO DBT standard of one-to-one therapy in addition to weekly skills classes, positive findings were found in both the per-protocol and the intention-to-treat samples. This in itself is important to note, as most government-funded community treatment centres, like the one in this study, would not have the resources to provide the full programme of RO DBT. Our outcome measures were limited to self-report questionnaires, which might have been biased in favour of the treatment received, and we do not know whether the positive outcomes experienced by the participants were sustained beyond the 30-week therapy programme. We did not record the severity of overcontrol at baseline, which is one possible explanation for the better outcome in participants with an ASD diagnosis.</p></sec><sec sec-type="other" id="sec3-2"><title>Implications for future research</title><p>Future research needs to examine RO DBT in ASD using a randomised controlled trial methodology and it would be important to record any additional psychological and pharmacological treatments that participants receive for comorbid conditions. Follow-up beyond the end of the therapy programme should also be measured. There are already modified versions of RO DBT being delivered<sup><xref rid="ref11" ref-type="bibr">11</xref></sup> and so studies need to carefully describe the content of the therapeutic intervention and compare more and less intensive models of RO DBT. Studies using RO DBT need to report the number of participants with ASD where the treatment is directed at other disorders, as ASD is likely to be a comorbid condition in many disorders of overcontrol.</p></sec></sec></body><back><ack><title>Acknowledgements</title><p>We thank the participants; Kathryn Stevinson and Laura Morrison, who co-facilitated some group sessions; the clinicians from Redcar &#x00026; Cleveland Affective Disorders Team; and staff at Tees, Esk and Wear Valleys NHS Foundation Trust who supported this work. We are also very grateful to Roelie Hempel and Kirsten Gilbert for their comments on earlier drafts of the paper.</p></ack><notes id="nts1" notes-type="other"><title>About the authors</title><p><bold>Peter L. Cornwall</bold> is a consultant psychiatrist with Redcar &#x00026; Cleveland Mental Health Services, Tees, Esk and Wear Valleys NHS Foundation Trust, UK. <bold>Susan Simpson</bold> is a psychological therapist with Redcar &#x00026; Cleveland Mental Health Services, Tees, Esk and Wear Valleys NHS Foundation Trust. <bold>Claire Gibbs</bold> is a clinical nurse specialist with Redcar &#x00026; Cleveland Mental Health Services, Tees, Esk and Wear Valleys NHS Foundation Trust. <bold>Valerie Morfee</bold> is a team manager with Redcar &#x00026; Cleveland Mental Health Services, Tees, Esk and Wear Valleys NHS Foundation Trust.</p></notes><sec sec-type="data-availability" id="sec-das"><title>Data availability</title><p>The data that support the findings of this study are available from the corresponding author, [PLC], upon reasonable request.</p></sec><notes id="nts3" notes-type="other"><title>Author contributions</title><p>P.L.C. designed the study, analysed the data and wrote the article. S.S. helped design the study, delivered the treatment, gathered the data and helped revise the article. C.G. and V.M. delivered the treatment, gathered the data and helped revise the article.</p></notes><sec sec-type="COI-statement" id="nts4"><title>Declaration of interest</title><p>None.</p><sec sec-type="supplementary-material" id="sec4"><title>Supplementary material</title><supplementary-material id="S2056469420001138sup001" position="float" content-type="local-data"><p>For supplementary material accompanying this paper visit http://doi.org/10.1192/bjb.2020.113.</p><media xlink:href="S2056469420001138sup001.zip" id="d64e1527" position="anchor"><caption><p>click here to view supplementary material</p></caption></media></supplementary-material></sec></sec><ref-list id="reflist1"><title>References</title><ref id="ref1"><label>1</label><mixed-citation publication-type="journal" id="cite1"><string-name><surname>Moffitt</surname>
<given-names>TE</given-names></string-name>, <string-name><surname>Arseneault</surname>
<given-names>L</given-names></string-name>, <string-name><surname>Belsky</surname>
<given-names>D</given-names></string-name>, <string-name><surname>Dickson</surname>
<given-names>N</given-names></string-name>, <string-name><surname>Hancox</surname>
<given-names>RJ</given-names></string-name>, <string-name><surname>Harrington</surname>
<given-names>H</given-names></string-name>, <etal/>
<article-title>A gradient of childhood self-control predicts health, wealth, and public safety</article-title>. <source>Proc Natl Acad Sci USA</source>
<year>2011</year>; <volume>108</volume>: <fpage>2693</fpage>&#x02013;8.<pub-id pub-id-type="pmid">21262822</pub-id></mixed-citation></ref><ref id="ref2"><label>2</label><mixed-citation publication-type="book" id="cite2"><string-name><surname>Lynch</surname>
<given-names>TR</given-names></string-name>. <source>Radically Open Dialectical Behaviour Therapy: Theory and Practice for Treating Disorders of Overcontrol</source>. <publisher-name>Context Press</publisher-name>, <year>2018</year>.</mixed-citation></ref><ref id="ref3"><label>3</label><mixed-citation publication-type="journal" id="cite3"><string-name><surname>Gilbert</surname>
<given-names>K</given-names></string-name>, <string-name><surname>Hall</surname>
<given-names>K</given-names></string-name>, <string-name><surname>Codd</surname>
<given-names>RT</given-names></string-name>. <article-title>Radically open dialectical behavior therapy: social signaling, transdiagnostic utility and current evidence</article-title>. <source>Psychol Res Behav Manage</source>
<year>2020</year>; <volume>13</volume>: <fpage>19</fpage>&#x02013;<lpage>28</lpage>.</mixed-citation></ref><ref id="ref4"><label>4</label><mixed-citation publication-type="journal" id="cite4"><string-name><surname>Lynch</surname>
<given-names>TR</given-names></string-name>, <string-name><surname>Hempel</surname>
<given-names>RJ</given-names></string-name>, <string-name><surname>Dunkley</surname>
<given-names>C</given-names></string-name>. <article-title>Radically open-dialectical behavior therapy for disorders of over-control: signaling matters</article-title>. <source>Am J Psychother</source>
<year>2015</year>; <volume>69</volume>: <fpage>141</fpage>&#x02013;62.<pub-id pub-id-type="pmid">26160620</pub-id></mixed-citation></ref><ref id="ref5"><label>5</label><mixed-citation publication-type="other" id="cite5"><collab>Department of Health, Local Government and Care Partnerships, Mental Health, Disability and Dementia</collab>. <source>Statutory Guidance for Local Authorities and NHS Organisations to Support Implementation of the Adult Autism Strategy</source>. Department of Health, <year>2015</year>.</mixed-citation></ref><ref id="ref6"><label>6</label><mixed-citation publication-type="book" id="cite6"><collab>National Collaborating Centre for Mental Health</collab>. <source>Autism: Recognition, Referral, Diagnosis and Management of Adults on the Autism Spectrum (NICE Clinical Guideline CG142)</source>. <publisher-name>British Psychological Society/Royal College of Psychiatrists</publisher-name>, <year>2016</year>.</mixed-citation></ref><ref id="ref7"><label>7</label><mixed-citation publication-type="journal" id="cite7"><string-name><surname>Hempel</surname>
<given-names>RJ</given-names></string-name>, <string-name><surname>Rushbrook</surname>
<given-names>SC</given-names></string-name>, <string-name><surname>O'Mahen H</surname>
<given-names>LT</given-names></string-name>. <article-title>How to differentiate overcontrol from undercontrol: findings from the RefraMED study and guidelines from clinical practice</article-title>. <source>Behav Ther</source>
<year>2018</year>; <volume>41</volume>: <fpage>132</fpage>&#x02013;42.</mixed-citation></ref><ref id="ref8"><label>8</label><mixed-citation publication-type="book" id="cite8"><string-name><surname>Seretis</surname>
<given-names>D</given-names></string-name>, <string-name><surname>Maguire</surname>
<given-names>T</given-names></string-name>, <string-name><surname>Hempel</surname>
<given-names>RJ</given-names></string-name>, <string-name><surname>Lynch</surname>
<given-names>TR</given-names></string-name>, <string-name><surname>Hart</surname>
<given-names>C</given-names></string-name>. <source>The Brief Overcontrol Scale</source>. <publisher-name>University of Southampton</publisher-name>, <year>2017</year> (<uri xlink:href="http://eprints.soton.ac.uk/id/eprint/411921">http://eprints.soton.ac.uk/id/eprint/411921</uri>).</mixed-citation></ref><ref id="ref9"><label>9</label><mixed-citation publication-type="book" id="cite9"><string-name><surname>Linehan</surname>
<given-names>MM</given-names></string-name>. <source>Cognitive-Behavioural Treatment of Borderline Personality Disorder</source>. <publisher-name>Guildford Press</publisher-name>, <year>1993</year>.</mixed-citation></ref><ref id="ref10"><label>10</label><mixed-citation publication-type="journal" id="cite10"><string-name><surname>Keogh</surname>
<given-names>K</given-names></string-name>, <string-name><surname>Booth</surname>
<given-names>R</given-names></string-name>, <string-name><surname>Baird</surname>
<given-names>K</given-names></string-name>, <string-name><surname>Gibson</surname>
<given-names>J</given-names></string-name>, <string-name><surname>Davenport</surname>
<given-names>J</given-names></string-name>. <article-title>The radical openness group: a controlled trial with 3-month follow-up</article-title>. <source>Pract Innov</source>
<year>2016</year>; <volume>1</volume>: <fpage>129</fpage>&#x02013;43.</mixed-citation></ref><ref id="ref11"><label>11</label><mixed-citation publication-type="journal" id="cite11"><string-name><surname>Booth</surname>
<given-names>R</given-names></string-name>, <string-name><surname>Egan R</surname>
<given-names>GJ</given-names></string-name>. <article-title>Group radical openness</article-title>. <source>Behav Ther</source>
<year>2018</year>; <volume>41</volume>: <fpage>154</fpage>&#x02013;6.</mixed-citation></ref><ref id="ref12"><label>12</label><mixed-citation publication-type="journal" id="cite12"><string-name><surname>Hempel</surname>
<given-names>R</given-names></string-name>, <string-name><surname>Booth</surname>
<given-names>R</given-names></string-name>, <string-name><surname>Giblin</surname>
<given-names>A</given-names></string-name>, <string-name><surname>Hamilton</surname>
<given-names>L</given-names></string-name>, <string-name><surname>Hoch</surname>
<given-names>A</given-names></string-name>, <string-name><surname>Portner</surname>
<given-names>J</given-names></string-name>, <etal/>
<article-title>The implementation of RO DBT in clinical practice</article-title>. <source>Behav Ther</source>
<year>2018</year>; <volume>41</volume>: <fpage>161</fpage>&#x02013;73.</mixed-citation></ref><ref id="ref13"><label>13</label><mixed-citation publication-type="journal" id="cite13"><string-name><surname>Evans</surname>
<given-names>C</given-names></string-name>, <string-name><surname>Connell</surname>
<given-names>J</given-names></string-name>, <string-name><surname>Barkham</surname>
<given-names>M</given-names></string-name>, <string-name><surname>Margison</surname>
<given-names>F</given-names></string-name>, <string-name><surname>McGrath</surname>
<given-names>G</given-names></string-name>, <string-name><surname>Mellor-Clark</surname>
<given-names>J</given-names></string-name>, <etal/>
<article-title>Towards a standardised brief outcome measure: psychometric properties and utility of the CORE-OM</article-title>. <source>Br J Psychiatry</source>
<year>2002</year>; <volume>180</volume>: <fpage>51</fpage>&#x02013;<lpage>60</lpage>.<pub-id pub-id-type="pmid">11772852</pub-id></mixed-citation></ref><ref id="ref14"><label>14</label><mixed-citation publication-type="journal" id="cite14"><string-name><surname>Neil</surname>
<given-names>ST</given-names></string-name>, <string-name><surname>Kilbride</surname>
<given-names>M</given-names></string-name>, <string-name><surname>Pitt</surname>
<given-names>L</given-names></string-name>, <string-name><surname>Nothard</surname>
<given-names>S</given-names></string-name>, <string-name><surname>Welford</surname>
<given-names>M</given-names></string-name>, <string-name><surname>Sellwood</surname>
<given-names>W</given-names></string-name>, <etal/>
<article-title>The Questionnaire about the Process of Recovery (QPR): a measurement tool developed in collaboration with service users</article-title>. <source>Psychosis</source>
<year>2009</year>; <volume>1</volume>: <fpage>145</fpage>&#x02013;55.</mixed-citation></ref><ref id="ref15"><label>15</label><mixed-citation publication-type="journal" id="cite15"><string-name><surname>Barkham</surname>
<given-names>M</given-names></string-name>, <string-name><surname>Margison</surname>
<given-names>F</given-names></string-name>, <string-name><surname>Leach</surname>
<given-names>C</given-names></string-name>, <string-name><surname>Lucock</surname>
<given-names>M</given-names></string-name>, <string-name><surname>Mellor-Clark</surname>
<given-names>J</given-names></string-name>, <string-name><surname>Evans</surname>
<given-names>C</given-names></string-name>, <etal/>
<article-title>Service profiling and outcomes benchmarking using the CORE-OM: toward practice-based evidence in the psychological therapies</article-title>. <source>J Consult Clin Psychol</source>
<year>2001</year>; <volume>69</volume>: <fpage>184</fpage>&#x02013;96.<pub-id pub-id-type="pmid">11393596</pub-id></mixed-citation></ref><ref id="ref16"><label>16</label><mixed-citation publication-type="journal" id="cite16"><string-name><surname>Connell</surname>
<given-names>J</given-names></string-name>, <string-name><surname>Barkham</surname>
<given-names>M</given-names></string-name>, <string-name><surname>Stiles</surname>
<given-names>WB</given-names></string-name>, <string-name><surname>Twigg</surname>
<given-names>E</given-names></string-name>, <string-name><surname>Singleton</surname>
<given-names>N</given-names></string-name>, <string-name><surname>Evans</surname>
<given-names>O</given-names></string-name>, <etal/>
<article-title>Distribution of CORE&#x02013;OM scores in a general population, clinical cut-off points and comparison with the CIS&#x02013;R</article-title>. <source>Br J Psychiatry</source>
<year>2007</year>; <volume>190</volume>: <fpage>69</fpage>&#x02013;<lpage>74</lpage>.<pub-id pub-id-type="pmid">17197659</pub-id></mixed-citation></ref><ref id="ref17"><label>17</label><mixed-citation publication-type="journal" id="cite17"><string-name><surname>Slade</surname>
<given-names>M</given-names></string-name>, <string-name><surname>Bird</surname>
<given-names>V</given-names></string-name>, <string-name><surname>Le Boutillier</surname>
<given-names>C</given-names></string-name>, <string-name><surname>Williams</surname>
<given-names>J</given-names></string-name>, <string-name><surname>McCrone</surname>
<given-names>P</given-names></string-name>, <string-name><surname>Leamy</surname>
<given-names>M</given-names></string-name>. <article-title>REFOCUS trial: protocol for a cluster randomised controlled trial of a pro-recovery intervention within community based mental health teams</article-title>. <source>BMC Psychiatry</source>
<year>2011</year>; <volume>11</volume>: <fpage>185</fpage>.<pub-id pub-id-type="pmid">22112008</pub-id></mixed-citation></ref><ref id="ref18"><label>18</label><mixed-citation publication-type="journal" id="cite18"><string-name><surname>Law</surname>
<given-names>H</given-names></string-name>, <string-name><surname>Neil</surname>
<given-names>ST</given-names></string-name>, <string-name><surname>Dunn</surname>
<given-names>G</given-names></string-name>, <string-name><surname>Morrison</surname>
<given-names>AP</given-names></string-name>. <article-title>Psychometric properties of the Questionnaire about the Process of Recovery (QPR)</article-title>. <source>Schizophr Res</source>
<year>2014</year>; <volume>156</volume>: <fpage>184</fpage>&#x02013;9.<pub-id pub-id-type="pmid">24816049</pub-id></mixed-citation></ref><ref id="ref19"><label>19</label><mixed-citation publication-type="other" id="cite19"><string-name><surname>Zaonitz</surname>
<given-names>C</given-names></string-name>. <source>Real Statistics using Excel</source>. Real Statistics, <year>2020</year> (<uri xlink:href="http://www.real-statistics.com/">http://www.real-statistics.com/</uri>).</mixed-citation></ref><ref id="ref20"><label>20</label><mixed-citation publication-type="book" id="cite20"><string-name><surname>Cohen</surname>
<given-names>J</given-names></string-name>. <source>Statistical Power Analysis for the Behavioural Sciences</source> (<edition>2nd edn</edition>). <publisher-name>Lawrence Erlbaum Associates</publisher-name>, <year>1988</year>.</mixed-citation></ref><ref id="ref21"><label>21</label><mixed-citation publication-type="journal" id="cite21"><string-name><surname>Lynch</surname>
<given-names>TR</given-names></string-name>, <string-name><surname>Morse</surname>
<given-names>JQ</given-names></string-name>, <string-name><surname>Mendelson</surname>
<given-names>T</given-names></string-name>, <string-name><surname>Robins</surname>
<given-names>CJ</given-names></string-name>. <article-title>Dialectical behavior therapy for depressed older adults: a randomized pilot study</article-title>. <source>Am J Geriatr Psychiatry</source>
<year>2003</year>; <volume>11</volume>: <fpage>33</fpage>&#x02013;<lpage>45</lpage>.<pub-id pub-id-type="pmid">12527538</pub-id></mixed-citation></ref><ref id="ref22"><label>22</label><mixed-citation publication-type="journal" id="cite22"><string-name><surname>Lynch</surname>
<given-names>TR</given-names></string-name>, <string-name><surname>Cheavens</surname>
<given-names>JS</given-names></string-name>, <string-name><surname>Cukrowicz</surname>
<given-names>KC</given-names></string-name>, <string-name><surname>Thorp</surname>
<given-names>SR</given-names></string-name>, <string-name><surname>Bronner</surname>
<given-names>L</given-names></string-name>, <string-name><surname>Beyer</surname>
<given-names>J</given-names></string-name>. <article-title>Treatment of older adults with co-morbid personality disorder and depression: a dialectical behavior therapy approach</article-title>. <source>Int J Geriatr Psychiatry</source>
<year>2007</year>; <volume>22</volume>: <fpage>131</fpage>&#x02013;43.<pub-id pub-id-type="pmid">17096462</pub-id></mixed-citation></ref><ref id="ref23"><label>23</label><mixed-citation publication-type="journal" id="cite23"><string-name><surname>Lynch</surname>
<given-names>TR</given-names></string-name>, <string-name><surname>Hempel</surname>
<given-names>RJ</given-names></string-name>, <string-name><surname>Whalley</surname>
<given-names>B</given-names></string-name>, <string-name><surname>Byford</surname>
<given-names>S</given-names></string-name>, <string-name><surname>Chamba</surname>
<given-names>R</given-names></string-name>, <string-name><surname>Clarke</surname>
<given-names>P</given-names></string-name>, <etal/>
<article-title>Refractory depression &#x02013; mechanisms and efficacy of radically open dialectical behaviour therapy (RefraMED): findings of a randomised trial on benefits and harms</article-title>. <source>Br J Psychiatry</source>
<year>2020</year>; <volume>216</volume>: <fpage>204</fpage>&#x02013;12.<pub-id pub-id-type="pmid">31317843</pub-id></mixed-citation></ref><ref id="ref24"><label>24</label><mixed-citation publication-type="journal" id="cite24"><string-name><surname>Lynch</surname>
<given-names>TR</given-names></string-name>, <string-name><surname>Gray</surname>
<given-names>KLH</given-names></string-name>, <string-name><surname>Hempel</surname>
<given-names>RJ</given-names></string-name>, <string-name><surname>Titley</surname>
<given-names>M</given-names></string-name>, <string-name><surname>Chen</surname>
<given-names>EY</given-names></string-name>, <string-name><surname>O'Mahen</surname>
<given-names>HA</given-names></string-name>. <article-title>Radically open-dialectical behavior therapy for adult anorexia nervosa: feasibility and outcomes from an inpatient program</article-title>. <source>BMC Psychiatry</source>
<year>2013</year>; <volume>13</volume>: <fpage>293</fpage>.<pub-id pub-id-type="pmid">24199611</pub-id></mixed-citation></ref><ref id="ref25"><label>25</label><mixed-citation publication-type="journal" id="cite25"><string-name><surname>Chen</surname>
<given-names>EY</given-names></string-name>, <string-name><surname>Segal</surname>
<given-names>K</given-names></string-name>, <string-name><surname>Weissman</surname>
<given-names>J</given-names></string-name>, <string-name><surname>Zeffiro</surname>
<given-names>TA</given-names></string-name>, <string-name><surname>Gallop</surname>
<given-names>R</given-names></string-name>, <string-name><surname>Linehan</surname>
<given-names>MM</given-names></string-name>, <etal/>
<article-title>Adapting dialectical behavior therapy for outpatient adult anorexia nervosa: a pilot study</article-title>. <source>Int J Eat Disord</source>
<year>2015</year>; <volume>48</volume>: <fpage>123</fpage>&#x02013;32.<pub-id pub-id-type="pmid">25346237</pub-id></mixed-citation></ref><ref id="ref26"><label>26</label><mixed-citation publication-type="journal" id="cite26"><string-name><surname>Davidson</surname>
<given-names>C</given-names></string-name>, <string-name><surname>Greenwood</surname>
<given-names>N</given-names></string-name>, <string-name><surname>Stansfield</surname>
<given-names>A</given-names></string-name>, <string-name><surname>Wright</surname>
<given-names>S</given-names></string-name>. <article-title>Prevalence of Asperger syndrome among patients of an early intervention in psychosis team</article-title>. <source>Early Interv Psychiatry</source>
<year>2014</year>; <volume>8</volume>: <fpage>138</fpage>&#x02013;46.<pub-id pub-id-type="pmid">23472601</pub-id></mixed-citation></ref><ref id="ref27"><label>27</label><mixed-citation publication-type="journal" id="cite27"><string-name><surname>Dudas</surname>
<given-names>RB</given-names></string-name>, <string-name><surname>Lovejoy</surname>
<given-names>C</given-names></string-name>, <string-name><surname>Cassidy</surname>
<given-names>S</given-names></string-name>, <string-name><surname>Allison</surname>
<given-names>C</given-names></string-name>, <string-name><surname>Smith</surname>
<given-names>P</given-names></string-name>, <string-name><surname>Baron-Cohen</surname>
<given-names>S</given-names></string-name>. <article-title>The overlap between autistic spectrum conditions and borderline personality disorder</article-title>. <source>PLoS One</source>
<year>2017</year>; <volume>12</volume>(<issue>9</issue>): <fpage>e0184447</fpage>.<pub-id pub-id-type="pmid">28886113</pub-id></mixed-citation></ref><ref id="ref28"><label>28</label><mixed-citation publication-type="journal" id="cite28"><string-name><surname>Hofvander</surname>
<given-names>B</given-names></string-name>, <string-name><surname>Delorme</surname>
<given-names>R</given-names></string-name>, <string-name><surname>Chaste</surname>
<given-names>P</given-names></string-name>, <string-name><surname>Nyd&#x000e9;n</surname>
<given-names>A</given-names></string-name>, <string-name><surname>Wentz</surname>
<given-names>E</given-names></string-name>, <string-name><surname>St&#x000e5;hlberg</surname>
<given-names>O</given-names></string-name>, <etal/>
<article-title>Psychiatric and psychosocial problems in adults with normal-intelligence autism spectrum disorders</article-title>. <source>BMC Psychiatry</source>
<year>2009</year>; <volume>9</volume>: <fpage>35</fpage>.<pub-id pub-id-type="pmid">19515234</pub-id></mixed-citation></ref><ref id="ref29"><label>29</label><mixed-citation publication-type="journal" id="cite29"><string-name><surname>Joshi</surname>
<given-names>G</given-names></string-name>, <string-name><surname>Wozniak</surname>
<given-names>J</given-names></string-name>, <string-name><surname>Petty</surname>
<given-names>C</given-names></string-name>, <string-name><surname>Martelon</surname>
<given-names>MK</given-names></string-name>, <string-name><surname>Fried</surname>
<given-names>R</given-names></string-name>, <string-name><surname>Bolfek</surname>
<given-names>A</given-names></string-name>, <etal/>
<article-title>Psychiatric comorbidity and functioning in a clinically referred population of adults with autism spectrum disorders: a comparative study</article-title>. <source>J Autism Dev Disord</source>
<year>2013</year>; <volume>43</volume>: <fpage>1314</fpage>&#x02013;25.<pub-id pub-id-type="pmid">23076506</pub-id></mixed-citation></ref><ref id="ref30"><label>30</label><mixed-citation publication-type="journal" id="cite30"><string-name><surname>Hirvikoski</surname>
<given-names>T</given-names></string-name>, <string-name><surname>Boman</surname>
<given-names>M</given-names></string-name>, <string-name><surname>Chen</surname>
<given-names>Q</given-names></string-name>, <string-name><surname>D'Onofrio</surname>
<given-names>BM</given-names></string-name>, <string-name><surname>Mittendorfer-Rutz</surname>
<given-names>E</given-names></string-name>, <string-name><surname>Lichtenstein</surname>
<given-names>P</given-names></string-name>, <etal/>
<article-title>Individual risk and familial liability for suicide attempt and suicide in autism: a population-based study</article-title>. <source>Psychol Med</source>
<year>2020</year>; <volume>50</volume>: 1463&#x02013;74.</mixed-citation></ref><ref id="ref31"><label>31</label><mixed-citation publication-type="journal" id="cite31"><string-name><surname>Russell</surname>
<given-names>AJ</given-names></string-name>, <string-name><surname>Jassi</surname>
<given-names>A</given-names></string-name>, <string-name><surname>Fullana</surname>
<given-names>MA</given-names></string-name>, <string-name><surname>Mack</surname>
<given-names>H</given-names></string-name>, <string-name><surname>Johnston</surname>
<given-names>K</given-names></string-name>, <string-name><surname>Heyman</surname>
<given-names>I</given-names></string-name>, <etal/>
<article-title>Cognitive behavior therapy for comorbid obsessive-compulsive disorder in high-functioning autism spectrum disorders: a randomized controlled trial</article-title>. <source>Depress Anxiety</source>
<year>2013</year>; <volume>30</volume>: <fpage>697</fpage>&#x02013;<lpage>708</lpage>.<pub-id pub-id-type="pmid">23389964</pub-id></mixed-citation></ref><ref id="ref32"><label>32</label><mixed-citation publication-type="journal" id="cite32"><string-name><surname>Spek</surname>
<given-names>AA</given-names></string-name>, <string-name><surname>van Ham</surname>
<given-names>NC</given-names></string-name>, <string-name><surname>Nykl&#x000ed;&#x0010d;ek</surname>
<given-names>I</given-names></string-name>. <article-title>Mindfulness-based therapy in adults with an autism spectrum disorder: a randomized controlled trial</article-title>. <source>Res Dev Disabil</source>
<year>2013</year>; <volume>34</volume>: <fpage>246</fpage>&#x02013;53.<pub-id pub-id-type="pmid">22964266</pub-id></mixed-citation></ref><ref id="ref33"><label>33</label><mixed-citation publication-type="journal" id="cite33"><string-name><surname>Binnie</surname>
<given-names>J</given-names></string-name>, <string-name><surname>Blainey</surname>
<given-names>S</given-names></string-name>. <article-title>The use of cognitive behavioural therapy for adults with autism spectrum disorders: a review of the evidence</article-title>. <source>Ment Heal Rev J</source>
<year>2013</year>; <volume>18</volume>: <fpage>93</fpage>&#x02013;<lpage>104</lpage>.</mixed-citation></ref><ref id="ref34"><label>34</label><mixed-citation publication-type="journal" id="cite34"><string-name><surname>Spain</surname>
<given-names>D</given-names></string-name>, <string-name><surname>Sin</surname>
<given-names>J</given-names></string-name>, <string-name><surname>Chalder</surname>
<given-names>T</given-names></string-name>, <string-name><surname>Murphy</surname>
<given-names>D</given-names></string-name>, <string-name><surname>Happ&#x000e9;</surname>
<given-names>F</given-names></string-name>. <article-title>Cognitive behaviour therapy for adults with autism spectrum disorders and psychiatric co-morbidity: a review</article-title>. <source>Res Autism Spectr Disord</source>
<year>2015</year>; <volume>9</volume>: <fpage>151</fpage>&#x02013;62.</mixed-citation></ref><ref id="ref35"><label>35</label><mixed-citation publication-type="journal" id="cite35"><string-name><surname>Blainey</surname>
<given-names>SH</given-names></string-name>, <string-name><surname>Rumball</surname>
<given-names>F</given-names></string-name>, <string-name><surname>Mercer</surname>
<given-names>L</given-names></string-name>, <string-name><surname>Evans</surname>
<given-names>LJ</given-names></string-name>, <string-name><surname>Beck</surname>
<given-names>A</given-names></string-name>. <article-title>An evaluation of the effectiveness of psychological therapy in reducing general psychological distress for adults with autism spectrum conditions and comorbid mental health problems</article-title>. <source>Clin Psychol Psychother</source>
<year>2017</year>; <volume>24</volume>: <fpage>O1474</fpage>&#x02013;84.<pub-id pub-id-type="pmid">28748598</pub-id></mixed-citation></ref></ref-list></back></article>