<!DOCTYPE article PUBLIC "-//NLM//DTD JATS (Z39.96) Journal Archiving and Interchange DTD with MathML3 v1.3 20210610//EN" "JATS-archivearticle1-3-mathml3.dtd"> 
<article xmlns:mml="http://www.w3.org/1998/Math/MathML" xmlns:xlink="http://www.w3.org/1999/xlink" dtd-version="1.3" xml:lang="en" article-type="letter"><?DTDIdentifier.IdentifierValue -//NLM//DTD JATS (Z39.96) Journal Publishing DTD v1.1 20151215//EN?><?DTDIdentifier.IdentifierType public?><?SourceDTD.DTDName JATS-journalpublishing1.dtd?><?SourceDTD.Version 1.1?><?ConverterInfo.XSLTName jats2jats3.xsl?><?ConverterInfo.Version 1?><?properties open_access?><processing-meta base-tagset="archiving" mathml-version="3.0" table-model="xhtml" tagset-family="jats"><restricted-by>pmc</restricted-by></processing-meta><front><journal-meta><journal-id journal-id-type="nlm-ta">BJPsych Bull</journal-id><journal-id journal-id-type="iso-abbrev">BJPsych Bull</journal-id><journal-id journal-id-type="publisher-id">BJB</journal-id><journal-title-group><journal-title>BJPsych Bulletin</journal-title></journal-title-group><issn pub-type="ppub">2056-4694</issn><issn pub-type="epub">2056-4708</issn><publisher><publisher-name>Cambridge University Press</publisher-name><publisher-loc>Cambridge, UK</publisher-loc></publisher></journal-meta><article-meta><article-id pub-id-type="pmcid">9059303</article-id><article-id pub-id-type="doi">10.1192/bjb.2021.49</article-id><article-id pub-id-type="pii">S2056469421000498</article-id><article-categories><subj-group subj-group-type="heading"><subject>Correspondence</subject></subj-group></article-categories><title-group><article-title>More research needed into long-term medical student mental health during COVID-19 pandemic and beyond</article-title></title-group><contrib-group><contrib contrib-type="author"><name><surname>Prabhu</surname><given-names>Anusha Mahesh</given-names></name><xref rid="aff1" ref-type="aff"/></contrib><contrib contrib-type="author"><name><surname>Rashad</surname><given-names>Intishar</given-names></name><xref rid="aff2" ref-type="aff"/></contrib></contrib-group><aff id="aff1"><institution>Imperial College London</institution>, UK. Email: <email>anusha.prabhu@hotmail.com</email></aff><aff id="aff2"><institution>Armed Forces Medical College, Dhaka Cantonment</institution>, Dhaka-1206, <country>Bangladesh</country>. Email: <email>intisharrashad@gmail.com</email></aff><pub-date publication-format="print" date-type="pub" iso-8601-date="2021-06"><month>6</month><year>2021</year></pub-date><volume>45</volume><issue seq="19">3</issue><fpage>194</fpage><lpage>195</lpage><permissions><copyright-statement>&#x000a9; The Author(s) 2021</copyright-statement><copyright-year>2021</copyright-year><copyright-holder>The Author(s)</copyright-holder><license><ali:license_ref xmlns:ali="http://www.niso.org/schemas/ali/1.0/" specific-use="textmining" content-type="ccbylicense">https://creativecommons.org/licenses/by/4.0/</ali:license_ref><license-p>This is an Open Access article, distributed under the terms of the Creative Commons Attribution licence (<uri xlink:href="https://creativecommons.org/licenses/by/4.0/">http://creativecommons.org/licenses/by/4.0/</uri>), which permits unrestricted re-use, distribution, and reproduction in any medium, provided the original work is properly cited.</license-p></license></permissions><self-uri xlink:title="pdf" xlink:href="S2056469421000498a.pdf"/><counts><ref-count count="5"/><page-count count="2"/></counts></article-meta></front><body><p>The mental health of healthcare professionals has been significantly affected by the COVID-19 pandemic.<sup><xref rid="ref1" ref-type="bibr">1</xref></sup> We believe that more research focusing specifically on the long-term mental health of medical students is required. Medical students are an at-risk group, with a greater incidence of anxiety<sup><xref rid="ref2" ref-type="bibr">2</xref></sup> than the general population, and a higher prevalence of suicidal ideation than physicians and nurses.<sup><xref rid="ref3" ref-type="bibr">3</xref></sup> The risk is further compounded by being young,<sup><xref rid="ref1" ref-type="bibr">1</xref></sup> having higher awareness of disease severity, and possessing common personality traits such as maladaptive perfectionism and difficulty adapting to disruption in routine.<sup><xref rid="ref2" ref-type="bibr">2</xref></sup></p><p>Medical students often face a sense of duty to volunteer in hospitals in times of global health emergencies such as the current pandemic, which can bring particular emotional challenges. The subsequent higher risk of transmitting COVID-19 may cause increased social isolation. Uncertainty around medical education due to cancelled exams and placements also increases stress.<sup><xref rid="ref4" ref-type="bibr">4</xref></sup></p><p>Although a recent meta-analysis showed no difference in anxiety during COVID-19 in medical students,<sup><xref rid="ref2" ref-type="bibr">2</xref></sup> isolated studies worldwide have shown increased anxiety in those whose loved ones had contracted COVID-19 and who had interacted with COVID-19 patients.<sup><xref rid="ref4" ref-type="bibr">4</xref></sup></p><p>Higher levels of baseline stress and depression are negative predictors of poor mental health,<sup><xref rid="ref1" ref-type="bibr">1</xref></sup> so more research must be done to identify those especially at risk. Those with pre-existing mental health issues have reported decreased access to the usual support services during the pandemic.<sup><xref rid="ref1" ref-type="bibr">1</xref></sup> To our knowledge, there is no available literature exploring the impact of COVID-19 on medical students with pre-existing mental illness. Experiences in previous pandemics such as SARS show that long-term mental health issues such as alcohol misuse and post-traumatic stress symptoms can persist for several years in healthcare workers who have been quarantined or have worked in high-risk areas.<sup><xref rid="ref5" ref-type="bibr">5</xref></sup></p><p>The majority of current studies of mental health in COVID-19 have been cross-sectional, and few have focused on medical students. Longitudinal, large-scale, multi-country studies focusing on medical students of all age groups and investigating more variables, such as pre-existing mental illness, are required to identify those most at risk and the long-term effects on this population. The results of these studies could be used to improve future implementation of targeted medical student-specific mental healthcare interventions.<sup><xref rid="ref1" ref-type="bibr">1</xref></sup></p></body><back><ack><title>Acknowledgments</title><p>Both authors have contributed equally in preparing this article.</p></ack><sec sec-type="COI-statement" id="nts1"><title>Declaration of interest</title><p>None</p></sec><ref-list id="reflist1"><ref id="ref1"><label>1</label><mixed-citation publication-type="journal" id="cite1"><string-name><surname>Moreno</surname>
<given-names>C</given-names></string-name>, <string-name><surname>Wykes</surname>
<given-names>T</given-names></string-name>, <string-name><surname>Galderisi</surname>
<given-names>S</given-names></string-name>, <string-name><surname>Nordentoft</surname>
<given-names>M</given-names></string-name>, <string-name><surname>Crossley</surname>
<given-names>N</given-names></string-name>, <string-name><surname>Jones</surname>
<given-names>N</given-names></string-name>, <etal/>
<article-title>How mental health care should change as a consequence of the COVID-19 pandemic</article-title>. <source>Lancet Psychiatry</source>
<year>2020</year>; <volume>7</volume>(<issue>9</issue>): <fpage>813</fpage>&#x02013;24.<pub-id pub-id-type="pmid">32682460</pub-id></mixed-citation></ref><ref id="ref2"><label>2</label><mixed-citation publication-type="journal" id="cite2"><string-name><surname>Lasheras</surname>
<given-names>I</given-names></string-name>, <string-name><surname>Gracia-Garc&#x000ed;a</surname>
<given-names>P</given-names></string-name>, <string-name><surname>Lipnicki</surname>
<given-names>DM</given-names></string-name>, <string-name><surname>Bueno-Notivol</surname>
<given-names>J</given-names></string-name>, <string-name><surname>L&#x000f3;pez-Ant&#x000f3;n</surname>
<given-names>R</given-names></string-name>, <string-name><surname>de La C&#x000e1;mara</surname>
<given-names>C</given-names></string-name>, <etal/>
<article-title>Prevalence of anxiety in medical students during the COVID-19 pandemic: a rapid systematic review with meta-analysis</article-title>. <source>Int. J. Environ. Res. Public Health</source>
<year>2020</year>; <volume>17</volume>: <fpage>6603</fpage>.</mixed-citation></ref><ref id="ref3"><label>3</label><mixed-citation publication-type="journal" id="cite3"><string-name><surname>Que</surname>
<given-names>J</given-names></string-name>, <string-name><surname>Shi</surname>
<given-names>L</given-names></string-name>, <string-name><surname>Liu</surname>
<given-names>J</given-names></string-name>, <string-name><surname>Gong</surname>
<given-names>Y</given-names></string-name>, <string-name><surname>Sun</surname>
<given-names>Y</given-names></string-name>, <string-name><surname>Mi</surname>
<given-names>W</given-names></string-name>, <etal/>
<article-title>Prevalence of suicidal thoughts and behaviours among medical professionals: a meta-analysis and systematic review</article-title>. <source>Lancet</source>
<year>2019</year>; <volume>394</volume>: <fpage>S11</fpage>.</mixed-citation></ref><ref id="ref4"><label>4</label><mixed-citation publication-type="journal" id="cite4"><string-name><surname>Saraswathi</surname>
<given-names>I</given-names></string-name>, <string-name><surname>Saikarthik</surname>
<given-names>J</given-names></string-name>, <string-name><surname>Senthil Kumar</surname>
<given-names>K</given-names></string-name>, <string-name><surname>Srinivasinapan</surname>
<given-names>KM</given-names></string-name>, <string-name><surname>Ardhanaari</surname>
<given-names>M</given-names></string-name>, <string-name><surname>Gunapriya</surname>
<given-names>R</given-names></string-name>. <article-title>Impact of COVID-19 outbreak on the mental health status of undergraduate medical students in a COVID-19 treating medical college: a prospective longitudinal study</article-title>. <source>PeerJ</source>
<year>2020</year>; <volume>8</volume>: <elocation-id>e10164</elocation-id>.<pub-id pub-id-type="pmid">33088628</pub-id></mixed-citation></ref><ref id="ref5"><label>5</label><mixed-citation publication-type="journal" id="cite5"><string-name><surname>Wu</surname>
<given-names>P</given-names></string-name>, <string-name><surname>Liu</surname>
<given-names>X</given-names></string-name>, <string-name><surname>Fang</surname>
<given-names>Y</given-names></string-name>, <string-name><surname>Fan</surname>
<given-names>B</given-names></string-name>, <string-name><surname>Fuller</surname>
<given-names>CJ</given-names></string-name>, <string-name><surname>Guan</surname>
<given-names>Z</given-names></string-name>, <etal/>
<article-title>Alcohol abuse/dependence symptoms among hospital employees exposed to a SARS outbreak</article-title>. <source>Alcohol Alcohol</source>
<year>2008</year>; <volume>43</volume>(<issue>6</issue>): <fpage>706</fpage>&#x02013;12.<pub-id pub-id-type="pmid">18790829</pub-id></mixed-citation></ref></ref-list></back></article>