<!DOCTYPE article PUBLIC "-//NLM//DTD JATS (Z39.96) Journal Archiving and Interchange DTD with MathML3 v1.3 20210610//EN" "JATS-archivearticle1-3-mathml3.dtd"> 
<article xmlns:mml="http://www.w3.org/1998/Math/MathML" xmlns:xlink="http://www.w3.org/1999/xlink" dtd-version="1.3" xml:lang="en" article-type="correction"><?DTDIdentifier.IdentifierValue -//NLM//DTD JATS (Z39.96) Journal Publishing DTD v1.1 20151215//EN?><?DTDIdentifier.IdentifierType public?><?SourceDTD.DTDName JATS-journalpublishing1.dtd?><?SourceDTD.Version 1.1?><?ConverterInfo.XSLTName jats2jats3.xsl?><?ConverterInfo.Version 1?><?properties open_access?><processing-meta base-tagset="archiving" mathml-version="3.0" table-model="xhtml" tagset-family="jats"><restricted-by>pmc</restricted-by></processing-meta><front><journal-meta><journal-id journal-id-type="nlm-ta">BJPsych Bull</journal-id><journal-id journal-id-type="iso-abbrev">BJPsych Bull</journal-id><journal-id journal-id-type="publisher-id">BJB</journal-id><journal-title-group><journal-title>BJPsych Bulletin</journal-title></journal-title-group><issn pub-type="ppub">2056-4694</issn><issn pub-type="epub">2056-4708</issn><publisher><publisher-name>Cambridge University Press</publisher-name><publisher-loc>Cambridge, UK</publisher-loc></publisher></journal-meta><article-meta><article-id pub-id-type="pmcid">8914810</article-id><article-id pub-id-type="doi">10.1192/bjb.2021.87</article-id><article-id pub-id-type="pii">S2056469421000875</article-id><article-categories><subj-group subj-group-type="heading"><subject>Erratum</subject></subj-group></article-categories><title-group><article-title>Obituary: Vivienne Cohen, MRCS, LRCP, FRCPsych &#x02013; ERRATUM</article-title></title-group><contrib-group><contrib contrib-type="author"><name><surname>Lockwood Jefford</surname><given-names>Kate</given-names></name></contrib></contrib-group><pub-date publication-format="print" date-type="pub" iso-8601-date="2022-02"><month>2</month><year>2022</year></pub-date><pub-date pub-type="pmc-release"><month>2</month><year>2022</year></pub-date><!--PMC Release delay is 0 months and 0 days and was based on the <pub-date pub-type="ppub"/>.--><volume>46</volume><issue seq="20">1</issue><fpage>73</fpage><lpage>73</lpage><permissions><copyright-statement>&#x000a9; The Author(s) 2021</copyright-statement><copyright-year>2021</copyright-year><copyright-holder>The Author(s)</copyright-holder><license><ali:license_ref xmlns:ali="http://www.niso.org/schemas/ali/1.0/" specific-use="textmining" content-type="ccbylicense">https://creativecommons.org/licenses/by/4.0/</ali:license_ref><license-p>This is an Open Access article, distributed under the terms of the Creative Commons Attribution licence (<uri xlink:href="https://creativecommons.org/licenses/by/4.0/">http://creativecommons.org/licenses/by/4.0/</uri>), which permits unrestricted re-use, distribution, and reproduction in any medium, provided the original work is properly cited.</license-p></license></permissions><self-uri xlink:title="pdf" xlink:href="S2056469421000875a.pdf"/><related-article related-article-type="corrected-article" ext-link-type="doi" id="re1" xlink:href="10.1192/bjb.2021.83">DOI: <uri xlink:href="https://doi.org/10.1192/bjb.2021.83">https://doi.org/10.1192/bjb.2021.83</uri>, Published by <publisher-name>Cambridge University Press</publisher-name>, 16th August <year>2021</year>.</related-article><kwd-group><title>Keywords</title><kwd>Climate anxiety</kwd><kwd>climate change</kwd><kwd>psychoanalysis</kwd><kwd>post-traumatic stress disorder</kwd><kwd>ecological trauma</kwd><kwd>erratum</kwd></kwd-group><counts><ref-count count="1"/><page-count count="1"/></counts></article-meta></front><body><p>The Publisher would like to correct the following errors in this published Obituary:
<list list-type="order"><list-item><p>In the sixth paragraph: <italic toggle="yes">Levenhulme Teaching Fellowship</italic> should instead be <italic toggle="yes">Leverhulme Teaching Fellowship</italic>.</p></list-item><list-item><p>In the eighth paragraph: <italic toggle="yes">Sam Cohen, a liaison psychiatrist and former professor of psychiatry at the Royal London Hospital</italic> should instead be <italic toggle="yes">Sam Cohen, a liaison psychiatrist who became professor of psychiatry at the Royal London Hospital</italic>.</p></list-item><list-item><p>In the eleventh paragraph: <italic toggle="yes">five grandchildren and many great-grandchildren</italic> should instead be <italic toggle="yes">twelve grandchildren and twenty-nine great-grandchildren</italic>.</p></list-item></list></p><p>The Publisher apologises for these errors.</p></body><back><ref-list id="reflist1"><title>Reference</title><ref id="ref1"><label>1</label><mixed-citation publication-type="journal" id="cite1"><string-name><surname>Lockwood Jefford</surname>
<given-names>K.</given-names></string-name>
<article-title>Vivienne Cohen, MRCS, LRCP, FRCPsych.</article-title>
<source>BJPsych Bull</source>
<year>2021</year>; <fpage>1</fpage>. doi: <pub-id pub-id-type="doi">10.1192/bjb.2021.83</pub-id>.</mixed-citation></ref></ref-list></back></article>