<!DOCTYPE article PUBLIC "-//NLM//DTD JATS (Z39.96) Journal Archiving and Interchange DTD with MathML3 v1.3 20210610//EN" "JATS-archivearticle1-3-mathml3.dtd"> 
<article xmlns:mml="http://www.w3.org/1998/Math/MathML" xmlns:xlink="http://www.w3.org/1999/xlink" dtd-version="1.3" xml:lang="en" article-type="book-review"><?DTDIdentifier.IdentifierValue -//NLM//DTD JATS (Z39.96) Journal Publishing DTD v1.1 20151215//EN?><?DTDIdentifier.IdentifierType public?><?SourceDTD.DTDName JATS-journalpublishing1.dtd?><?SourceDTD.Version 1.1?><?ConverterInfo.XSLTName jats2jats3.xsl?><?ConverterInfo.Version 1?><?properties open_access?><processing-meta base-tagset="archiving" mathml-version="3.0" table-model="xhtml" tagset-family="jats"><restricted-by>pmc</restricted-by></processing-meta><front><journal-meta><journal-id journal-id-type="nlm-ta">BJPsych Bull</journal-id><journal-id journal-id-type="iso-abbrev">BJPsych Bull</journal-id><journal-id journal-id-type="publisher-id">BJB</journal-id><journal-title-group><journal-title>BJPsych Bulletin</journal-title></journal-title-group><issn pub-type="ppub">2056-4694</issn><issn pub-type="epub">2056-4708</issn><publisher><publisher-name>Cambridge University Press</publisher-name><publisher-loc>Cambridge, UK</publisher-loc></publisher></journal-meta><article-meta><article-id pub-id-type="pmcid">8727375</article-id><article-id pub-id-type="doi">10.1192/bjb.2021.29</article-id><article-id pub-id-type="pii">S2056469421000292</article-id><article-categories><subj-group subj-group-type="heading"><subject>Book Review</subject></subj-group></article-categories><contrib-group><contrib contrib-type="author"><contrib-id contrib-id-type="orcid" authenticated="false">https://orcid.org/0000-0002-0301-485X</contrib-id><name><surname>Gupta</surname><given-names>Nidhi</given-names></name><xref rid="aff1" ref-type="aff"/></contrib></contrib-group><aff id="aff1">Year 6 Specialty Trainee (ST6) in the Department of Adult Psychiatry, <institution>Birmingham and Solihull Mental Health NHS Foundation Trust</institution>, <city>Birmingham</city>, <country>UK</country>. Email: <email>nidhigupta@doctors.net.uk</email></aff><pub-date publication-format="print" date-type="pub" iso-8601-date="2021-12"><month>12</month><year>2021</year></pub-date><volume>45</volume><issue seq="17">6</issue><fpage>360</fpage><lpage>360</lpage><product><source>Psychiatry P.R.N.: Principles, Reality, Next Steps</source><comment> Edited by </comment><x>&#x000a0;</x><string-name>
<surname>Stringer</surname><given-names>Sarah</given-names></string-name><comment>, </comment><x>&#x000a0;</x><string-name>
<surname>Church</surname><given-names>Laurence</given-names></string-name><comment>, </comment><x>&#x000a0;</x><string-name>
<surname>Keynejad</surname><given-names>Roxanne</given-names></string-name><comment> and </comment><x>&#x000a0;</x><string-name>
<surname>Hurn</surname><given-names>Juliet</given-names></string-name><edition>2nd edn</edition><comment>. </comment><x>&#x000a0;</x><publisher-name>Oxford University Press</publisher-name><comment>. </comment><x>&#x000a0;</x><year>2020</year><comment>. &#x000a3;30.99 (pb). 304 pp. ISBN </comment><x>&#x000a0;</x><isbn publication-format="hardback">9780198806080</isbn><x>. </x></product><permissions><copyright-statement>&#x000a9; The Author(s) 2021</copyright-statement><copyright-year>2021</copyright-year><copyright-holder>The Author(s)</copyright-holder><license><ali:license_ref xmlns:ali="http://www.niso.org/schemas/ali/1.0/" specific-use="textmining" content-type="ccbylicense">https://creativecommons.org/licenses/by/4.0/</ali:license_ref><license-p>This is an Open Access article, distributed under the terms of the Creative Commons Attribution licence (<uri xlink:href="https://creativecommons.org/licenses/by/4.0/">http://creativecommons.org/licenses/by/4.0/</uri>), which permits unrestricted re-use, distribution, and reproduction in any medium, provided the original work is properly cited.</license-p></license></permissions><self-uri xlink:title="pdf" xlink:href="S2056469421000292a.pdf"/><counts><page-count count="1"/></counts></article-meta></front><body><p>
<fig position="anchor" id="d64e104"><graphic xlink:href="S2056469421000292_figU1" position="float"/></fig>
</p><p><italic toggle="yes">Psychiatry P.R.N.</italic> is edited by four psychiatrists who are involved in direct clinical care, and it shows in the way the book is configured to focus on practical, pragmatic learning. The use of multicoloured formatting, illustrations, text boxes and bullet points makes for easy reading and quick assimilation. Its small format also allows for easy portability in a handbag or backpack, to serve as a quick reference.</p><p>Though positioned as an undergraduate textbook for medical students, it will prove to be equally valuable to trainee psychiatrists, nurses, social workers and occupational therapists. Multiple choice question (MCQ) and objective and structured clinical examination (OSCE) skills are covered, case studies are aplenty and each chapter has salient points highlighted. At the end of each chapter, there is information available in the form of films, plays, novels, papers and useful resources. This second edition builds on the well-regarded first edition (2009), which was highly recommended in the BMA book awards (2010). The 2020 edition adds a chapter on forensic psychiatry. Chapters have been updated to incorporate new research and facts. Accessibility seems to have been a focus, with emphasis on diagrams, pictures and artwork.</p><p>The book is divided into two parts. Part 1 offers an overview of psychiatry, including psychiatric assessment, interview skills and psychiatry as a career choice. Part 2 focuses on &#x02018;theory&#x02019;, with an emphasis on imparting key information on major psychiatric conditions in a lucid, concise manner. Chapters are well laid out, with a uniform template that proffers developmental, neurobiological and sociological perspectives. Cross-cultural aspects of psychiatric illness are included in all the chapters.</p><p>I would have liked to see author credits for each chapter individually, but that is a minor quibble.</p><p>Strunk's <italic toggle="yes">The Elements of Style</italic>, first published a century ago, emphasised the rules of writing and language composition. <italic toggle="yes">Psychiatry P.R.N.</italic> reflects advancements in modern publishing, wherein the written word is intertwined with audio-visual and interactive media to enhance learning. I would suggest <italic toggle="yes">Psychiatry P.R.N.</italic> as recommended reading for all psychiatry training grades, as well as consultants who are interested in teaching and training.</p></body></article>