<!DOCTYPE article PUBLIC "-//NLM//DTD JATS (Z39.96) Journal Archiving and Interchange DTD with MathML3 v1.3 20210610//EN" "JATS-archivearticle1-3-mathml3.dtd"> 
<article xmlns:mml="http://www.w3.org/1998/Math/MathML" xmlns:xlink="http://www.w3.org/1999/xlink" dtd-version="1.3" xml:lang="en" article-type="obituary"><?DTDIdentifier.IdentifierValue -//NLM//DTD JATS (Z39.96) Journal Publishing DTD v1.1 20151215//EN?><?DTDIdentifier.IdentifierType public?><?SourceDTD.DTDName JATS-journalpublishing1.dtd?><?SourceDTD.Version 1.1?><?ConverterInfo.XSLTName jats2jats3.xsl?><?ConverterInfo.Version 1?><?properties open_access?><processing-meta base-tagset="archiving" mathml-version="3.0" table-model="xhtml" tagset-family="jats"><restricted-by>pmc</restricted-by></processing-meta><front><journal-meta><journal-id journal-id-type="nlm-ta">BJPsych Bull</journal-id><journal-id journal-id-type="iso-abbrev">BJPsych Bull</journal-id><journal-id journal-id-type="publisher-id">BJB</journal-id><journal-title-group><journal-title>BJPsych Bulletin</journal-title></journal-title-group><issn pub-type="ppub">2056-4694</issn><issn pub-type="epub">2056-4708</issn><publisher><publisher-name>Cambridge University Press</publisher-name><publisher-loc>Cambridge, UK</publisher-loc></publisher></journal-meta><article-meta><article-id pub-id-type="pmcid">8914861</article-id><article-id pub-id-type="doi">10.1192/bjb.2021.117</article-id><article-id pub-id-type="pii">S2056469421001170</article-id><article-categories><subj-group subj-group-type="topic"><subject>Ethics</subject></subj-group><subj-group subj-group-type="heading"><subject>In Memoriam</subject></subj-group></article-categories><title-group><article-title>In Memoriam BJPsych Bulletin In Memoriam List 2022</article-title></title-group><pub-date publication-format="print" date-type="pub" iso-8601-date="2022-02"><month>2</month><year>2022</year></pub-date><volume>46</volume><issue seq="21">1</issue><fpage>74</fpage><lpage>76</lpage><permissions><copyright-statement>&#x000a9; The Author(s) 2022</copyright-statement><copyright-year>2022</copyright-year><copyright-holder>The Author(s)</copyright-holder><license><ali:license_ref xmlns:ali="http://www.niso.org/schemas/ali/1.0/" specific-use="textmining" content-type="ccbylicense">https://creativecommons.org/licenses/by/4.0/</ali:license_ref><license-p>This is an Open Access article, distributed under the terms of the Creative Commons Attribution licence (<uri xlink:href="https://creativecommons.org/licenses/by/4.0/">http://creativecommons.org/licenses/by/4.0/</uri>), which permits unrestricted re-use, distribution, and reproduction in any medium, provided the original work is properly cited.</license-p></license></permissions><self-uri xlink:title="pdf" xlink:href="S2056469421001170a.pdf"/><counts><page-count count="3"/></counts></article-meta></front><body><p>Akpuaka, Francis Chinedu</p><p>Affiliate</p><p>Arie, Thomas Harry David Honorary</p><p>Fellow</p><p>Backer, Hana</p><p>Affiliate&#x000a0;&#x02013;&#x000a0;Over 40 Years member</p><p>Bangash, Saifullah Khan</p><p>Member</p><p>Baruch, Ury Bernard Helmut Foundation</p><p>Member</p><p>Bearcroft, Rosalind Irene</p><p>Fellow&#x000a0;&#x02013;&#x000a0;Over 40 Years member</p><p>Beer, Elaine Catherine</p><p>Fellow&#x000a0;&#x02013;&#x000a0;Over 40 Years member</p><p>Bergmann, Klaus</p><p>Fellow&#x000a0;&#x02013;&#x000a0;Over 40 Years member</p><p>Binneman, Brendon Michael</p><p>Member</p><p>Briscoe, Oliver Villiers</p><p>Fellow&#x000a0;&#x02013;&#x000a0;Over 40 Years member</p><p>Brown, Philip Morrison</p><p>Fellow</p><p>Caldicott, Fiona</p><p>Fellow</p><p>Chan, Chee Hung</p><p>Member</p><p>Choudhury, Abdul Fowad</p><p>Affiliate</p><p>Choudry, Nas</p><p>Fellow&#x000a0;&#x02013;&#x000a0;Over 40 Years member</p><p>Coia, Denise Assunda Honorary</p><p>Fellow</p><p>Davenport, Susan Lesley</p><p>Member&#x000a0;&#x02013;&#x000a0;Over 40 Years member</p><p>Davies, Brian Michael</p><p>Fellow&#x000a0;&#x02013;&#x000a0;Over 40 Years member</p><p>De-Groot, Michael Henry Foundation</p><p>Member</p><p>Dennehy, Constance Marguerita</p><p>Fellow&#x000a0;&#x02013;&#x000a0;Over 40 Years member</p><p>Devakumar, Vijayapura Chicknanjanna</p><p>Member&#x000a0;&#x02013;&#x000a0;Over 40 Years member</p><p>de Wet, Cornelis</p><p>Member</p><p>D'Orban, Paul T</p><p>Fellow&#x000a0;&#x02013;&#x000a0;Over 40 Years member</p><p>Duddle, Constance May</p><p>Fellow&#x000a0;&#x02013;&#x000a0;Over 40 Years member</p><p>Dunlop, Joyce Lilian</p><p>Fellow&#x000a0;&#x02013;&#x000a0;Over 40 Years member</p><p>Edwards, Wayne John</p><p>Member</p><p>Fielding, John Mathew</p><p>Member&#x000a0;&#x02013;&#x000a0;Over 40 Years member</p><p>Fine, Stuart Hamilton</p><p>Fellow&#x000a0;&#x02013;&#x000a0;Over 40 Years member</p><p>Freed, Edgar David</p><p>Fellow&#x000a0;&#x02013;&#x000a0;Over 40 Years member</p><p>Gaitonde, Alison Myra</p><p>Member&#x000a0;&#x02013;&#x000a0;Over 40 Years member</p><p>Gath, Ann Mary Gethin</p><p>Fellow&#x000a0;&#x02013;&#x000a0;Over 40 Years member</p><p>Hewland, Helen Robyn</p><p>Fellow&#x000a0;&#x02013;&#x000a0;Over 40 Years member</p><p>Hickling, Frederick W</p><p>Fellow&#x000a0;&#x02013;&#x000a0;Over 40 Years member</p><p>Hilary-Jones, Evan Peter</p><p>Fellow</p><p>Hill, Oscar William</p><p>Fellow&#x000a0;&#x02013;&#x000a0;Over 40 Years member</p><p>Hore, Brian</p><p>Fellow&#x000a0;&#x02013;&#x000a0;Over 40 Years member</p><p>Horrocks, Frederick Arthur</p><p>Member</p><p>Hutchinson, Doreen</p><p>Member&#x000a0;&#x02013;&#x000a0;Over 40 Years member</p><p>Hughes, John Samuel</p><p>Fellow&#x000a0;&#x02013;&#x000a0;Over 40 Years member</p><p>Imrie, Alison Wendy</p><p>Member</p><p>Jones, David Alun</p><p>Fellow</p><p>Kenyon, Frank Edwin</p><p>Fellow</p><p>Lader, Malcolm Harold</p><p>Fellow&#x000a0;&#x02013;&#x000a0;Over 40 Years member</p><p>Lau, Man Pang</p><p>Member&#x000a0;&#x02013;&#x000a0;Over 40 Years member</p><p>Leff, Julian Paul Honorary</p><p>Fellow</p><p>Lishman, William Alwyn Foundation</p><p>Fellow</p><p>Maggio, Gabriel I E L</p><p>Affiliate</p><p>McGovern, Gerald Patrick</p><p>Fellow&#x000a0;&#x02013;&#x000a0;Over 40 Years member</p><p>McLaughlin, Jo-Ann</p><p>Member</p><p>Mian, Ihsanul Haq</p><p>Fellow&#x000a0;&#x02013;&#x000a0;Over 40 Years member</p><p>Milne, Sheila Johnstone Dedman</p><p>Member&#x000a0;&#x02013;&#x000a0;Over 40 Years member</p><p>Mubbashar, Malik Hussain</p><p>Fellow&#x000a0;&#x02013;&#x000a0;Over 40 Years member</p><p>Nada Raja, Rajaratnam</p><p>Fellow&#x000a0;&#x02013;&#x000a0;Over 40 Years member</p><p>Nadkarni, Pallavi</p><p>Member</p><p>Palmer, Robert Leslie</p><p>Fellow&#x000a0;&#x02013;&#x000a0;Over 40 Years member</p><p>Pant, Anshuman</p><p>Member</p><p>Pathak, Rudresh Kumar Dinanath</p><p>Member</p><p>Pitt, Brice Masterman Norman</p><p>Fellow</p><p>Price, Michael John</p><p>Member&#x000a0;&#x02013;&#x000a0;Over 40 Years member</p><p>Rana, Mamoona</p><p>Pre-Membership Psychiatric Trainee</p><p>Roberts, Ann Gertrud</p><p>Member</p><p>Roberts, David Thomas</p><p>Member</p><p>Robinson, John Richard</p><p>Fellow&#x000a0;&#x02013;&#x000a0;Over 40 Years member</p><p>Romero Urcelay, Jose Luis</p><p>Affiliate</p><p>Shah, Ajit Kumar</p><p>Fellow</p><p>Scorer, Richard Charles</p><p>Member&#x000a0;&#x02013;&#x000a0;Over 40 Years member</p><p>Shafar, Susanne</p><p>Fellow</p><p>Shirley, Stephanie Honorary</p><p>Fellow</p><p>Smith, Eileen Dorothy</p><p>Fellow&#x000a0;&#x02013;&#x000a0;Over 40 Years member</p><p>Taylor, David Charles</p><p>Fellow&#x000a0;&#x02013;&#x000a0;Over 40 Years member</p><p>Vallance, Maelor</p><p>Fellow&#x000a0;&#x02013;&#x000a0;Over 40 Years member</p><p>Washbrook, Reginald Alfred Hryhoruk</p><p>Fellow&#x000a0;&#x02013;&#x000a0;Over 40 Years member</p><p>White, Daniel Paul</p><p>Member</p><p>Wilson, Becky Annabelle</p><p>Member</p><p>Ashurst, Pamela Margaret</p><p>Fellow&#x000a0;&#x02013;&#x000a0;Over 40 Years member</p><p>Bourne, Stanford</p><p>Fellow</p><p>El-Hilu, Saleh</p><p>Fellow&#x000a0;&#x02013;&#x000a0;Over 40 Years member</p><p>Freeston, Una</p><p>Fellow&#x000a0;&#x02013;&#x000a0;Over 40 Years member</p><p>Jenkins, Gary Robert</p><p>Member</p><p>Keating, David Patrick</p><p>Member</p><p>King, Michael Bruce</p><p>Fellow</p><p>Simpson, Michael Andrew</p><p>Member&#x000a0;&#x02013;&#x000a0;Over 40 Years member</p><p>Wallace, Daphne Rowena Duckworth</p><p>Fellow&#x000a0;&#x02013;&#x000a0;Over 40 Years member</p><p>Weaving, Hester Claudia</p><p>Member&#x000a0;&#x02013;&#x000a0;Over 40 Years member</p><p>Wells, Peter George</p><p>Fellow&#x000a0;&#x02013;&#x000a0;Over 40 Years member</p><p>Briscoe, Oliver Villiers</p><p>Retired</p><p>Fellow&#x000a0;&#x02013;&#x000a0;Over 40 Years member</p><p>Choudry, Nas</p><p>Retired</p><p>Fellow&#x000a0;&#x02013;&#x000a0;Over 40 Years member</p><p>Davies, Brian Michael</p><p>Retired</p><p>Fellow&#x000a0;&#x02013;&#x000a0;Over 40 Years member</p><p>De-Groot, Michael Henry</p><p>Retired Foundation</p><p>Member</p><p>Fine, Stuart Hamilton</p><p>Academic</p><p>Fellow&#x000a0;&#x02013;&#x000a0;Over 40 Years member</p><p>Freed, Edgar David</p><p>Consultant</p><p>Fellow&#x000a0;&#x02013;&#x000a0;Over 40 Years member</p><p>Gaitonde, Alison Myra</p><p>Retired</p><p>Member&#x000a0;&#x02013;&#x000a0;Over 40 Years member</p><p>Hill, Oscar William</p><p>Retired</p><p>Fellow&#x000a0;&#x02013;&#x000a0;Over 40 Years member</p><p>Hore, Brian</p><p>Consultant Private Practice</p><p>Fellow&#x000a0;&#x02013;&#x000a0;Over 40 Years member</p><p>Horrocks, Frederick Arthur</p><p>Retired</p><p>Member</p><p>Leff, Julian Paul</p><p>Retired Honorary</p><p>Fellow</p><p>Lishman, William Alwyn Emeritus</p><p>Professor Foundation</p><p>Fellow</p><p>Mian, Ihsanul Haq</p><p>Retired</p><p>Fellow&#x000a0;&#x02013;&#x000a0;Over 40 Years member</p><p>Milne, Sheila Johnstone Dedman</p><p>Retired</p><p>Member&#x000a0;&#x02013;&#x000a0;Over 40 Years member</p><p>Nada Raja, Rajaratnam</p><p>Retired</p><p>Fellow&#x000a0;&#x02013;&#x000a0;Over 40 Years member</p><p>Pitt, Brice Masterman Norman</p><p>Professor</p><p>Fellow</p><p>Romero Urcelay, Jose Luis</p><p>Associate Specialist</p><p>Affiliate</p><p>Shafar, Susanne</p><p>Retired</p><p>Fellow</p></body></article>