<!DOCTYPE article PUBLIC "-//NLM//DTD JATS (Z39.96) Journal Archiving and Interchange DTD with MathML3 v1.3 20210610//EN" "JATS-archivearticle1-3-mathml3.dtd"> 
<article xmlns:mml="http://www.w3.org/1998/Math/MathML" xmlns:xlink="http://www.w3.org/1999/xlink" dtd-version="1.3" xml:lang="en" article-type="research-article"><?DTDIdentifier.IdentifierValue -//NLM//DTD JATS (Z39.96) Journal Publishing DTD v1.2 20190208//EN?><?DTDIdentifier.IdentifierType public?><?SourceDTD.DTDName JATS-journalpublishing1.dtd?><?SourceDTD.Version 1.2?><?ConverterInfo.XSLTName jats2jats3.xsl?><?ConverterInfo.Version 1?><?covid-19-tdm?><processing-meta base-tagset="archiving" mathml-version="3.0" table-model="xhtml" tagset-family="jats"><restricted-by>pmc</restricted-by></processing-meta><front><journal-meta><journal-id journal-id-type="nlm-ta">Health Policy Plan</journal-id><journal-id journal-id-type="iso-abbrev">Health Policy Plan</journal-id><journal-id journal-id-type="publisher-id">heapol</journal-id><journal-title-group><journal-title>Health Policy and Planning</journal-title></journal-title-group><issn pub-type="ppub">0268-1080</issn><issn pub-type="epub">1460-2237</issn><publisher><publisher-name>Oxford University Press</publisher-name><publisher-loc>UK</publisher-loc></publisher></journal-meta><article-meta><article-id pub-id-type="pmcid">9278258</article-id><article-id pub-id-type="pmid">35799347</article-id><article-id pub-id-type="doi">10.1093/heapol/czac055</article-id><article-id pub-id-type="publisher-id">czac055</article-id><article-categories><subj-group subj-group-type="heading"><subject>Original Article</subject></subj-group><subj-group subj-group-type="category-taxonomy-collection"><subject>AcademicSubjects/MED00860</subject></subj-group></article-categories><title-group><article-title>Local Health Systems Resilience in Managing the COVID-19 Pandemic: Lessons from Mexico</article-title></title-group><contrib-group><contrib contrib-type="author"><contrib-id contrib-id-type="orcid" authenticated="false">https://orcid.org/0000-0002-1844-772X</contrib-id><name><surname>Ju&#x000e1;rez-Ram&#x000ed;rez</surname><given-names>Clara</given-names></name><degrees>BS, MSc, PhD</degrees><aff>
<institution>Center for Health Systems Research, National Institute of Public Health</institution>, 7a privada de Fray Pedro de Gante, Secci&#x000f3;n XVI, Tlalpan 14000, CDMX, <country country="MX">M&#x000e9;xico</country></aff></contrib><contrib contrib-type="author" corresp="yes"><contrib-id contrib-id-type="orcid" authenticated="false">https://orcid.org/0000-0002-9763-4143</contrib-id><name><surname>Reyes-Morales</surname><given-names>Hortensia</given-names></name><degrees>MD, MSc, Sc.D</degrees><!--hortensia.reyes@insp.mx--><aff>
<institution>Center for Health Systems Research, National Institute of Public Health</institution>, Av. Universidad 655, Col. Santa Mar&#x000ed;a Ahuacatitl&#x000e1;n, Cuernavaca, Mor. CP 62100</aff><xref rid="COR0001" ref-type="corresp"/></contrib><contrib contrib-type="author"><contrib-id contrib-id-type="orcid" authenticated="false">https://orcid.org/0000-0003-2030-758X</contrib-id><name><surname>Guti&#x000e9;rrez-Alba</surname><given-names>Gaudencio</given-names></name><degrees>MD, MSc, Sc.D</degrees><aff>
<institution>Instituto de Ciencias de la Salud, Universidad Veracruzana</institution>, Luis Castelazo Ayala s/n, Col. Industrial Animas, C.P.91190, Xalapa, Veracruz, <country country="MX">M&#x000e9;xico</country></aff></contrib><contrib contrib-type="author"><contrib-id contrib-id-type="orcid" authenticated="false">https://orcid.org/0000-0002-5404-3407</contrib-id><name><surname>Reartes-Pe&#x000f1;afiel</surname><given-names>Diana L</given-names></name><degrees>BA, MSc, PhD</degrees><aff>
<institution>Independent Consultor</institution>, 2a cerrada del Observador, Devisadero, Tlalpan 14430, CDMX, <country country="MX">M&#x000e9;xico</country></aff></contrib><contrib contrib-type="author"><contrib-id contrib-id-type="orcid" authenticated="false">https://orcid.org/0000-0001-5773-9234</contrib-id><name><surname>Flores-Hern&#x000e1;ndez</surname><given-names>Sergio</given-names></name><degrees>MD, MSc, Sc.D</degrees><aff>
<institution>Direcci&#x000f3;n de Estad&#x000ed;stica CIEE. Instituto Nacional de Salud P&#x000fa;blica</institution>, Av. Universidad 655 Col. Santa Mar&#x000ed;a Ahuacatitl&#x000e1;n, Cuernavaca, Morelos, CP 62100, <country country="MX">M&#x000e9;xico</country></aff></contrib><contrib contrib-type="author"><contrib-id contrib-id-type="orcid" authenticated="false">https://orcid.org/0000-0001-6128-8579</contrib-id><name><surname>Mu&#x000f1;os-Hern&#x000e1;ndez</surname><given-names>Jos&#x000e9; Alberto</given-names></name><degrees>BS, MSc, PhD</degrees><aff>
<institution>Instituto de Ciencias de la Salud, Universidad Veracruzana</institution>, Luis Castelazo Ayala s/n, Col. Industrial Animas, C.P. 91190, Xalapa, Veracruz, <country country="MX">M&#x000e9;xico</country></aff></contrib><contrib contrib-type="author"><contrib-id contrib-id-type="orcid" authenticated="false">https://orcid.org/0000-0001-5155-6613</contrib-id><name><surname>Escalante-Casta&#x000f1;&#x000f3;n</surname><given-names>Andr&#x000e9;</given-names></name><degrees>BA, MPH</degrees><aff>
<institution>Independent Consultor</institution>, Av. Venustiano Carranza 1115, C.P. 78230, Tequisquiapan, San Luis Potos&#x000ed;, <country country="MX">M&#x000e9;xico</country></aff></contrib><contrib contrib-type="author"><name><surname>Malo</surname><given-names>Miguel</given-names></name><degrees>MD, MSc</degrees><aff>
<institution>Pan American Health Organization</institution>, Montes Urales 440, Lomas Virreyes. C.P. 11000, Ciudad de M&#x000e9;xico, <country country="MX">M&#x000e9;xico</country></aff></contrib></contrib-group><author-notes><corresp id="COR0001">Corresponding author: Hortensia Reyes-Morales, e-mail: <email xlink:href="hortensia.reyes@insp.mx">hortensia.reyes@insp.mx</email></corresp></author-notes><pub-date pub-type="epub" iso-8601-date="2022-07-07"><day>07</day><month>7</month><year>2022</year></pub-date><pub-date pub-type="pmc-release"><day>07</day><month>7</month><year>2022</year></pub-date><!--PMC Release delay is 0 months and 0 days and was based on the <pub-date pub-type="epub"/>.--><elocation-id>czac055</elocation-id><history><date date-type="received"><day>16</day><month>2</month><year>2022</year></date><date date-type="rev-recd"><day>27</day><month>6</month><year>2022</year></date><date date-type="accepted"><day>06</day><month>7</month><year>2022</year></date><date date-type="editorial-decision"><day>30</day><month>6</month><year>2022</year></date></history><permissions><copyright-statement>&#x000a9; The Author(s) 2022. Published by Oxford University Press in association with The London School of Hygiene and Tropical Medicine. All rights reserved. For permissions, please e-mail: journals.permissions@oup.com</copyright-statement><copyright-year>2022</copyright-year><license><ali:license_ref xmlns:ali="http://www.niso.org/schemas/ali/1.0/">https://academic.oup.com/journals/pages/open_access/funder_policies/chorus/standard_publication_model</ali:license_ref><license-p>This article is published and distributed under the terms of the Oxford University Press, Standard Journals Publication Model (<ext-link ext-link-type="uri" xlink:href="https://academic.oup.com/journals/pages/open_access/funder_policies/chorus/standard_publication_model">https://academic.oup.com/journals/pages/open_access/funder_policies/chorus/standard_publication_model</ext-link>)</license-p></license><license><license-p>This article is made available via the PMC Open Access Subset for unrestricted re-use and analyses in any form or by any means with acknowledgement of the original source. These permissions are granted for the duration of the COVID-19 pandemic or until permissions are revoked in writing. Upon expiration of these permissions, PMC is granted a perpetual license to make this article available via PMC and Europe PMC, consistent with existing copyright protections.</license-p></license></permissions><self-uri xlink:href="czac055.pdf"/><abstract><title>ABSTRACT</title><p>The concept of <italic toggle="yes">resilience</italic> was applied to the public health field to investigate the way health systems are impacted by health crises, what conditions allow them to mitigate the blow, and how they reorganize once the crisis is over. In 2020, the COVID-19 pandemic caused by the SARS-CoV-2 virus represented a global challenge demanding immediate response to an unprecedented health crisis. Various voices drew attention to the intensity of the crisis in countries with greater inequalities, where the pandemic converged with other social emergencies. We documented the experiences of health personnel who faced the pandemic at the primary care level while simultaneously maintaining the functioning of other areas of medical care. Our results derived from a qualitative study comprising 103 participants from five states of Mexico. We aimed to show through inferential analysis their perspective on what we call &#x0201c;the resilience of local health systems.&#x0201d; We observed three stages of experience during the crisis: (a) Preparation (official guidelines received to organize care, training, and planning of epidemiological surveillance); (b) Adaptation (performance of community-based prevention activities, infrastructure modifications, telehealth); (c) Learning (participatory governance with city councils, business sector, and organized population). The study suggests that the local health systems analyzed benefited from the initiatives of health personnel that in some cases positively exceeded their duties. In terms of the resilience analysis, they were able to handle the impact of the crisis and cope with it. Their transformative capacity came from the strategies implemented to adapt health services by managing institutional resources. Their experience represents a lesson on the strengthening of the essential functions of health systems and shows a way to address successfully the increasingly complex health challenges of the present and future times.</p></abstract><kwd-group><kwd>Health Systems Resilience</kwd><kwd>COVID-19</kwd><kwd>Qualitative Study</kwd><kwd>Mexico</kwd></kwd-group><funding-group><award-group award-type="grant"><funding-source>
<institution-wrap><institution>Pan American Health Organization</institution><institution-id institution-id-type="DOI">10.13039/100011893</institution-id></institution-wrap>
</funding-source><award-id>SCON2020-00250</award-id></award-group></funding-group><custom-meta-group><custom-meta><meta-name>edited-state</meta-name><meta-value>accepted-manuscript</meta-value></custom-meta><custom-meta><meta-name>article-lifecycle</meta-name><meta-value>PAP</meta-value></custom-meta></custom-meta-group></article-meta></front><back><sec sec-type="supplementary-material"><title>Supplementary Material</title><supplementary-material id="sup1" position="float" content-type="local-data"><label>czac055_Supp</label><media xlink:href="czac055_supp.zip"><caption><p>Click here for additional data file.</p></caption></media></supplementary-material></sec></back></article>