<!DOCTYPE article PUBLIC "-//NLM//DTD JATS (Z39.96) Journal Archiving and Interchange DTD with MathML3 v1.3 20210610//EN" "JATS-archivearticle1-3-mathml3.dtd"> 
<article xmlns:mml="http://www.w3.org/1998/Math/MathML" xmlns:xlink="http://www.w3.org/1999/xlink" dtd-version="1.3" xml:lang="en" article-type="correction"><?DTDIdentifier.IdentifierValue -//NLM//DTD JATS (Z39.96) Journal Publishing DTD v1.1 20151215//EN?><?DTDIdentifier.IdentifierType public?><?SourceDTD.DTDName JATS-journalpublishing1.dtd?><?SourceDTD.Version 1.1?><?ConverterInfo.XSLTName jats2jats3.xsl?><?ConverterInfo.Version 1?><?properties open_access?><processing-meta base-tagset="archiving" mathml-version="3.0" table-model="xhtml" tagset-family="jats"><restricted-by>pmc</restricted-by></processing-meta><front><journal-meta><journal-id journal-id-type="nlm-ta">BJPsych Bull</journal-id><journal-id journal-id-type="iso-abbrev">BJPsych Bull</journal-id><journal-id journal-id-type="publisher-id">BJB</journal-id><journal-title-group><journal-title>BJPsych Bulletin</journal-title></journal-title-group><issn pub-type="ppub">2056-4694</issn><issn pub-type="epub">2056-4708</issn><publisher><publisher-name>Cambridge University Press</publisher-name><publisher-loc>Cambridge, UK</publisher-loc></publisher></journal-meta><article-meta><article-id pub-id-type="pmcid">9346431</article-id><article-id pub-id-type="doi">10.1192/bjb.2020.144</article-id><article-id pub-id-type="pii">S2056469420001448</article-id><article-categories><subj-group subj-group-type="heading"><subject>Erratum</subject></subj-group></article-categories><title-group><article-title>A visual step-by-step guide for clinicians to use video consultations in mental health services: NHS examples of real-time practice in times of normal and pandemic healthcare delivery &#x02013; ERRATUM</article-title></title-group><contrib-group><contrib contrib-type="author"><name><surname>Johns</surname><given-names>Gemma</given-names></name></contrib><contrib contrib-type="author"><name><surname>Tan</surname><given-names>Jacinta</given-names></name></contrib><contrib contrib-type="author"><name><surname>Burhouse</surname><given-names>Anna</given-names></name></contrib><contrib contrib-type="author"><name><surname>Ogonovsky</surname><given-names>Mike</given-names></name></contrib><contrib contrib-type="author"><name><surname>Rees</surname><given-names>Catrin</given-names></name></contrib><contrib contrib-type="author"><name><surname>Ahuja</surname><given-names>Alka</given-names></name></contrib></contrib-group><pub-date publication-format="print" date-type="pub" iso-8601-date="2022-06"><month>6</month><year>2022</year></pub-date><pub-date pub-type="pmc-release"><month>6</month><year>2022</year></pub-date><!--PMC Release delay is 0 months and 0 days and was based on the <pub-date pub-type="ppub"/>.--><volume>46</volume><issue seq="20">3</issue><fpage>192</fpage><lpage>193</lpage><permissions><copyright-statement>&#x000a9; The Authors 2020</copyright-statement><copyright-year>2020</copyright-year><copyright-holder>The Authors</copyright-holder><license><ali:license_ref xmlns:ali="http://www.niso.org/schemas/ali/1.0/" specific-use="textmining" content-type="ccbylicense">https://creativecommons.org/licenses/by/4.0/</ali:license_ref><license-p>This is an Open Access article, distributed under the terms of the Creative Commons Attribution licence (<uri xlink:href="https://creativecommons.org/licenses/by/4.0/">http://creativecommons.org/licenses/by/4.0/</uri>), which permits unrestricted re-use, distribution, and reproduction in any medium, provided the original work is properly cited.</license-p></license></permissions><self-uri xlink:title="pdf" xlink:href="S2056469420001448a.pdf"/><related-article related-article-type="corrected-article" ext-link-type="doi" id="re1" xlink:href="10.1192/bjb.2020.71"><uri xlink:href="https://doi.org/10.1192/bjb.2020.71">https://doi.org/10.1192/bjb.2020.71</uri>, Published online by <publisher-name>the Royal College of Psychiatrists</publisher-name>, 14 July <year>2020</year></related-article><counts><ref-count count="1"/><page-count count="2"/></counts></article-meta></front><body><p>In the original published article, country names were missing from the author affiliations. This has now been corrected.</p></body><back><ref-list id="reflist1"><title>Reference</title><ref id="ref1"><mixed-citation publication-type="journal" id="cite1"><string-name><surname>Johns</surname>
<given-names>G</given-names></string-name>, <string-name><surname>Tan</surname>
<given-names>J</given-names></string-name>, <string-name><surname>Burhouse</surname>
<given-names>A</given-names></string-name>, <string-name><surname>Ogonovsky</surname>
<given-names>M</given-names></string-name>, <string-name><surname>Rees</surname>
<given-names>C</given-names></string-name> and <string-name><surname>Ahuja</surname>
<given-names>A.</given-names></string-name>
<article-title>A visual step-by-step guide for clinicians to use video consultations in mental health services: NHS examples of real-time practice in times of normal and pandemic healthcare delivery</article-title>. <source>BJPsych Bull</source>
<year>2020</year>; <volume>44</volume>(<issue>6</issue>): <fpage>277</fpage>&#x02013;84. Available from: <pub-id pub-id-type="doi">10.1192/bjb.2020.71</pub-id>.<pub-id pub-id-type="pmid">33213560</pub-id></mixed-citation></ref></ref-list></back></article>