<!DOCTYPE article PUBLIC "-//NLM//DTD JATS (Z39.96) Journal Archiving and Interchange DTD with MathML3 v1.3 20210610//EN" "JATS-archivearticle1-3-mathml3.dtd"> 
<article xmlns:mml="http://www.w3.org/1998/Math/MathML" xmlns:xlink="http://www.w3.org/1999/xlink" dtd-version="1.3" xml:lang="en" article-type="abstract"><?DTDIdentifier.IdentifierValue -//NLM//DTD JATS (Z39.96) Journal Publishing DTD v1.1 20151215//EN?><?DTDIdentifier.IdentifierType public?><?SourceDTD.DTDName JATS-journalpublishing1.dtd?><?SourceDTD.Version 1.1?><?ConverterInfo.XSLTName jats2jats3.xsl?><?ConverterInfo.Version 1?><?properties open_access?><processing-meta base-tagset="archiving" mathml-version="3.0" table-model="xhtml" tagset-family="jats"><restricted-by>pmc</restricted-by></processing-meta><front><journal-meta><journal-id journal-id-type="nlm-ta">BJPsych Open</journal-id><journal-id journal-id-type="iso-abbrev">BJPsych Open</journal-id><journal-id journal-id-type="publisher-id">BJO</journal-id><journal-title-group><journal-title>BJPsych Open</journal-title></journal-title-group><issn pub-type="epub">2056-4724</issn><publisher><publisher-name>Cambridge University Press</publisher-name><publisher-loc>Cambridge, UK</publisher-loc></publisher></journal-meta><article-meta><article-id pub-id-type="pmcid">9378079</article-id><article-id pub-id-type="doi">10.1192/bjo.2022.278</article-id><article-id pub-id-type="pii">S2056472422002782</article-id><article-categories><subj-group subj-group-type="section"><subject>Poster Presentations</subject></subj-group><subj-group subj-group-type="heading"><subject>Quality Improvement</subject></subj-group></article-categories><title-group><article-title>Developing Inpatient Management Strategies for Behavioural and Psychological Symptoms of Dementia (DIMS-BPSD)</article-title></title-group><contrib-group><contrib contrib-type="author"><name><surname>Parker</surname><given-names>Jennifer</given-names><prefix>Dr</prefix></name><xref rid="aff1" ref-type="aff"/></contrib><contrib contrib-type="author" corresp="yes"><name><surname>Beazley</surname><given-names>Ryan</given-names><prefix>Dr</prefix></name><xref rid="aff1" ref-type="aff"/><xref rid="cor1" ref-type="corresp">*</xref></contrib><contrib contrib-type="author"><name><surname>De Souza</surname><given-names>Stephen</given-names><prefix>Dr</prefix></name><xref rid="aff1" ref-type="aff"/></contrib></contrib-group><aff id="aff1"><institution>Somerset NHS Foundation Trust</institution>, <city>Somerset</city>, <country>United Kingdom</country></aff><author-notes><corresp id="cor1"><label>*</label>Presenting author.</corresp></author-notes><pub-date publication-format="electronic" date-type="collection" iso-8601-date="2022-06"><month>6</month><year>2022</year></pub-date><pub-date pub-type="epub"><day>20</day><month>6</month><year>2022</year></pub-date><volume>8</volume><issue seq="203">Suppl 1</issue><issue-id pub-id-type="doi">10.1192/bjo8_s1</issue-id><issue-title>Abstracts of the RCPsych International Congress 2022, 20&#x02013;23 June</issue-title><fpage>S86</fpage><lpage>S87</lpage><permissions><copyright-statement>&#x000a9; The Author(s) 2022</copyright-statement><copyright-year>2022</copyright-year><copyright-holder>The Author(s)</copyright-holder><license><ali:license_ref xmlns:ali="http://www.niso.org/schemas/ali/1.0/" specific-use="textmining" content-type="ccbylicense">https://creativecommons.org/licenses/by/4.0/</ali:license_ref><license-p>This is an Open Access article, distributed under the terms of the Creative Commons Attribution licence (<uri xlink:href="https://creativecommons.org/licenses/by/4.0/">https://creativecommons.org/licenses/by/4.0/</uri>), which permits unrestricted re-use, distribution, and reproduction in any medium, provided the original work is properly cited.</license-p></license></permissions><self-uri xlink:title="pdf" xlink:href="S2056472422002782a.pdf"/><abstract abstract-type="normal"><sec id="sec_a1"><title>Aims</title><p>This project details the development of a Quality Improvement Project aiming to review and improve the management of behavioural and psychological symptoms of dementia (BPSD) on an old age psychiatry ward. BPSD refers to a constellation of non-cognitive symptoms and signs which arise in people with dementia, including disturbed perception, thought content, mood or behaviour. Examples include agitation, depression, apathy, repetitive questioning, psychosis, aggression, sleep problems, and socially inappropriate behaviours. BPSD arise in 5/6 of people with dementia over the course of their illness and are associated with a deterioration in cognition and progression in dementia plus secondary harms such as falls and hospitalisation. Pyrland Two ward is a mixed gender specialised organic old age psychiatry inpatient unit serving the county of Somerset. Most patients have a diagnosis of dementia, are being cared for using either MHA or MCA legislation and exhibit one or more BPSD. There was no structured or formalised approach to the management of BPSD at inception.</p></sec><sec id="sec_a2"><title>Methods</title><p>
<list list-type="order"><list-item><p>A point-in-time audit was conducted to produce baseline measurements of BPSD management on the ward, measured against NICE criteria.</p></list-item><list-item><p>Plan-Do-Study-Act (PDSA) methodology was employed to incorporate incremental quality improvement interventions such as a ward-round checklist and staff education.</p></list-item></list></p></sec><sec id="sec_a3"><title>Results</title><p>
<list list-type="bullet"><list-item><p>Baseline: (n = 14) 4/14 formally diagnosed with BPSD. 6/14 were prescribed antipsychotic medications, of which 1/6 fully met NICE standards. 2/14 had structured assessment tools used.</p></list-item><list-item><p>Results following introduction of improvement methods: (n = 8) 8/8 formally diagnosed with BPSD. 7/8 were prescribed antipsychotic medications, of which 4/7 fully met NICE standards. 7/8 had structured assessment tools used.</p></list-item></list></p></sec><sec id="sec_a4"><title>Conclusion</title><p>It was possible to see modest improvements in the ward-based management of BPSD using quality improvement methodology, including more favourable psychotropic prescribing. However, total patient numbers are small and further interventions, such as more PDSA cycles, may add value and encourage sustainability.</p></sec></abstract><conference><conf-date>20-23 June 2022</conf-date><conf-name>Royal College of Psychiatrists International Congress 2022</conf-name><conf-loc>Edinburgh, UK</conf-loc></conference><counts><page-count count="2"/></counts></article-meta></front></article>