<!DOCTYPE article PUBLIC "-//NLM//DTD JATS (Z39.96) Journal Archiving and Interchange DTD with MathML3 v1.3 20210610//EN" "JATS-archivearticle1-3-mathml3.dtd"> 
<article xmlns:mml="http://www.w3.org/1998/Math/MathML" xmlns:xlink="http://www.w3.org/1999/xlink" dtd-version="1.3" xml:lang="en" article-type="book-review"><?DTDIdentifier.IdentifierValue -//NLM//DTD JATS (Z39.96) Journal Publishing DTD v1.1 20151215//EN?><?DTDIdentifier.IdentifierType public?><?SourceDTD.DTDName JATS-journalpublishing1.dtd?><?SourceDTD.Version 1.1?><?ConverterInfo.XSLTName jats2jats3.xsl?><?ConverterInfo.Version 1?><?properties open_access?><processing-meta base-tagset="archiving" mathml-version="3.0" table-model="xhtml" tagset-family="jats"><restricted-by>pmc</restricted-by></processing-meta><front><journal-meta><journal-id journal-id-type="nlm-ta">BJPsych Bull</journal-id><journal-id journal-id-type="iso-abbrev">BJPsych Bull</journal-id><journal-id journal-id-type="publisher-id">BJB</journal-id><journal-title-group><journal-title>BJPsych Bulletin</journal-title></journal-title-group><issn pub-type="ppub">2056-4694</issn><issn pub-type="epub">2056-4708</issn><publisher><publisher-name>Cambridge University Press</publisher-name><publisher-loc>Cambridge, UK</publisher-loc></publisher></journal-meta><article-meta><article-id pub-id-type="pmcid">9059322</article-id><article-id pub-id-type="doi">10.1192/bjb.2020.135</article-id><article-id pub-id-type="pii">S2056469420001357</article-id><article-categories><subj-group subj-group-type="heading"><subject>Book Review</subject></subj-group><subj-group subj-group-type="topic"><subject>Rehabilitation and Social</subject></subj-group></article-categories><contrib-group><contrib contrib-type="author"><name><surname>Mistry</surname><given-names>Amit D.</given-names></name><xref rid="aff1" ref-type="aff"/></contrib></contrib-group><aff id="aff1">Chair of the Royal College of Psychiatrists Sport and Exercise Special Interest Group, <institution>Oxford Health NHS Foundation Trust</institution>, <country>UK</country>. Email: <email>amist85@gmail.com</email></aff><pub-date publication-format="print" date-type="pub" iso-8601-date="2021-06"><month>6</month><year>2021</year></pub-date><volume>45</volume><issue seq="23">3</issue><fpage>199</fpage><lpage>199</lpage><product><source>Cognitive Sports Therapy Manual: Mind &#x02013; Body &#x02013; Breath</source><comment> By </comment><x>&#x000a0;</x><string-name>
<surname>Gillvray</surname><given-names>Claire</given-names></string-name><comment>, </comment><x>&#x000a0;</x><string-name>
<surname>Ostler</surname><given-names>Nicola</given-names></string-name><comment> and </comment><x>&#x000a0;</x><string-name>
<surname>Hibben</surname><given-names>Lucy</given-names></string-name><comment>. Edited by </comment><x>&#x000a0;</x><string-name>
<surname>Diethe</surname><given-names>Tom</given-names></string-name><comment>. </comment><x>&#x000a0;</x><publisher-name>Independently published</publisher-name><comment>. </comment><x>&#x000a0;</x><year>2020</year><comment>. &#x000a3;19.99 (pb). 122 pp. ISBN </comment><x>&#x000a0;</x><isbn publication-format="hardback">9781654775360</isbn><x>. </x></product><permissions><copyright-statement>&#x000a9; The Author 2020</copyright-statement><copyright-year>2020</copyright-year><copyright-holder>The Author</copyright-holder><license><ali:license_ref xmlns:ali="http://www.niso.org/schemas/ali/1.0/" specific-use="textmining" content-type="ccbylicense">https://creativecommons.org/licenses/by/4.0/</ali:license_ref><license-p>This is an Open Access article, distributed under the terms of the Creative Commons Attribution licence (<uri xlink:href="https://creativecommons.org/licenses/by/4.0/">http://creativecommons.org/licenses/by/4.0/</uri>), which permits unrestricted re-use, distribution, and reproduction in any medium, provided the original work is properly cited.</license-p></license></permissions><self-uri xlink:title="pdf" xlink:href="S2056469420001357a.pdf"/><counts><page-count count="1"/></counts></article-meta></front><body><p>The &#x02018;<italic toggle="yes">Cognitive Sports Therapy Manual&#x02019;</italic> is a 120-page book centred on holistic, fundamental concepts, such as &#x02018;mind, body, breath&#x02019;, for supporting mental health. It is based on 12-week practical courses and support groups (available at <uri xlink:href="https://www.cognitivesportstherapy.com">www.cognitivesportstherapy.com</uri>), designed by a founding Multi Disciplinary Team composed of psychiatric, general practice, yoga and exercise professionals. It includes the use of non-medical jargon and practical tools, such as a gratitude journaling, screening tools, care planning, worksheets and calendar logs, for tracking personal progress related to &#x02018;mind, body and breath&#x02019; exercises.</p><p>This type of manual is timely, particularly given the emerging robust evidence base for the therapeutic role of &#x02018;lifestyle psychiatry&#x02019; (e.g. exercise, nutrition, sleep, stress management and adverse health behaviours) within severe mental illness. The back of the manual makes reference to some of these key papers and texts.</p><p>Within front-line psychiatry work, the use of some of these proposed, alternative therapeutic methods is well aligned with the preventative direction of the NHS Long Term Plan. This may prompt traditional Multi Disciplinary Teams to include professionals who can optimise such lifestyle factors (e.g. physiotherapists), particularly when patients with severe mental illness cite lack of staff support as a major barrier to physical activity engagement.</p><p>Despite idealism toward holistic interventions, we also have evidence from pragmatic trials led by <ext-link xlink:href="https://bmcpsychiatry.biomedcentral.com/articles/10.1186/s12888-017-1571-0" ext-link-type="uri">Gaughran</ext-link> et al (<uri xlink:href="https://doi.org/10.1186/s12888-017-1571-0">https://doi.org/10.1186/s12888-017-1571-0</uri>), demonstrating the challenges of embedding positive lifestyle factors for severe mental illness. Therefore, this type of manualised approach may be more suited as a well-being strategy for those with higher levels of motivation. Further, I believe that the book should have included a screening function or content related to the risks of over-reliance on exercise as a coping mechanism, as we know this can result in exercise addiction and associated dysfunctional eating behaviours.</p><p>In summary, I enjoyed reading this manual and knowing that there are professional initiatives exploring holistic, lifestyle factor optimisation that can benefit individuals across the mental health spectrum.</p></body></article>