<!DOCTYPE article PUBLIC "-//NLM//DTD JATS (Z39.96) Journal Archiving and Interchange DTD with MathML3 v1.3 20210610//EN" "JATS-archivearticle1-3-mathml3.dtd"> 
<article xmlns:mml="http://www.w3.org/1998/Math/MathML" xmlns:xlink="http://www.w3.org/1999/xlink" dtd-version="1.3" xml:lang="en" article-type="other"><?DTDIdentifier.IdentifierValue -//NLM//DTD JATS (Z39.96) Journal Publishing DTD v1.1 20151215//EN?><?DTDIdentifier.IdentifierType public?><?SourceDTD.DTDName JATS-journalpublishing1.dtd?><?SourceDTD.Version 1.1?><?ConverterInfo.XSLTName jats2jats3.xsl?><?ConverterInfo.Version 1?><?properties open_access?><processing-meta base-tagset="archiving" mathml-version="3.0" table-model="xhtml" tagset-family="jats"><restricted-by>pmc</restricted-by></processing-meta><front><journal-meta><journal-id journal-id-type="nlm-ta">BJPsych Bull</journal-id><journal-id journal-id-type="iso-abbrev">BJPsych Bull</journal-id><journal-id journal-id-type="publisher-id">BJB</journal-id><journal-title-group><journal-title>BJPsych Bulletin</journal-title></journal-title-group><issn pub-type="ppub">2056-4694</issn><issn pub-type="epub">2056-4708</issn><publisher><publisher-name>Cambridge University Press</publisher-name><publisher-loc>Cambridge, UK</publisher-loc></publisher></journal-meta><article-meta><article-id pub-id-type="pmcid">9347513</article-id><article-id pub-id-type="doi">10.1192/bjb.2022.21</article-id><article-id pub-id-type="pii">S2056469422000213</article-id><article-categories><subj-group subj-group-type="heading"><subject>List of Reviewers</subject></subj-group></article-categories><title-group><article-title>List of reviewers 2021</article-title></title-group><pub-date publication-format="print" date-type="pub" iso-8601-date="2022-06"><month>6</month><year>2022</year></pub-date><volume>46</volume><issue seq="23">3</issue><fpage>195</fpage><lpage>196</lpage><permissions><copyright-statement>&#x000a9; The Author(s) 2022</copyright-statement><copyright-year>2022</copyright-year><copyright-holder>The Author(s)</copyright-holder><license><ali:license_ref xmlns:ali="http://www.niso.org/schemas/ali/1.0/" specific-use="textmining" content-type="ccbylicense">https://creativecommons.org/licenses/by/4.0/</ali:license_ref><license-p>This is an Open Access article, distributed under the terms of the Creative Commons Attribution licence (<uri xlink:href="https://creativecommons.org/licenses/by/4.0/">https://creativecommons.org/licenses/by/4.0/</uri>), which permits unrestricted re-use, distribution, and reproduction in any medium, provided the original work is properly cited.</license-p></license></permissions><self-uri xlink:title="pdf" xlink:href="S2056469422000213a.pdf"/><counts><page-count count="2"/></counts></article-meta></front><body><p>On behalf of the editorial board, the Editor-in-Chief would like to thank the following for their contribution as peer reviewers in the period from January 2021 &#x02013; December 2021. Their anonymous work for the journal forms the foundation to its success, and is highly appreciated.</p><p>Mohammed Abousaleh</p><p>Alex Acosta-Armas</p><p>Gwen Adshead</p><p>Suhana Ahmed</p><p>Mike Akroyd</p><p>Adam Al-Diwani</p><p>Kirstie Anderson</p><p>Stephen Anderson</p><p>Humma Andleeb</p><p>Neil Armstrong</p><p>Mark Ashworth</p><p>Oyedeji Ayonrinde</p><p>Agnes Ayton</p><p>Harriet Ball</p><p>Zainab Bashir</p><p>Nick Bass</p><p>Chloe Beale</p><p>Rachel Bingham</p><p>Harm Boer</p><p>Lana Bojani&#x00107;</p><p>Philippa Bolton</p><p>Mary Bosworth</p><p>Tim Bradshaw</p><p>Helen Bruce</p><p>Tom Burns</p><p>Peter Byrne</p><p>Elspeth Carruthers</p><p>Emanuele Castano</p><p>Erica Cini</p><p>Tim Clarke</p><p>Seonaid Cleare</p><p>Kristin Cleverley</p><p>Katherine Clyde</p><p>Alastair Cockburn</p><p>Lucy Colbourne</p><p>John Cookson</p><p>Ken Courtenay</p><p>John Cox</p><p>Helen Crimlisk</p><p>Adam Croom</p><p>Pim Cuijpers</p><p>Stephen Curran</p><p>David Curtis</p><p>Phil Davison</p><p>Michael Deckard</p><p>Mayura Deshpande</p><p>Jack Drescher</p><p>Lynne Drummond</p><p>Chantal Edge</p><p>George El-Nimr</p><p>Carolina Estevao</p><p>Dominic Fannon</p><p>Robert Flanagan</p><p>Akira Fukutomi</p><p>Niall Galbraith</p><p>Chris Garrett</p><p>Linda Gask</p><p>Michael Goldacre</p><p>Philip Graham</p><p>William Grant</p><p>William Grant</p><p>Neel Halder</p><p>Nicholas Hallett</p><p>Guy Harvey</p><p>Matthew Hotopf</p><p>Allan House</p><p>Ranjita Howard</p><p>Ahmed Huda</p><p>Rebekah Humphreys</p><p>Nusrat Husain</p><p>Nusrat Husain</p><p>Eduardo Iacoponi</p><p>George Ikkos</p><p>Jeremy Isaacs</p><p>Eric Jarvis</p><p>Sameer Jauhar</p><p>Afzal Javed</p><p>Louise Johns</p><p>Fiona Johnstone</p><p>Edgar Jones</p><p>Menna Jones</p><p>Nikolina Jovanovic</p><p>Anju Keetharuth</p><p>Alan Kellas</p><p>Brendan Kelly</p><p>David Kessler</p><p>Michael King</p><p>Martin Knapp</p><p>Richard Latham</p><p>John Launer</p><p>Stephen Lawrie</p><p>Tennyson Lee</p><p>Belinda Lennox</p><p>Janine Limoncelli</p><p>Joanne Lloyd</p><p>Yona Lunsky</p><p>Oscar Lyons</p><p>Fiona Mathieson</p><p>Lynsey McAlpine</p><p>Rosalind McAlpine</p><p>Lynsey McAlpine</p><p>Mary McMurran</p><p>C Mizen</p><p>Azer Mohammed</p><p>Paul Moran</p><p>Santoshkumar Mudholkar</p><p>Caz Nahman</p><p>Rajan Nathan</p><p>David Ndetei</p><p>Louise Newman</p><p>Giles Newton-Howes</p><p>David O' Regan</p><p>Aileen O'Brien</p><p>Mary O'Kane</p><p>Chris O'Loughlin</p><p>Femi Oyebode</p><p>Carmine Pariante</p><p>Caroline Parker</p><p>Carol Paton</p><p>Steve Pearce</p><p>Catherine Penny</p><p>Giulia Piazza</p><p>Alexandra Pitman</p><p>Norman Poole</p><p>Rob Poole</p><p>Annabel Price</p><p>Keith Reid</p><p>Antonia Rich</p><p>Ruth Riley</p><p>Keith Rix</p><p>Jonathan Rogers</p><p>Ivana Rosenzweig</p><p>Ross Runciman</p><p>Howard Ryland</p><p>Abdi Sanati</p><p>Karl Scheeres</p><p>Samantha Scholtz</p><p>Sharmita Sharmacharja</p><p>Rory Sheehan</p><p>David Skuse</p><p>Richard Smith</p><p>Timothy Smith</p><p>Daniel Smith</p><p>Sujata Soni</p><p>Ketan Sonigra</p><p>Pavan Srireddy</p><p>Faye Stanage</p><p>Thomas Steare</p><p>Anne Stewart</p><p>Sarah Sullivan</p><p>Derek Summerfield</p><p>Su-Gwan Tham</p><p>Alex Thomson</p><p>Alex Till</p><p>Derek Tracy</p><p>Peter Tyrer</p><p>Benjamin Underwood</p><p>David Veale</p><p>Krishnaveni Vedavanam</p><p>John Warren</p><p>Lauren Waterman</p><p>Richard Weiner</p><p>George Zaharias</p><p>Anli Zhou</p></body></article>