<!DOCTYPE article PUBLIC "-//NLM//DTD JATS (Z39.96) Journal Archiving and Interchange DTD with MathML3 v1.3 20210610//EN" "JATS-archivearticle1-3-mathml3.dtd"> 
<article xmlns:mml="http://www.w3.org/1998/Math/MathML" xmlns:xlink="http://www.w3.org/1999/xlink" dtd-version="1.3" xml:lang="en" article-type="letter"><?DTDIdentifier.IdentifierValue -//NLM//DTD JATS (Z39.96) Journal Publishing DTD v1.1 20151215//EN?><?DTDIdentifier.IdentifierType public?><?SourceDTD.DTDName JATS-journalpublishing1.dtd?><?SourceDTD.Version 1.1?><?ConverterInfo.XSLTName jats2jats3.xsl?><?ConverterInfo.Version 1?><?properties open_access?><processing-meta base-tagset="archiving" mathml-version="3.0" table-model="xhtml" tagset-family="jats"><restricted-by>pmc</restricted-by></processing-meta><front><journal-meta><journal-id journal-id-type="nlm-ta">BJPsych Bull</journal-id><journal-id journal-id-type="iso-abbrev">BJPsych Bull</journal-id><journal-id journal-id-type="publisher-id">BJB</journal-id><journal-title-group><journal-title>BJPsych Bulletin</journal-title></journal-title-group><issn pub-type="ppub">2056-4694</issn><issn pub-type="epub">2056-4708</issn><publisher><publisher-name>Cambridge University Press</publisher-name><publisher-loc>Cambridge, UK</publisher-loc></publisher></journal-meta><article-meta><article-id pub-id-type="pmcid">9074140</article-id><article-id pub-id-type="doi">10.1192/bjb.2022.13</article-id><article-id pub-id-type="pii">S2056469422000134</article-id><article-categories><subj-group subj-group-type="heading"><subject>Correspondence</subject></subj-group></article-categories><title-group><article-title>Author's reply</article-title></title-group><contrib-group><contrib contrib-type="author"><name><surname>Lagunes-Cordoba</surname><given-names>Emmeline</given-names></name><xref rid="aff1" ref-type="aff"/></contrib></contrib-group><aff id="aff1">Specialty Doctor, <institution>Camden and Islington NHS Foundation Trust</institution>, <country>UK</country>. Email: <email>mcanoline@hotmail.com</email></aff><pub-date publication-format="print" date-type="pub" iso-8601-date="2022-04"><month>4</month><year>2022</year></pub-date><volume>46</volume><issue seq="14">2</issue><fpage>130</fpage><lpage>130</lpage><permissions><copyright-statement>&#x000a9; The Author(s) 2022</copyright-statement><copyright-year>2022</copyright-year><copyright-holder>The Author(s)</copyright-holder><license><ali:license_ref xmlns:ali="http://www.niso.org/schemas/ali/1.0/" specific-use="textmining" content-type="ccbylicense">https://creativecommons.org/licenses/by/4.0/</ali:license_ref><license-p>This is an Open Access article, distributed under the terms of the Creative Commons Attribution licence (<uri xlink:href="https://creativecommons.org/licenses/by/4.0/">http://creativecommons.org/licenses/by/4.0/</uri>), which permits unrestricted re-use, distribution, and reproduction in any medium, provided the original work is properly cited.</license-p></license></permissions><self-uri xlink:title="pdf" xlink:href="S2056469422000134a.pdf"/><counts><page-count count="1"/></counts></article-meta></front><body><p>We agree with the comment regarding how&#x000a0;ethnic minority is an independent effect with respect&#x000a0;to&#x000a0;differential attainment; however, this paper tried&#x000a0;to&#x000a0;focus on the subgroup showing the largest effect size, IMGs.</p><p>The comment regarding IMGs of White ethnicity is an illustration of the above (ethnicity: moderate effect on differential attainment; &#x02018;IMG-ness&#x02019;: large effect on differential attainment), so we are grateful you have helped us to make this point more explicit. However, we think the central point of our paper remains &#x02013; that IMGs need special focus as, unlike ethnicity, to be an IMG is not a protected characteristic, so interventions to support IMG might not be deemed to be a priority or even a need. Overall, we consider that this is complex and delicate, with many further layers of intersectionality, including gender, sexual orientation and social background, but it is promising that more and more work, including yours, is beginning to address the many issues affecting IMGs working in the UK.</p></body><back><sec sec-type="COI-statement" id="nts1"><title>Declaration of interest</title><p>None</p></sec></back></article>