<!DOCTYPE article PUBLIC "-//NLM//DTD JATS (Z39.96) Journal Archiving and Interchange DTD with MathML3 v1.3 20210610//EN" "JATS-archivearticle1-3-mathml3.dtd"> 
<article xmlns:mml="http://www.w3.org/1998/Math/MathML" xmlns:xlink="http://www.w3.org/1999/xlink" dtd-version="1.3" xml:lang="en" article-type="editorial"><?DTDIdentifier.IdentifierValue -//NLM//DTD JATS (Z39.96) Journal Publishing DTD v1.1 20151215//EN?><?DTDIdentifier.IdentifierType public?><?SourceDTD.DTDName JATS-journalpublishing1.dtd?><?SourceDTD.Version 1.1?><?ConverterInfo.XSLTName jats2jats3.xsl?><?ConverterInfo.Version 1?><?properties open_access?><processing-meta base-tagset="archiving" mathml-version="3.0" table-model="xhtml" tagset-family="jats"><restricted-by>pmc</restricted-by></processing-meta><front><journal-meta><journal-id journal-id-type="nlm-ta">BJPsych Bull</journal-id><journal-id journal-id-type="iso-abbrev">BJPsych Bull</journal-id><journal-id journal-id-type="publisher-id">BJB</journal-id><journal-title-group><journal-title>BJPsych Bulletin</journal-title></journal-title-group><issn pub-type="ppub">2056-4694</issn><issn pub-type="epub">2056-4708</issn><publisher><publisher-name>Cambridge University Press</publisher-name><publisher-loc>Cambridge, UK</publisher-loc></publisher></journal-meta><article-meta><article-id pub-id-type="pmcid">9074157</article-id><article-id pub-id-type="pmid">33597058</article-id><article-id pub-id-type="doi">10.1192/bjb.2021.4</article-id><article-id pub-id-type="pii">S2056469421000048</article-id><article-categories><subj-group subj-group-type="heading"><subject>Editorial</subject></subj-group><subj-group subj-group-type="topic"><subject>Academic Psychiatry</subject></subj-group></article-categories><title-group><article-title>The challenges and necessity of situating &#x02018;illness narratives&#x02019; in recovery and mental health treatment</article-title></title-group><contrib-group><contrib contrib-type="author" corresp="yes"><contrib-id contrib-id-type="orcid" authenticated="false">https://orcid.org/0000-0003-3870-2609</contrib-id><name><surname>Khan</surname><given-names>Nagina</given-names></name><xref rid="aff1" ref-type="aff">1</xref><xref rid="cor1" ref-type="corresp"/></contrib><contrib contrib-type="author"><contrib-id contrib-id-type="orcid" authenticated="false">https://orcid.org/0000-0002-3609-9407</contrib-id><name><surname>Tracy</surname><given-names>Derek K.</given-names></name><xref rid="aff2" ref-type="aff">2</xref><xref rid="aff3" ref-type="aff">3</xref></contrib></contrib-group><aff id="aff1"><label>1</label><institution>Touro University Nevada</institution>, <country>USA</country></aff><aff id="aff2"><label>2</label><institution>Oxleas NHS Foundation Trust</institution>, <country>UK</country></aff><aff id="aff3"><label>3</label><institution>King's College London</institution>, <country>UK</country></aff><author-notes><corresp id="cor1">Correspondence to Nagina Khan (<email>nkhan786can@gmail.com</email>)</corresp></author-notes><pub-date publication-format="print" date-type="pub" iso-8601-date="2022-04"><month>4</month><year>2022</year></pub-date><volume>46</volume><issue seq="3">2</issue><fpage>77</fpage><lpage>82</lpage><history><date date-type="received"><day>11</day><month>6</month><year>2020</year></date><date date-type="rev-recd"><day>21</day><month>1</month><year>2021</year></date><date date-type="accepted"><day>22</day><month>1</month><year>2021</year></date></history><permissions><copyright-statement>&#x000a9; The Authors 2021</copyright-statement><copyright-year>2021</copyright-year><copyright-holder>The Authors</copyright-holder><license><ali:license_ref xmlns:ali="http://www.niso.org/schemas/ali/1.0/" specific-use="textmining" content-type="ccbylicense">https://creativecommons.org/licenses/by/4.0/</ali:license_ref><license-p>This is an Open Access article, distributed under the terms of the Creative Commons Attribution licence (<uri xlink:href="https://creativecommons.org/licenses/by/4.0/">http://creativecommons.org/licenses/by/4.0/</uri>), which permits unrestricted re-use, distribution, and reproduction in any medium, provided the original work is properly cited.</license-p></license></permissions><self-uri xlink:title="pdf" xlink:href="S2056469421000048a.pdf"/><abstract abstract-type="normal"><title>Summary</title><p>In mental health services, recovery constitutes a guiding principle that is endorsed in professional medical guidelines and has become central to mental health policies across the world. However, for many clinicians, it can be a challenge to effectively embed recovery concepts into professionally directed treatment of disease without distortion, and ostensibly away from what matters to those who use the services. We discuss the evolving and multifaceted concept of &#x02018;recovery&#x02019;, including illness narratives to frame our discussion. We demonstrate how integration between a person-directed management of illness and a professionally directed treatment of disease can converge, resulting in positive outcomes for people with mental illness.</p></abstract><kwd-group><title>Keywords</title><kwd>Mental health</kwd><kwd>personalisation</kwd><kwd>recovery</kwd><kwd>self-management</kwd><kwd>illness narrative</kwd></kwd-group><counts><ref-count count="82"/><page-count count="6"/></counts></article-meta></front><body><p>Increasingly, patient-led research has been challenging traditional professional perceptions on the trajectory and outcomes of mental illness. (Of note, &#x02018;patient' is the stylistic word choice for this journal; the authors had submitted &#x02018;service user' in the draft. We recognise this is an area of discussion and debate). Many people may not fully recover from mental health problems, but can discover how to cope with their condition. Evidence has also highlighted that recovery, and many of the processes involved in it, can happen across a period &#x02013; in many cases, outside of formal medical environments. In this editorial, we summarise and discuss contemporary aspects of recovery, including the co-concept of &#x02018;illness narratives&#x02019;. We argue that although recovery can be a contested topic with differing views, it is also ubiquitous, and its meanings are not always fully incorporated into truly co-produced models. Models that put patients&#x02019; narratives at the core could perform as a connecting mechanism that provides a process to take account of &#x02018;personalisation&#x02019;, which is likely to create a better fit with individual context, structure and the complex diverse realities of recovery-oriented practice and routinely provided interventions.</p><sec sec-type="other" id="sec1"><title>Definitions and debate</title><p>People outside of the formal health settings understand recovery in terms of their individual, specific and personal perceptions. Accordingly Anthony has shown that illness can hinder a person's perception of a productive life and undermine their process of recovery.<sup><xref rid="ref1" ref-type="bibr">1</xref></sup> Anthony's work remains highly influential (and cited) to definitions of recovery, stressing that &#x02018;recovery is what people with disabilities do, recovery is a truly unifying human experience&#x02019;.<sup><xref rid="ref1" ref-type="bibr">1</xref></sup> He also asserts that recovery, is &#x02018;multi-dimensional, defying simplistic measurement&#x02019;.<sup><xref rid="ref1" ref-type="bibr">1</xref></sup> Other perspectives on recovery have been explored: Slade has divided these into two forms, with clinical recovery being defined as symptom changes viewed by the clinician,<sup><xref rid="ref2" ref-type="bibr">2</xref></sup> and &#x02018;personal recovery&#x02019; being defined as what the individual narrates and understands in a meaningful way.<sup><xref rid="ref2" ref-type="bibr">2</xref></sup></p><p>What is strikingly obvious here is that recovery is being presented in a distinct and separated pattern. This separation appears to be divided by the focus and the lens through which it is viewed. It is questionable whether this separation is helpful both clinically and furthering the discourse on recovery itself. The separation pushes apart the idea that &#x02018;professionally directed&#x02019; treatment and &#x02018;person-directed&#x02019; treatment can converge; indeed, the spirit of recovery would challenge the language of this &#x02013; &#x02018;directed&#x02019; inferring &#x02018;being done to a person&#x02019; and would call for it to be more fitfully replaced by &#x02018;perspective&#x02019;. McWade also reinforces our view that this concept of recovery can be defined in such a way that allows freedom to converge medical expertise and affords patients the autonomy in their individual journey to recovery.<sup><xref rid="ref3" ref-type="bibr">3</xref></sup> Patient movements have dominated the concept of recovery since the mid-1970s,<sup><xref rid="ref4" ref-type="bibr">4</xref></sup> and currently there has been criticism of professionals that look to be trying to &#x02018;mainstream&#x02019; recovery concepts to their advantage.<sup><xref rid="ref5" ref-type="bibr">5</xref>,<xref rid="ref6" ref-type="bibr">6</xref></sup></p><sec sec-type="other" id="sec1-1"><title>Research on recovery</title><p>There has been a significant amount of research and published work attempting to support each of the individual recovery concepts, but little has been done on the positive outcomes of converging the constructs. Recovery research ranges from personal accounts<sup><xref rid="ref7" ref-type="bibr">7</xref></sup> to attempts to define, standardise or measure the conceptual framework,<sup><xref rid="ref8" ref-type="bibr">8</xref>,<xref rid="ref9" ref-type="bibr">9</xref></sup> alongside histories<sup><xref rid="ref10" ref-type="bibr">10</xref></sup> and empirical studies.<sup><xref rid="ref11" ref-type="bibr">11</xref>,<xref rid="ref12" ref-type="bibr">12</xref></sup> Recovery-orientated practice guidelines exist for service provision,<sup><xref rid="ref13" ref-type="bibr">13</xref>&#x02013;<xref rid="ref18" ref-type="bibr">18</xref></sup> including an emerging critique<sup><xref rid="ref19" ref-type="bibr">19</xref></sup> resting on personal recovery,<sup><xref rid="ref9" ref-type="bibr">9</xref>,<xref rid="ref20" ref-type="bibr">20</xref>&#x02013;<xref rid="ref22" ref-type="bibr">22</xref></sup> recovery-oriented services,<sup><xref rid="ref6" ref-type="bibr">6</xref>,<xref rid="ref23" ref-type="bibr">23</xref>&#x02013;<xref rid="ref29" ref-type="bibr">29</xref></sup> in addition to provider competencies.<sup><xref rid="ref25" ref-type="bibr">25</xref>,<xref rid="ref30" ref-type="bibr">30</xref>&#x02013;<xref rid="ref36" ref-type="bibr">36</xref></sup> Despite the accumulation of research produced to support or isolate contested elements of recovery, disagreement and criticism remains over the definitions of recovery and on whether recovery has to be survivor-led or a policy directive.<sup><xref rid="ref37" ref-type="bibr">37</xref></sup></p><p>Narrative and systematic forms of syntheses and reviews have tested tools<sup><xref rid="ref20" ref-type="bibr">20</xref>,<xref rid="ref22" ref-type="bibr">22</xref></sup> to incorporate accepted components of recovery.<sup><xref rid="ref34" ref-type="bibr">34</xref>,<xref rid="ref38" ref-type="bibr">38</xref></sup> This, however, has only led to further compound the idea of mainstreaming of recovery.<sup><xref rid="ref37" ref-type="bibr">37</xref></sup> Amid this accumulation of criticisms, Braslow has shown that &#x02018;recovery is everywhere&#x02019; despite including an array of perspectives.<sup><xref rid="ref5" ref-type="bibr">5</xref></sup> Since the 1990s, the concept of recovery in mental health domain has affected both the person experiencing mental health difficulties and the clinicians.<sup><xref rid="ref37" ref-type="bibr">37</xref></sup> A conceptual framework that acknowledges recovery<sup><xref rid="ref33" ref-type="bibr">33</xref>,<xref rid="ref36" ref-type="bibr">36</xref></sup> has been produced by Leamy et al, highlighting five main approaches in their CHIME framework: Connectedness, Hope &#x02013; optimism, Identity, Meaning &#x02013; purpose, and Empowerment.<sup><xref rid="ref38" ref-type="bibr">38</xref></sup> However, CHIME has not been without its critics. Bird et al carried out a validation study applying thematic analysis of data from CHIME, using focus groups with those with diagnosed schizophrenia, bipolar disorder and depression.<sup><xref rid="ref36" ref-type="bibr">36</xref></sup> They demonstrated that the CHIME framework was both valid and appropriate for use, but highlighted areas that were not included, such as &#x02018;a desire for practical support, issues around diagnosis and medication, and scepticism about the concept of recovery&#x02019;.<sup><xref rid="ref39" ref-type="bibr">39</xref></sup> As noted, evaluating recovery is an inherently complex concept,<sup><xref rid="ref40" ref-type="bibr">40</xref></sup> challenging the essence of creating &#x02018;reliable measures of individual recovery&#x02019;<sup><xref rid="ref39" ref-type="bibr">39</xref></sup> and the construct validity of this. Andresen et al suggest that if the said concept of recovery is entirely individual,<sup><xref rid="ref41" ref-type="bibr">41</xref></sup> contrary to &#x02018;what can it be normed and as might be expected for a concept in which symptom reduction is not paramount&#x02019;, then &#x02018;correlations with customary clinical outcome measures may possibly be poor and convergent validity low&#x02019;.<sup><xref rid="ref42" ref-type="bibr">42</xref></sup></p></sec><sec sec-type="other" id="sec1-2"><title>Embracing diversity</title><p>Given all of this diversity of recovery principles, it is perhaps not surprising to find professionals misunderstanding and confused<sup><xref rid="ref40" ref-type="bibr">40</xref>,<xref rid="ref43" ref-type="bibr">43</xref></sup> in the operational aspects, emphasised in popular guidelines, discourse, policies and research. Pilgrim aptly suggested that recovery is a polyvalent concept.<sup><xref rid="ref43" ref-type="bibr">43</xref></sup> However, this does not translate easily to those who may wish to activate the recovery construct for better patient outcomes and improved service delivery. Quiet so, Braslow has argued that recovery remains an &#x02018;unquestioned overarching principle and popularly known to include a melange of beliefs, values that materialized because of the intellectual and social movements&#x02019;.<sup><xref rid="ref5" ref-type="bibr">5</xref></sup></p></sec></sec><sec sec-type="other" id="sec2"><title>Moving to recovery-orientated services</title><sec sec-type="other" id="sec2-1"><title>An anthropological model</title><p>To further link back to the discussion on the concept of converging the person-directed management of illness and professionally directed treatment, we recognise, similar to Davidson and Roe, that an anthropological model &#x02013; one situated upon &#x02018;principles of reciprocity&#x02019; that concerns itself more with the integration of healthcare<sup><xref rid="ref40" ref-type="bibr">40</xref></sup> &#x02013; could complement and augment professional knowledge.<sup><xref rid="ref44" ref-type="bibr">44</xref></sup> However, this requires a substantial shift in the clinical lens, incorporating &#x02018;lay types of knowledge&#x02019;, such as a person's own understandings of dealing with illness, including social functioning.<sup><xref rid="ref44" ref-type="bibr">44</xref></sup> Suitably, Davidson and Roe conceptualise that meaningful illness narratives are a gift exchange, providing meaning, emotive steadiness, narration and collective experience.<sup><xref rid="ref40" ref-type="bibr">40</xref></sup></p></sec><sec sec-type="other" id="sec2-2"><title>Illness narratives and professionals&#x02019; treatment</title><p>Biological aspects have often been viewed by patients as both coercive and impersonal,<sup><xref rid="ref45" ref-type="bibr">45</xref></sup> although we may be seeing some welcomed change with this, and COVID-19 may offer an interesting corollary, with the emphasis of &#x02018;long-COVID&#x02019; care moving toward wellness and self-management of long-term chronic difficulties. Pilgrim has pointed out that the root basis of patients&#x02019; adverse perceptions can be based on pathology, making clinicians appear as &#x02018;chemotherapists with a prescription pad&#x02019;.<sup><xref rid="ref45" ref-type="bibr">45</xref></sup></p></sec><sec sec-type="other" id="sec2-3"><title>The UK and co-production: the Care Programme Approach as an exemplar</title><p>In the UK, the National Institute for Health and Care Excellence explicitly calls for care plans to be jointly drawn up between individuals and their clinician, with shared decision-making and agreed dates to review its progress.<sup><xref rid="ref46" ref-type="bibr">46</xref></sup> The Care Programme Approach (CPA) necessitates that health and social needs are comprehensively assessed and reviewed with individuals with serious mental illness, with a &#x02018;philosophy of recovery and to foster personalised care&#x02019;.<sup><xref rid="ref47" ref-type="bibr">47</xref>&#x02013;<xref rid="ref49" ref-type="bibr">49</xref></sup></p><p>Despite their imbedding in contemporary British mental healthcare,<sup><xref rid="ref50" ref-type="bibr">50</xref></sup> there remains a general lack of data exploring actual practice in the community, and even less that is focused on in-patient care.<sup><xref rid="ref51" ref-type="bibr">51</xref></sup> The Healthcare Commission in the UK assessed in-patient performance across 554 wards in 69 National Health Service (NHS) Trusts. About 40% were rated as &#x02018;weak&#x02019; when it came to including patients and carers; astonishingly, half of care plans had no evidence of recording patients&#x02019; views, and about a third made no mention as to whether there was a carer involved. A further third had input from the patients&#x02019; community care coordinators only some or none of the time.<sup><xref rid="ref52" ref-type="bibr">52</xref></sup></p><p>Work by Simpson et al examined the views and experiences of stakeholders involved in community mental healthcare, investigating factors related to the provision of personalised, collaborative, recovery-focused care.<sup><xref rid="ref53" ref-type="bibr">53</xref></sup> They found substantial variations among sites for results on therapeutic relationships and participant groups in their study, related to the experiences of care planning and understandings of recovery and personalisation.<sup><xref rid="ref53" ref-type="bibr">53</xref></sup> Consequently, carers expressed varying levels of input, and despite risk assessments being part of central clinical concerns, they were rarely discussed with patients.<sup><xref rid="ref54" ref-type="bibr">54</xref></sup></p><p>Patients valued therapeutic relationships with care coordinators and others, and saw these as central to recovery. However, in another study by the same team, the staff, patient and carer interviews revealed gaps between shared aspirations and realities,<sup><xref rid="ref55" ref-type="bibr">55</xref></sup> and staff accounts of routine collaboration contrasted with patient accounts and care plan reviews. They also found that personalisation was not a common phrase, but care was often delivered in an individualised way.<sup><xref rid="ref55" ref-type="bibr">55</xref></sup> McWade has argued that this endorses that perspective of failure of co-opting or mainstreaming the &#x02018;thing&#x02019; that is recovery.<sup><xref rid="ref3" ref-type="bibr">3</xref></sup></p></sec><sec sec-type="other" id="sec2-4"><title>Contact with clinicians and patient engagement</title><p>&#x02018;Illness management&#x02019; can be understood as an approach to support patients with a diagnosis to engage with clinicians, to reduce patient susceptibility to the disease.<sup><xref rid="ref56" ref-type="bibr">56</xref></sup> Conversely, &#x02018;illness problems&#x02019; are the principal difficulties that symptoms and disability create in lives, and &#x02018;illness behaviour&#x02019; then consists of initiating treatment (for example, changing diet and activities, resting, engaging in exercise, taking over-the-counter or prescribed medications and deciding when to seek care from professionals).<sup><xref rid="ref57" ref-type="bibr">57</xref></sup> There is an overdue lack of understanding placed on the notion that there is a pre-existing underlying relationship between the person and their illness. Albeit in separation of formal treatment environments, this occurs in the way individuals perceive their difficulties, the type of help they envisage, and the approach they are willing to engage with for formal treatments; it includes making contact with clinicians and entering into a contract with services for future treatment.</p></sec><sec sec-type="other" id="sec2-5"><title>The socialisation of the practitioner</title><p>For the purpose of this editorial, a critical discussion cannot be complete without including a focus on clinicians understandings. Hitherto, psychiatric models have perhaps viewed the concepts of recovery from mental illness in a similar style to how clinicians have viewed physical illnesses.<sup><xref rid="ref58" ref-type="bibr">58</xref></sup> We propose that Kleinman's illness narratives model has proved influential in this regard, remarking how the practitioner has also been socialised into a distinct collective experience of sickness. It is true that clinicians are trained to capture the essence of illness by using concepts that delineate disease. For instance the use of expressions such as relapse, recurrence, remission and recovery.<sup><xref rid="ref59" ref-type="bibr">59</xref></sup> In this way, the symptom profile is used to transform the patient's illness (in a form of recasting of illness in accordance with the theories of disorder) into a disease formation.<sup><xref rid="ref57" ref-type="bibr">57</xref></sup> The absence of an ongoing intervention other than that relationship can be perceived by care managers as a need for premature discharge from services, for fear of creating dependency. However, some who use services desire an ongoing relationship, which commonly matters more than interventions, and this aspect can be missing in some recovery narratives. The construct of so-called &#x02018;palliative psychiatric care&#x02019; is informative in this regard.<sup><xref rid="ref60" ref-type="bibr">60</xref></sup> Further, moral experience is central to Kleinman's model of illness narratives, incorporating constructs of ideal virtues of the practitioner<sup><xref rid="ref61" ref-type="bibr">61</xref></sup> and so opening up &#x02018;illness narratives&#x02019; to create patient &#x02018;storylines&#x02019;, which brings to life inanimate parts of practices, policies and discourses.<sup><xref rid="ref62" ref-type="bibr">62</xref>,<xref rid="ref63" ref-type="bibr">63</xref></sup> Hajer suggests that storylines are &#x02018;narratives on social reality&#x02019;, which combine elements from many different domains and &#x02018;provide actors with a set of symbolic references that suggest a common understanding&#x02019;.<sup><xref rid="ref64" ref-type="bibr">64</xref></sup> Albeit critically, Kleinman also envisaged that partnership is vital and is susceptible to change over time, with caregiving perceived as a construct focused more on &#x02018;doing good for others in their world&#x02019; and projecting that &#x02018;as earnest and na&#x000ef;ve as it sounds, it is what medicine is really about&#x02019;.<sup><xref rid="ref65" ref-type="bibr">65</xref></sup></p></sec><sec sec-type="other" id="sec2-6"><title>Patient perspectives of &#x02018;corporate&#x02019; recovery/criticism</title><p>Despite the common understandings, it should be noted that some patients remain suspicious of the recovery concept because it is potentially intolerant of those who do not change, and so it may remain, in their eyes, a source of oppression used against them.<sup><xref rid="ref66" ref-type="bibr">66</xref></sup> There is a recurring critique of recovery presented as the &#x02018;next best thing&#x02019;,<sup><xref rid="ref67" ref-type="bibr">67</xref></sup> and a mere form of symbolism, undermining &#x02018;authentic alliances&#x02019;<sup><xref rid="ref68" ref-type="bibr">68</xref></sup> donning recovery in a sense to reduce effective support.<sup><xref rid="ref69" ref-type="bibr">69</xref></sup> Service cuts have been associated with the manner in which services and health systems manage future demand for mental healthcare, allied to the economic cutbacks planned for financial savings.<sup><xref rid="ref70" ref-type="bibr">70</xref>,<xref rid="ref71" ref-type="bibr">71</xref></sup> Consequently, recovery concepts used in this method risk being used, or at least perceived, as indicative of justification to reduce services or their ability to provide timely input.</p></sec></sec><sec sec-type="other" id="sec3"><title>Moving forward: making it work</title><p>In the majority of English-speaking countries<sup><xref rid="ref40" ref-type="bibr">40</xref></sup> the importance clinical recovery<sup><xref rid="ref2" ref-type="bibr">2</xref></sup> and personal recovery are touted in guidelines for key clinicians.<sup><xref rid="ref72" ref-type="bibr">72</xref>&#x02013;<xref rid="ref76" ref-type="bibr">76</xref></sup> The significance of tackling personal recovery, in conjunction with more standard concepts of clinical recovery,<sup><xref rid="ref2" ref-type="bibr">2</xref></sup> is currently endorsed in guidance for all key professions.<sup><xref rid="ref72" ref-type="bibr">72</xref>&#x02013;<xref rid="ref76" ref-type="bibr">76</xref></sup> Whether it as a model or framework, a movement or a guiding ethos, recovery is now &#x02018;the hegemonic guiding principle of public mental health policy&#x02019;.<sup><xref rid="ref5" ref-type="bibr">5</xref></sup> The social sciences have already reworked treating disease as a process of medical micro-encounters,<sup><xref rid="ref77" ref-type="bibr">77</xref></sup> and to the idea that &#x02018;disease problems&#x02019; can occur within an individual's circumstances of everyday life.<sup><xref rid="ref76" ref-type="bibr">76</xref></sup> It is evident that researchers, clinicians and services alike may require a more complex approach to personal narratives and construction of meaning if individual recovery is to be more clearly understood.<sup><xref rid="ref78" ref-type="bibr">78</xref></sup></p><p>Psychiatric treatment historically conceptualised primarily based on a disease model could have the potential to impede the long-term treatment and assessment of those with chronic difficulties and illness. Linked to this assertion, Voronka has indicated that narratives can be utilised and shaped as a &#x02018;gap-mending&#x02019; strategy,<sup><xref rid="ref79" ref-type="bibr">79</xref></sup> not merely because they interfere with professional knowledge, but because they have the power to strengthen the capabilities of individuals to bring forth personal goals and generate a sense of identity,<sup><xref rid="ref17" ref-type="bibr">17</xref></sup> a fusion, a convergence to create a mechanism of acceptability, of both person-directed management of illness and professionally directed treatment of disease, or, in essence, shared understandings of recovery and shared decision-making toward that outcome. Roberts and Hollins have also encouraged that medicine ought to discern that &#x02018;disease understandings&#x02019; are embedded in patients&#x02019; experiences and their daily lives, and are considerably tied to a person's social history.<sup><xref rid="ref71" ref-type="bibr">71</xref></sup> This necessitates clinicians to move from a tradition of &#x02018;paternalistic attitudes&#x02019; of helping or being the expert, to create meaningful alliances.<sup><xref rid="ref80" ref-type="bibr">80</xref></sup> Likewise, Lawton et al described an approach to illness experiences that recognises a dynamic interplay between &#x02018;survivor&#x02019; and the healthcare system, whereby one affects the other,<sup><xref rid="ref71" ref-type="bibr">71</xref>,<xref rid="ref77" ref-type="bibr">77</xref></sup> suggesting that medical encounters merely comprise a relatively insignificant portion of most patients&#x02019; lives (although symbolically they may represent more). Accordingly, the medical support to patients&#x02019; &#x02018;sense-making&#x02019; tends, in reality, to be exhausted by the conditions and encounters met in the extra-medical social world.<sup><xref rid="ref81" ref-type="bibr">81</xref></sup></p><p>Recognising and embracing recovery concepts enhances care and the therapeutic experience for professionals and patients. The possible &#x02018;recursivity&#x02019; between services and perceptions is relevant to understanding the way in which those with mental health problems might engage with care services.<sup><xref rid="ref73" ref-type="bibr">73</xref>,<xref rid="ref81" ref-type="bibr">81</xref></sup> Peer support is increasingly recognised and implemented within NHS services, with roles in the UK typically at band 4/5; indeed, the Health Education England publication &#x02018;Stepping Forward to 2021: The Mental Health Workforce Plan in England&#x02019; advocates even greater expansion of this.<sup><xref rid="ref82" ref-type="bibr">82</xref></sup> Nevertheless, there has equally been a call and need to deliver care in ways that have just not been possible in traditional teams. A potentially very fruitful and positive development in this regard has been the growth of recovery colleges, driven by strong patient engagement and roles, often at odds with, or at blurred boundaries to mainstream NHS services. Accordingly, central to improving outcomes for individuals, services should involve providing services that are &#x02018;person-centred, strengths-based and recovery-focused&#x02019;.<sup><xref rid="ref74" ref-type="bibr">74</xref></sup> To enable the interpretation of the recovery approach into practice, there is a necessity to involving illness narratives as a mechanism to personalise treatment and care so that it can be operated and assessed within medical and research environments.<sup><xref rid="ref20" ref-type="bibr">20</xref>,<xref rid="ref25" ref-type="bibr">25</xref></sup></p></sec></body><back><notes id="nts1" notes-type="other"><title>About the authors</title><p><bold>Nagina Khan,</bold> PhD PGCert BHSc, Senior Research Associate, College of Osteopathic Medicine, Touro University Nevada, Henderson, USA; <bold>Derek K. Tracy,</bold> FRCPsych, Consultant Psychiatrist and Clinical Director, Oxleas NHS Foundation Trust, Queen Mary's Hospital, UK; and Senior Lecturer, King's College London, UK</p></notes><notes id="nts5" notes-type="other"><title>Funding</title><p>This research received no specific grant from any funding agency, commercial or not-for-profit sectors.</p></notes><sec sec-type="data-availability" id="sec-das"><title>Data availability</title><p>Data sharing not applicable &#x02013; no new data generated.</p></sec><notes id="nts4" notes-type="other"><title>Author contributions</title><p>N.K. conceived the idea, wrote the first draft and led the writing. N.K. and D.K.T. participated equally in the development and editing of the writing.</p></notes><sec sec-type="supplementary-material" id="sec4"><title>Supplementary material</title><supplementary-material id="S2056469421000048sup" position="float" content-type="local-data"><p>For supplementary material accompanying this paper visit http://doi.org/10.1192/bjb.2021.4.</p><media xlink:href="S2056469421000048sup.zip" id="d64e594" position="anchor"><caption><p>click here to view supplementary material</p></caption></media></supplementary-material></sec><sec sec-type="COI-statement" id="nts6"><title>Declaration of interest</title><p>None.</p></sec><ref-list id="reflist1"><title>References</title><ref id="ref1"><label>1</label><mixed-citation publication-type="journal" id="cite1"><string-name><surname>Anthony</surname>
<given-names>WA</given-names></string-name>. <article-title>Recovery from mental illness: the guiding vision of the mental health service system in the 1990s</article-title>. <source>Psychosoc Rehabil J</source>
<year>1993</year>; <volume>16</volume>(<issue>4</issue>): <fpage>11</fpage>&#x02013;<lpage>23</lpage>.</mixed-citation></ref><ref id="ref2"><label>2</label><mixed-citation publication-type="journal" id="cite2"><string-name><surname>Slade</surname>
<given-names>M</given-names></string-name>. <article-title>The contribution of mental health services to recovery</article-title>. <source>J Ment Heal</source>
<year>2009</year>; <volume>18</volume>(<issue>5</issue>): <fpage>367</fpage>&#x02013;71.</mixed-citation></ref><ref id="ref3"><label>3</label><mixed-citation publication-type="book" id="cite3"><string-name><surname>Mcwade</surname>
<given-names>B</given-names></string-name>. <source>Recovery-as-Policy as a Form of Neoliberal State Making</source>. Vol. <volume>5</volume>. <publisher-name>Social Work Analysis</publisher-name>, <year>2016</year>.</mixed-citation></ref><ref id="ref4"><label>4</label><mixed-citation publication-type="journal" id="cite4"><string-name><surname>Deegan</surname>
<given-names>PE</given-names></string-name>. <article-title>Recovery: the lived experience of rehabilitation</article-title>. <source>Psychosoc Rehabil J</source>
<year>1988</year>; <volume>11</volume>(<issue>4</issue>): <fpage>11</fpage>&#x02013;9.</mixed-citation></ref><ref id="ref5"><label>5</label><mixed-citation publication-type="journal" id="cite5"><string-name><surname>Braslow</surname>
<given-names>JT</given-names></string-name>. <article-title>The manufacture of recovery</article-title>. <source>Annu Rev Clin Psychol</source>
<year>2013</year>; <volume>9</volume>(<issue>1</issue>): <fpage>781</fpage>&#x02013;<lpage>809</lpage>.<pub-id pub-id-type="pmid">23330938</pub-id></mixed-citation></ref><ref id="ref6"><label>6</label><mixed-citation publication-type="journal" id="cite6"><string-name><surname>O'Connell</surname>
<given-names>M</given-names></string-name>, <string-name><surname>Tondora</surname>
<given-names>J</given-names></string-name>, <string-name><surname>Croog</surname>
<given-names>G</given-names></string-name>, <string-name><surname>Evans</surname>
<given-names>A</given-names></string-name>, <string-name><surname>Davidson</surname>
<given-names>L</given-names></string-name>. <article-title>From rhetoric to routine: assessing perceptions of recovery-oriented practices in a state mental health and addiction system</article-title>. <source>Psychiatr Rehabil J</source>
<year>2005</year>; <volume>28</volume>(<issue>4</issue>): <fpage>378</fpage>&#x02013;86.<pub-id pub-id-type="pmid">15895922</pub-id></mixed-citation></ref><ref id="ref7"><label>7</label><mixed-citation publication-type="journal" id="cite7"><string-name><surname>Armstrong</surname>
<given-names>M.</given-names></string-name>
<article-title>My recovery journey as a veteran</article-title>. <source>Psychiatr Rehabil J</source>
<year>2010</year>; <volume>33</volume>: <issue>260&#x02013;1</issue>.</mixed-citation></ref><ref id="ref8"><label>8</label><mixed-citation publication-type="journal" id="cite8"><string-name><surname>Piat</surname>
<given-names>M</given-names></string-name>, <string-name><surname>Sabetti</surname>
<given-names>J</given-names></string-name>, <string-name><surname>Couture</surname>
<given-names>A</given-names></string-name>, <string-name><surname>Sylvestre</surname>
<given-names>J</given-names></string-name>, <string-name><surname>Provencher</surname>
<given-names>H</given-names></string-name>, <string-name><surname>Botschner</surname>
<given-names>J</given-names></string-name>, <etal/>
<article-title>What does recovery mean for me? Perspectives of Canadian mental health consumers</article-title>. <source>Psychiatr Rehabil J</source>
<year>2009</year>; <volume>32</volume>: <fpage>199</fpage>&#x02013;<lpage>207</lpage>.<pub-id pub-id-type="pmid">19136352</pub-id></mixed-citation></ref><ref id="ref9"><label>9</label><mixed-citation publication-type="journal" id="cite9"><string-name><surname>Neil</surname>
<given-names>ST</given-names></string-name>, <string-name><surname>Kilbride</surname>
<given-names>M</given-names></string-name>, <string-name><surname>Pitt</surname>
<given-names>L</given-names></string-name>, <string-name><surname>Nothard</surname>
<given-names>S</given-names></string-name>, <string-name><surname>Welford</surname>
<given-names>M</given-names></string-name>, <string-name><surname>Sellwood</surname>
<given-names>W</given-names></string-name>, <etal/>
<article-title>The questionnaire about the process of recovery (QPR): a measurement tool developed in collaboration with service users</article-title>. <source>Psychosis</source> 2009; <volume>1</volume>: <fpage>145</fpage>&#x02013;55.</mixed-citation></ref><ref id="ref10"><label>10</label><mixed-citation publication-type="journal" id="cite10"><string-name><surname>Bradstreet</surname>
<given-names>S</given-names></string-name>, <string-name><surname>McBrierty</surname>
<given-names>R</given-names></string-name>. <article-title>Recovery in Scotland: beyond service development</article-title>. <source>Int Rev Psychiatry</source>
<year>2012</year>; <volume>24</volume>: <fpage>64</fpage>&#x02013;9.<pub-id pub-id-type="pmid">22385428</pub-id></mixed-citation></ref><ref id="ref11"><label>11</label><mixed-citation publication-type="journal" id="cite11"><string-name><surname>Lloyd</surname>
<given-names>C</given-names></string-name>, <string-name><surname>King</surname>
<given-names>R</given-names></string-name>, <string-name><surname>Moore</surname>
<given-names>L</given-names></string-name>. <article-title>Subjective and objective indicators of recovery in severe mental illness: a cross-sectional study</article-title>. <source>Int J Soc Psychiatry</source>
<year>2010</year>; <volume>56</volume>: <fpage>220</fpage>&#x02013;9.<pub-id pub-id-type="pmid">19592440</pub-id></mixed-citation></ref><ref id="ref12"><label>12</label><mixed-citation publication-type="journal" id="cite12"><string-name><surname>Clarke</surname>
<given-names>SP</given-names></string-name>, <string-name><surname>Oades</surname>
<given-names>LG</given-names></string-name>, <string-name><surname>Crowe</surname>
<given-names>TP</given-names></string-name>, <string-name><surname>Caputi</surname>
<given-names>P</given-names></string-name>, <string-name><surname>Deane</surname>
<given-names>FP</given-names></string-name>. <article-title>The role of symptom distress and goal attainment in promoting aspects of psychological recovery for consumers with enduring mental illness</article-title>. <source>J Ment Heal</source>
<year>2009</year>; <volume>18</volume>: <fpage>389</fpage>&#x02013;97.</mixed-citation></ref><ref id="ref13"><label>13</label><mixed-citation publication-type="journal" id="cite13"><string-name><surname>Le Boutillier</surname>
<given-names>C</given-names></string-name>, <string-name><surname>Leamy</surname>
<given-names>M</given-names></string-name>, <string-name><surname>Bird</surname>
<given-names>VJ</given-names></string-name>, <string-name><surname>Davidson</surname>
<given-names>L</given-names></string-name>, <string-name><surname>Williams</surname>
<given-names>J</given-names></string-name>, <string-name><surname>Slade</surname>
<given-names>M</given-names></string-name>. <article-title>What does recovery mean in practice? A qualitative analysis of international recovery-oriented practice guidance</article-title>. <source>Psychiatr Serv</source>
<year>2011</year>; <volume>62</volume>(<issue>12</issue>): <fpage>1470</fpage>&#x02013;6.<pub-id pub-id-type="pmid">22193795</pub-id></mixed-citation></ref><ref id="ref14"><label>14</label><mixed-citation publication-type="journal" id="cite14"><string-name><surname>Sowers</surname>
<given-names>W</given-names></string-name>. <article-title>Transforming systems of care: the American Association of Community Psychiatrists guidelines for recovery oriented services</article-title>. <source>Community Ment Health J</source>
<year>2005</year>; <volume>41</volume>(<issue>6</issue>): <fpage>757</fpage>&#x02013;74.<pub-id pub-id-type="pmid">16328588</pub-id></mixed-citation></ref><ref id="ref15"><label>15</label><mixed-citation publication-type="other" id="cite15"><string-name><surname>Shepherd</surname>
<given-names>G</given-names></string-name>, <string-name><surname>Boardman</surname>
<given-names>J</given-names></string-name>, <string-name><surname>Slade</surname>
<given-names>M</given-names></string-name>. <italic toggle="yes">Making Recovery a Reality</italic>. Sainsbury Centre for Mental Health, <year>2008</year> (<uri xlink:href="https://www.meridenfamilyprogramme.com/download/recovery/tools-for-recovery/Making_recovery_a_reality_policy_paper.pdf">https://www.meridenfamilyprogramme.com/download/recovery/tools-for-recovery/Making_recovery_a_reality_policy_paper.pdf</uri>).</mixed-citation></ref><ref id="ref16"><label>16</label><mixed-citation publication-type="other" id="cite16"><collab>Sainsbury Centre for Mental Health</collab>. <italic toggle="yes">Implementing Recovery. A New Framework for Organisational Change</italic>. Sainsbury Centre for Mental Health, 2009 (<uri xlink:href="https://imroc.org/resources/implementing-recovery-new-framework-organisational-change/">https://imroc.org/resources/implementing-recovery-new-framework-organisational-change/</uri>).</mixed-citation></ref><ref id="ref17"><label>17</label><mixed-citation publication-type="journal" id="cite17"><string-name><surname>Brown</surname>
<given-names>TT</given-names></string-name>, <string-name><surname>Mahoney</surname>
<given-names>CB</given-names></string-name>, <string-name><surname>Adams</surname>
<given-names>N</given-names></string-name>, <string-name><surname>Felton</surname>
<given-names>M</given-names></string-name>, <string-name><surname>Pareja</surname>
<given-names>C</given-names></string-name>. <article-title>What predicts recovery orientation in county departments of mental health? A pilot study</article-title>. <source>Adm Policy Ment Health</source>
<year>2010</year>; <volume>37</volume>(<issue>5</issue>): <fpage>388</fpage>&#x02013;98.<pub-id pub-id-type="pmid">19888648</pub-id></mixed-citation></ref><ref id="ref18"><label>18</label><mixed-citation publication-type="journal" id="cite18"><string-name><surname>Newnham</surname>
<given-names>EA</given-names></string-name>, <string-name><surname>Page</surname>
<given-names>AC</given-names></string-name>. <article-title>Bridging the gap between best evidence and best practice in mental health</article-title>. <source>Clin Psychol Rev</source>
<year>2010</year>; <volume>30</volume>(<issue>1</issue>): <fpage>127</fpage>&#x02013;42.<pub-id pub-id-type="pmid">19897295</pub-id></mixed-citation></ref><ref id="ref19"><label>19</label><mixed-citation publication-type="journal" id="cite19"><string-name><surname>Tilley</surname>
<given-names>S</given-names></string-name>, <string-name><surname>Cowan</surname>
<given-names>S</given-names></string-name>. <article-title>Recovery in mental health policy: good strategy or bad rhetoric?</article-title>
<source>Crit Public Heal</source>
<year>2011</year>; <volume>21</volume>: <fpage>95</fpage>&#x02013;<lpage>104</lpage>.</mixed-citation></ref><ref id="ref20"><label>20</label><mixed-citation publication-type="journal" id="cite20"><string-name><surname>Andresen</surname>
<given-names>R</given-names></string-name>, <string-name><surname>Caputi</surname>
<given-names>P</given-names></string-name>, <string-name><surname>Oades</surname>
<given-names>L</given-names></string-name>. <article-title>Stages of recovery instrument: development of a measure of recovery from serious mental illness</article-title>. <source>Aust New Zeal J Psychiatry</source>
<year>2006</year>; <volume>40</volume>: <fpage>972</fpage>&#x02013;80.</mixed-citation></ref><ref id="ref21"><label>21</label><mixed-citation publication-type="other" id="cite21"><string-name><surname>Khanam</surname>
<given-names>D</given-names></string-name>, <string-name><surname>Mcdonald</surname>
<given-names>K</given-names></string-name>, <string-name><surname>Neils</surname>
<given-names>CW</given-names></string-name>. <italic toggle="yes">Measuring Recovery: A Toolkit for Mental Health Providers in New York City.</italic> The Bureau of Mental Health, NYC Department of Health and Mental Hygiene, 2013 (<uri xlink:href="https://facesandvoicesofrecovery.org/wp-content/uploads/2019/06/Measuring-Recovery-A-Toolkit-for-Mental-Health-Providers-in-New-York-City.pdf">https://facesandvoicesofrecovery.org/wp-content/uploads/2019/06/Measuring-Recovery-A-Toolkit-for-Mental-Health-Providers-in-New-York-City.pdf</uri>).</mixed-citation></ref><ref id="ref22"><label>22</label><mixed-citation publication-type="journal" id="cite22"><string-name><surname>Mueser</surname>
<given-names>KT</given-names></string-name>, <string-name><surname>Corrigan</surname>
<given-names>PW</given-names></string-name>, <string-name><surname>Hilton</surname>
<given-names>DW</given-names></string-name>, <string-name><surname>Tanzman</surname>
<given-names>B</given-names></string-name>, <string-name><surname>Schaub</surname>
<given-names>A</given-names></string-name>, <string-name><surname>Gingerich</surname>
<given-names>S</given-names></string-name>, <etal/>
<article-title>Illness management and recovery: a review of the research</article-title>. <source>Psychiatr Serv</source>
<year>2002</year>; <volume>53</volume>(<issue>10</issue>): <fpage>1272</fpage>&#x02013;84.<pub-id pub-id-type="pmid">12364675</pub-id></mixed-citation></ref><ref id="ref23"><label>23</label><mixed-citation publication-type="journal" id="cite23"><string-name><surname>Armstrong</surname>
<given-names>NP</given-names></string-name>, <string-name><surname>Steffen</surname>
<given-names>JJ</given-names></string-name>. <article-title>The recovery promotion fidelity scale: assessing the organizational promotion of recovery</article-title>. <source>Community Ment Health J</source>
<year>2009</year>; <volume>45</volume>(<issue>3</issue>): <fpage>163</fpage>&#x02013;70.<pub-id pub-id-type="pmid">19082712</pub-id></mixed-citation></ref><ref id="ref24"><label>24</label><mixed-citation publication-type="journal" id="cite24"><string-name><surname>Bedregal</surname>
<given-names>LE</given-names></string-name>, <string-name><surname>O'Connell</surname>
<given-names>M</given-names></string-name>, <string-name><surname>Davidson</surname>
<given-names>L</given-names></string-name>. <article-title>The Recovery Knowledge Inventory: assessment of mental health staff knowledge and attitudes about recovery</article-title>. <source>Psychiatr Rehabil J</source>
<year>2006</year>; <volume>30</volume>(<issue>2</issue>): <fpage>96</fpage>&#x02013;<lpage>103</lpage>.<pub-id pub-id-type="pmid">17076052</pub-id></mixed-citation></ref><ref id="ref25"><label>25</label><mixed-citation publication-type="journal" id="cite25"><string-name><surname>Burgess</surname>
<given-names>P</given-names></string-name>, <string-name><surname>Pirkis</surname>
<given-names>J</given-names></string-name>, <string-name><surname>Coombs</surname>
<given-names>T</given-names></string-name>, <string-name><surname>Rosen</surname>
<given-names>A</given-names></string-name>. <article-title>Assessing the value of existing recovery measures for routine use in Australian mental health services</article-title>. <source>Aust N Z J Psychiatry</source>
<year>2011</year>; <volume>45</volume>(<issue>4</issue>): <fpage>267</fpage>&#x02013;80.<pub-id pub-id-type="pmid">21314238</pub-id></mixed-citation></ref><ref id="ref26"><label>26</label><mixed-citation publication-type="other" id="cite26"><string-name><surname>Onken</surname>
<given-names>SJ</given-names></string-name>, <string-name><surname>Dumont</surname>
<given-names>JM</given-names></string-name>, <string-name><surname>Ridgway</surname>
<given-names>P</given-names></string-name>, <string-name><surname>Dornan</surname>
<given-names>DH</given-names></string-name>, <string-name><surname>Ralph</surname>
<given-names>RO</given-names></string-name>. <source>Mental Health Recovery: What Helps and What Hinders? A National Research Project for the Development of Recovery Facilitating System Performance Indicators. Phase One Research Report: A National Study of Consumer Perspectives on What Helps and Hinders Mental Health Recovery</source>. National Association of State Mental Health Program Directors, 2002 (<uri xlink:href="https://www.nasmhpd.org/sites/default/files/MHSIPReport%281%29.pdf">https://www.nasmhpd.org/sites/default/files/MHSIPReport%281%29.pdf</uri>).</mixed-citation></ref><ref id="ref27"><label>27</label><mixed-citation publication-type="other" id="cite27"><string-name><surname>Ridgeway</surname>
<given-names>P</given-names></string-name>, <string-name><surname>Press</surname>
<given-names>A</given-names></string-name>. <italic toggle="yes">Assessing the Recovery-Orientation of Your Mental Health Program: A User's Guide for the Recovery-Enhancing Environment Scale (REE). Version 1</italic>. University of Kansas, School of Social Welfare, Office of Mental Health Training and Research, 2004.</mixed-citation></ref><ref id="ref28"><label>28</label><mixed-citation publication-type="journal" id="cite28"><string-name><surname>Leamy</surname>
<given-names>M</given-names></string-name>, <string-name><surname>Clarke</surname>
<given-names>E</given-names></string-name>, <string-name><surname>Le Boutillier</surname>
<given-names>C</given-names></string-name>, <string-name><surname>Bird</surname>
<given-names>V</given-names></string-name>, <string-name><surname>Janosik</surname>
<given-names>M</given-names></string-name>, <string-name><surname>Sabas</surname>
<given-names>K</given-names></string-name>, <etal/>
<article-title>Implementing a complex intervention to support personal recovery: a qualitative study nested within a cluster randomised controlled trial</article-title>. <source>PLoS One</source>
<year>2014</year>; <volume>9</volume>(<issue>5</issue>): e97091.</mixed-citation></ref><ref id="ref29"><label>29</label><mixed-citation publication-type="journal" id="cite29"><string-name><surname>Lloyd-Evans</surname>
<given-names>B</given-names></string-name>, <string-name><surname>Mayo-Wilson</surname>
<given-names>E</given-names></string-name>, <string-name><surname>Harrison</surname>
<given-names>B</given-names></string-name>, <string-name><surname>Istead</surname>
<given-names>H</given-names></string-name>, <string-name><surname>Brown</surname>
<given-names>E</given-names></string-name>, <string-name><surname>Pilling</surname>
<given-names>S</given-names></string-name>, <etal/>
<article-title>A systematic review and meta-analysis of randomised controlled trials of peer support for people with severe mental illness</article-title>. <source>BMC Psychiatry</source>
<year>2014</year>; <volume>14</volume>: 39.</mixed-citation></ref><ref id="ref30"><label>30</label><mixed-citation publication-type="journal" id="cite30"><string-name><surname>Russinova</surname>
<given-names>Z</given-names></string-name>, <string-name><surname>Rogers</surname>
<given-names>ES</given-names></string-name>, <string-name><surname>Ellison</surname>
<given-names>ML</given-names></string-name>, <string-name><surname>Lyass</surname>
<given-names>A</given-names></string-name>. <article-title>Recovery-promoting professional competencies: perspectives of mental health consumers, consumer-providers and providers</article-title>. <source>Psychiatr Rehabil J</source>
<year>2011</year>; <volume>34</volume>(<issue>3</issue>): <fpage>177</fpage>&#x02013;85.<pub-id pub-id-type="pmid">21208856</pub-id></mixed-citation></ref><ref id="ref31"><label>31</label><mixed-citation publication-type="journal" id="cite31"><string-name><surname>Brabban</surname>
<given-names>A</given-names></string-name>, <string-name><surname>McGonagle</surname>
<given-names>I</given-names></string-name>, <string-name><surname>Brooker</surname>
<given-names>C</given-names></string-name>. <article-title>The 10 essential shared capabilities &#x02013; a framework for the whole of the mental health workforce</article-title>. <source>JMHTEP</source>
<year>2006</year>; <volume>1</volume>(<issue>3</issue>): <fpage>4</fpage>&#x02013;<lpage>15</lpage>.</mixed-citation></ref><ref id="ref32"><label>32</label><mixed-citation publication-type="book" id="cite32"><collab>Ministry of Health</collab>. <source>Let's Get Real: Real Skills for People Working in Mental Health and Addiction</source>. <publisher-name>Ministry of Health</publisher-name>, <year>2018</year> (<uri xlink:href="https://www.health.govt.nz/publication/lets-get-real-real-skills-people-working-mental-health-and-addiction">https://www.health.govt.nz/publication/lets-get-real-real-skills-people-working-mental-health-and-addiction</uri>).</mixed-citation></ref><ref id="ref33"><label>33</label><mixed-citation publication-type="journal" id="cite33"><string-name><surname>Leamy</surname>
<given-names>M</given-names></string-name>, <string-name><surname>Bird</surname>
<given-names>V</given-names></string-name>, <string-name><surname>Le Boutillier</surname>
<given-names>C</given-names></string-name>, <string-name><surname>Williams</surname>
<given-names>J</given-names></string-name>, <string-name><surname>Slade</surname>
<given-names>M</given-names></string-name>. <article-title>A conceptual framework for personal recovery in mental health: systematic review and narrative synthesis</article-title>. <source>Br J Psychiatry</source>
<year>2011</year>; <volume>199</volume>(<issue>6</issue>): <fpage>445</fpage>&#x02013;52.<pub-id pub-id-type="pmid">22130746</pub-id></mixed-citation></ref><ref id="ref34"><label>34</label><mixed-citation publication-type="journal" id="cite34"><string-name><surname>Williams</surname>
<given-names>J</given-names></string-name>, <string-name><surname>Leamy</surname>
<given-names>M</given-names></string-name>, <string-name><surname>Bird</surname>
<given-names>V</given-names></string-name>, <string-name><surname>Harding</surname>
<given-names>C</given-names></string-name>, <string-name><surname>Larsen</surname>
<given-names>J</given-names></string-name>, <string-name><surname>Le Boutillier</surname>
<given-names>C</given-names></string-name>, <etal/>
<article-title>Measures of the recovery orientation of mental health services: systematic review</article-title>. <source>Soc Psychiatry Psychiatr Epidemiol</source>
<year>2012</year>; <volume>47</volume>(<issue>11</issue>): <fpage>1827</fpage>&#x02013;35.<pub-id pub-id-type="pmid">22322983</pub-id></mixed-citation></ref><ref id="ref35"><label>35</label><mixed-citation publication-type="journal" id="cite35"><string-name><surname>Slade</surname>
<given-names>M</given-names></string-name>, <string-name><surname>Leamy</surname>
<given-names>M</given-names></string-name>, <string-name><surname>Bacon</surname>
<given-names>F</given-names></string-name>, <string-name><surname>Janosik</surname>
<given-names>M</given-names></string-name>, <string-name><surname>Le Boutillier</surname>
<given-names>C</given-names></string-name>, <string-name><surname>Williams</surname>
<given-names>J</given-names></string-name>, <etal/>
<article-title>International differences in understanding recovery: systematic review</article-title>. <source>Epidemiol Psychiatr Sci</source>
<year>2012</year>; <volume>21</volume>(<issue>4</issue>): <fpage>353</fpage>&#x02013;64.<pub-id pub-id-type="pmid">22794507</pub-id></mixed-citation></ref><ref id="ref36"><label>36</label><mixed-citation publication-type="journal" id="cite36"><string-name><surname>Bird</surname>
<given-names>V</given-names></string-name>, <string-name><surname>Leamy</surname>
<given-names>M</given-names></string-name>, <string-name><surname>Tew</surname>
<given-names>J</given-names></string-name>, <string-name><surname>Le Boutillier</surname>
<given-names>C</given-names></string-name>, <string-name><surname>Williams</surname>
<given-names>J</given-names></string-name>, <string-name><surname>Slade</surname>
<given-names>M</given-names></string-name>. <article-title>Fit for purpose? Validation of a conceptual framework for personal recovery with current mental health consumers</article-title>. <source>Aust N Z J Psychiatry</source>
<year>2014</year>; <volume>48</volume>(<issue>7</issue>): <fpage>644</fpage>&#x02013;53.<pub-id pub-id-type="pmid">24413806</pub-id></mixed-citation></ref><ref id="ref37"><label>37</label><mixed-citation publication-type="journal" id="cite37"><string-name><surname>Woods</surname>
<given-names>A</given-names></string-name>, <string-name><surname>Hart</surname>
<given-names>A</given-names></string-name>, <string-name><surname>Spandler</surname>
<given-names>H</given-names></string-name>. <article-title>The recovery narrative: politics and possibilities of a genre</article-title>. <source>Cult Med Psychiatry</source> [Epub ahead of print] 21 Mar 2019. Available from: <pub-id pub-id-type="doi">10.1007/s11013-019-09623-y</pub-id>.</mixed-citation></ref><ref id="ref38"><label>38</label><mixed-citation publication-type="journal" id="cite38"><string-name><surname>Leamy</surname>
<given-names>M</given-names></string-name>, <string-name><surname>Bird</surname>
<given-names>V</given-names></string-name>, <string-name><surname>Le Boutillier</surname>
<given-names>C</given-names></string-name>, <string-name><surname>Williams</surname>
<given-names>J</given-names></string-name>, <string-name><surname>Slade</surname>
<given-names>M</given-names></string-name>. <article-title>Conceptual framework for personal recovery in mental health: systematic review and narrative synthesis</article-title>. <source>Br J Psychiatry</source>
<year>2011</year>; <volume>199</volume>: <fpage>445</fpage>&#x02013;52.<pub-id pub-id-type="pmid">22130746</pub-id></mixed-citation></ref><ref id="ref39"><label>39</label><mixed-citation publication-type="journal" id="cite39"><string-name><surname>Stuart</surname>
<given-names>SR</given-names></string-name>, <string-name><surname>Tansey</surname>
<given-names>L</given-names></string-name>, <string-name><surname>Quayle</surname>
<given-names>E</given-names></string-name>. <article-title>What we talk about when we talk about recovery: a systematic review and best-fit framework synthesis of qualitative literature</article-title>. <source>J Ment Heal</source>
<year>2017</year>; <volume>26</volume>(<issue>3</issue>): <fpage>291</fpage>&#x02013;<lpage>304</lpage>.</mixed-citation></ref><ref id="ref40"><label>40</label><mixed-citation publication-type="journal" id="cite40"><string-name><surname>Davidson</surname>
<given-names>L</given-names></string-name>, <string-name><surname>Roe</surname>
<given-names>D</given-names></string-name>. <article-title>Recovery from versus recovery in serious mental illness: one strategy for lessening confusion plaguing recovery</article-title>. <source>J Ment Heal</source>
<year>2007</year>; <volume>16</volume>(<issue>4</issue>): <fpage>459</fpage>&#x02013;70.</mixed-citation></ref><ref id="ref41"><label>41</label><mixed-citation publication-type="journal" id="cite41"><string-name><surname>Smith-Merry</surname>
<given-names>J</given-names></string-name>, <string-name><surname>Freeman</surname>
<given-names>R</given-names></string-name>, <string-name><surname>Sturdy</surname>
<given-names>S</given-names></string-name>. <article-title>Implementing recovery: an analysis of the key technologies in Scotland</article-title>. <source>Int J Ment Health Syst</source>
<year>2011</year>; <volume>5</volume>: <fpage>11</fpage>.<pub-id pub-id-type="pmid">21569633</pub-id></mixed-citation></ref><ref id="ref42"><label>42</label><mixed-citation publication-type="journal" id="cite42"><string-name><surname>Andresen</surname>
<given-names>R</given-names></string-name>, <string-name><surname>Caputi</surname>
<given-names>P</given-names></string-name>, <string-name><surname>Oades</surname>
<given-names>LG</given-names></string-name>. <article-title>Do clinical outcome measures assess consumer-defined recovery?</article-title>
<source>Psychiatry Res</source>
<year>2010</year>; <volume>177</volume>(<issue>3</issue>): <fpage>309</fpage>&#x02013;17.<pub-id pub-id-type="pmid">20227768</pub-id></mixed-citation></ref><ref id="ref43"><label>43</label><mixed-citation publication-type="journal" id="cite43"><string-name><surname>Pilgrim</surname>
<given-names>D</given-names></string-name>. <article-title>&#x0201c;Recovery&#x0201d; and current mental health policy</article-title>. <source>Chronic Illn</source>
<year>2008</year>; <volume>4</volume>(<issue>4</issue>): <fpage>309</fpage>&#x02013;10.<pub-id pub-id-type="pmid">19091941</pub-id></mixed-citation></ref><ref id="ref44"><label>44</label><mixed-citation publication-type="journal" id="cite44"><string-name><surname>Khan</surname>
<given-names>N</given-names></string-name>, <string-name><surname>Bower</surname>
<given-names>P</given-names></string-name>, <string-name><surname>Rogers</surname>
<given-names>A</given-names></string-name>. <article-title>Guided self-help in primary care mental health: meta-synthesis of qualitative studies of patient experience</article-title>. <source>Br J Psychiatry</source>
<year>2007</year>; <volume>191</volume>(<issue>3</issue>): <fpage>206</fpage>&#x02013;11.<pub-id pub-id-type="pmid">17766759</pub-id></mixed-citation></ref><ref id="ref45"><label>45</label><mixed-citation publication-type="journal" id="cite45"><string-name><surname>Pilgrim</surname>
<given-names>D</given-names></string-name>. <article-title>The biopsychosocial model in Anglo-American psychiatry: past, present and future?</article-title>. <source>J Ment Health</source>
<year>2002</year>; <volume>11</volume>: <fpage>585</fpage>&#x02013;94.</mixed-citation></ref><ref id="ref46"><label>46</label><mixed-citation publication-type="book" id="cite46"><collab>National Institute for Health and Care Excellence (NICE)</collab>. <source>Service User Experience in Adult Mental Health: Improving the Experience of Care for People using Adult NHS Mental Health Services</source>. <publisher-name>NICE</publisher-name>, <year>2011</year> (<uri xlink:href="https://www.nice.org.uk/guidance/cg136/resources/service-user-experience-in-adult-mental-health-improving-the-experience-of-care-for-people-using-adult-nhs-mental-health-services-35109513728197">https://www.nice.org.uk/guidance/cg136/resources/service-user-experience-in-adult-mental-health-improving-the-experience-of-care-for-people-using-adult-nhs-mental-health-services-35109513728197</uri>).</mixed-citation></ref><ref id="ref47"><label>47</label><mixed-citation publication-type="book" id="cite47"><collab>Department of Health</collab>. <source>Refocusing the Care Programme Approach. Policy and Positive Practice Guidance</source>. <publisher-name>Department of Health</publisher-name>, <year>2008</year> (<uri xlink:href="https://web.archive.org/web/20090217082911/http://www.dh.gov.uk/en/Publicationsandstatistics/Publications/PublicationsPolicyAndGuidance/DH_083647">https://web.archive.org/web/20090217082911/http://www.dh.gov.uk/en/Publicationsandstatistics/Publications/PublicationsPolicyAndGuidance/DH_083647</uri>).</mixed-citation></ref><ref id="ref48"><label>48</label><mixed-citation publication-type="book" id="cite48"><collab>Welsh Government</collab>. <source>Together for Mental Health &#x02013; A Strategy for Mental Health and Wellbeing in Wales (a)</source>. <publisher-name>Welsh Government</publisher-name>, <year>2012</year> (<uri xlink:href="http://www2.nphs.wales.nhs.uk:8080/VulnerableAdultsDocs.nsf/(all)/CA90979531D7A44580257C630055C96F/file/Public%20Health%20Wales%20Together%20for%20Mental%20Health%20Report%20FINAL%20(2).pdf?OpenElement">http://www2.nphs.wales.nhs.uk:8080/VulnerableAdultsDocs.nsf/(all)/CA90979531D7A44580257C630055C96F/file/Public%20Health%20Wales%20Together%20for%20Mental%20Health%20Report%20FINAL%20(2).pdf?OpenElement</uri>).</mixed-citation></ref><ref id="ref49"><label>49</label><mixed-citation publication-type="journal" id="cite49"><string-name><surname>Coffey</surname>
<given-names>M</given-names></string-name>, <string-name><surname>Hannigan</surname>
<given-names>B</given-names></string-name>, <string-name><surname>Barlow</surname>
<given-names>S</given-names></string-name>, <string-name><surname>Cartwright</surname>
<given-names>M</given-names></string-name>, <string-name><surname>Cohen</surname>
<given-names>R</given-names></string-name>, <string-name><surname>Faulkner</surname>
<given-names>A</given-names></string-name>, <etal/>
<article-title>Recovery-focused mental health care planning and co-ordination in acute inpatient mental health settings: a cross national comparative mixed methods study</article-title>. <source>BMC Psychiatry</source>
<year>2019</year>; <volume>19</volume>: <fpage>115</fpage>.<pub-id pub-id-type="pmid">30991971</pub-id></mixed-citation></ref><ref id="ref50"><label>50</label><mixed-citation publication-type="journal" id="cite50"><string-name><surname>Coffey</surname>
<given-names>M</given-names></string-name>, <string-name><surname>Hannigan</surname>
<given-names>B</given-names></string-name>, <string-name><surname>Simpson</surname>
<given-names>A</given-names></string-name>. <article-title>Care planning and coordination: imperfect solutions in a complex world</article-title>. <source>J Psychiatr Ment Health Nurs</source>
<year>2017</year>; <volume>24</volume>(<issue>6</issue>): <fpage>333</fpage>&#x02013;4.<pub-id pub-id-type="pmid">28437040</pub-id></mixed-citation></ref><ref id="ref51"><label>51</label><mixed-citation publication-type="journal" id="cite51"><string-name><surname>Jones</surname>
<given-names>A</given-names></string-name>, <string-name><surname>Hannigan</surname>
<given-names>B</given-names></string-name>, <string-name><surname>Coffey</surname>
<given-names>M</given-names></string-name>, <string-name><surname>Simpson</surname>
<given-names>A</given-names></string-name>. <article-title>Traditions of research in community mental health care planning and care coordination: a systematic meta-narrative review of the literature</article-title>. <source>PLoS One</source>
<year>2018</year>; <volume>13</volume>(<issue>6</issue>): e0198427.</mixed-citation></ref><ref id="ref52"><label>52</label><mixed-citation publication-type="book" id="cite52"><collab>Healthcare Commission</collab>. <italic toggle="yes">State of Healthcare 2008</italic>. <publisher-name>The Stationery Office</publisher-name>, <year>2008</year> (<uri xlink:href="http://webarchive.nationalarchives.gov.uk/20100611090857/http://www.cqc.org.uk/_db/_documents/State_of_Healthcare_2008.pdf">http://webarchive.nationalarchives.gov.uk/20100611090857/http://www.cqc.org.uk/_db/_documents/State_of_Healthcare_2008.pdf</uri>).</mixed-citation></ref><ref id="ref53"><label>53</label><mixed-citation publication-type="journal" id="cite53"><string-name><surname>Simpson</surname>
<given-names>A</given-names></string-name>, <string-name><surname>Hannigan</surname>
<given-names>B</given-names></string-name>, <string-name><surname>Coffey</surname>
<given-names>M</given-names></string-name>, <string-name><surname>Barlow</surname>
<given-names>S</given-names></string-name>, <string-name><surname>Cohen</surname>
<given-names>R</given-names></string-name>, <string-name><surname>Jones</surname>
<given-names>A</given-names></string-name>, <etal/>
<article-title>Recovery-focused care planning and coordination in England and Wales: a cross-national mixed methods comparative case study</article-title>. <source>BMC Psychiatry</source>
<year>2016</year>; <volume>16</volume>: 147.</mixed-citation></ref><ref id="ref54"><label>54</label><mixed-citation publication-type="journal" id="cite54"><string-name><surname>Simpson</surname>
<given-names>A</given-names></string-name>, <string-name><surname>Hannigan</surname>
<given-names>B</given-names></string-name>, <string-name><surname>Coffey</surname>
<given-names>M</given-names></string-name>, <string-name><surname>Jones</surname>
<given-names>A</given-names></string-name>, <string-name><surname>Barlow</surname>
<given-names>S</given-names></string-name>, <string-name><surname>Cohen</surname>
<given-names>R</given-names></string-name>, <etal/>
<article-title>Cross-national comparative mixed-methods case study of recovery-focused mental health care planning and co-ordination: Collaborative Care Planning Project (COCAPP)</article-title>. <source>Heal Serv Deliv Res</source>
<year>2016</year>; <volume>4</volume>(<issue>5</issue>): <fpage>1</fpage>&#x02013;<lpage>190</lpage>.</mixed-citation></ref><ref id="ref55"><label>55</label><mixed-citation publication-type="journal" id="cite55"><string-name><surname>Simpson</surname>
<given-names>A</given-names></string-name>, <string-name><surname>Coffey</surname>
<given-names>M</given-names></string-name>, <string-name><surname>Hannigan</surname>
<given-names>B</given-names></string-name>, <string-name><surname>Barlow</surname>
<given-names>S</given-names></string-name>, <string-name><surname>Cohen</surname>
<given-names>R</given-names></string-name>, <string-name><surname>Jones</surname>
<given-names>A</given-names></string-name>, <etal/>
<article-title>Cross-national mixed-methods comparative case study of recovery-focused mental health care planning and co-ordination in acute inpatient mental health settings (COCAPP-A)</article-title>. <source>Heal Serv Deliv Res</source>
<year>2017</year>; <volume>5</volume>(<issue>26</issue>): <fpage>1</fpage>&#x02013;<lpage>234</lpage>.</mixed-citation></ref><ref id="ref56"><label>56</label><mixed-citation publication-type="journal" id="cite56"><string-name><surname>MacDonald-Wilson</surname>
<given-names>KL</given-names></string-name>, <string-name><surname>Deegan</surname>
<given-names>PE</given-names></string-name>, <string-name><surname>Hutchison</surname>
<given-names>SL</given-names></string-name>, <string-name><surname>Parrotta</surname>
<given-names>N</given-names></string-name>, <string-name><surname>Schuster</surname>
<given-names>JM</given-names></string-name>. <article-title>Integrating personal medicine into service delivery: empowering people in recovery</article-title>. <source>Psychiatr Rehabil J</source>
<year>2013</year>; <volume>36</volume>(<issue>4</issue>): <fpage>258</fpage>&#x02013;63.<pub-id pub-id-type="pmid">24320834</pub-id></mixed-citation></ref><ref id="ref57"><label>57</label><mixed-citation publication-type="book" id="cite57"><string-name><surname>Aurther</surname>
<given-names>K</given-names></string-name>. <source>The illness Narrative: The Personal and Social Meanings of Illness</source>. <publisher-name>Basic Books Inc.</publisher-name>, <year>1988</year>.</mixed-citation></ref><ref id="ref58"><label>58</label><mixed-citation publication-type="journal" id="cite58"><string-name><surname>Jacobs</surname>
<given-names>LA</given-names></string-name>. <article-title>An analysis of the concept of risk</article-title>. <source>Cancer Nurs</source>
<year>2000</year>; <volume>23</volume>(<issue>1</issue>): <fpage>12</fpage>&#x02013;9.<pub-id pub-id-type="pmid">10673803</pub-id></mixed-citation></ref><ref id="ref59"><label>59</label><mixed-citation publication-type="journal" id="cite59"><string-name><surname>Frank</surname>
<given-names>E</given-names></string-name>, <string-name><surname>Prien</surname>
<given-names>RF</given-names></string-name>, <string-name><surname>Jarrett</surname>
<given-names>RB</given-names></string-name>, <string-name><surname>Keller</surname>
<given-names>MB</given-names></string-name>, <string-name><surname>Kupfer</surname>
<given-names>DJ</given-names></string-name>, <string-name><surname>Lavori</surname>
<given-names>PW</given-names></string-name>, <etal/>
<article-title>Conceptualization and rationale for consensus definitions of terms in major depressive disorder: remission, recovery, relapse, and recurrence</article-title>. <source>Arch Gen Psychiatry</source>
<year>1991</year>; <volume>48</volume>(<issue>9</issue>): <fpage>851</fpage>&#x02013;5.<pub-id pub-id-type="pmid">1929776</pub-id></mixed-citation></ref><ref id="ref60"><label>60</label><mixed-citation publication-type="journal" id="cite60"><string-name><surname>Trachsel</surname>
<given-names>M</given-names></string-name>, <string-name><surname>Irwin</surname>
<given-names>SA</given-names></string-name>, <string-name><surname>Biller-Andorno</surname>
<given-names>N</given-names></string-name>, <string-name><surname>Hoff</surname>
<given-names>P</given-names></string-name>, <string-name><surname>Riese</surname>
<given-names>F</given-names></string-name>. <article-title>Palliative psychiatry for severe and persistent mental illness</article-title>. <source>Lancet Psychiatry</source>
<year>2016</year>; <volume>3</volume>: 200.</mixed-citation></ref><ref id="ref61"><label>61</label><mixed-citation publication-type="journal" id="cite61"><string-name><surname>Kleinman</surname>
<given-names>A</given-names></string-name>. <article-title>From illness as culture to caregiving as moral experience</article-title>. <source>N Engl J Med</source>
<year>2013</year>; <volume>368</volume>(<issue>15</issue>): <fpage>1376</fpage>&#x02013;7.<pub-id pub-id-type="pmid">23574117</pub-id></mixed-citation></ref><ref id="ref62"><label>62</label><mixed-citation publication-type="journal" id="cite62"><string-name><surname>Pilgrim</surname>
<given-names>D</given-names></string-name>. <article-title>Recovery from mental health problems: scratching the surface without ethnography</article-title>. <source>J Soc Work Pract</source>
<year>2009</year>; <volume>23</volume>(<issue>4</issue>): <fpage>475</fpage>&#x02013;87.</mixed-citation></ref><ref id="ref63"><label>63</label><mixed-citation publication-type="journal" id="cite63"><string-name><surname>Rose</surname>
<given-names>D</given-names></string-name>. <article-title>The mainstreaming of recovery</article-title>. <source>J Ment Heal</source>
<year>2014</year>; <volume>23</volume>(<issue>5</issue>): <fpage>217</fpage>&#x02013;8.</mixed-citation></ref><ref id="ref64"><label>64</label><mixed-citation publication-type="book" id="cite64"><string-name><surname>Hajer</surname>
<given-names>MA</given-names></string-name>. <source>The Politics of Environmental Discourse: Ecological Modernization and the Policy Process</source>. <publisher-name>Oxford University Press</publisher-name>, <year>1997</year>.</mixed-citation></ref><ref id="ref65"><label>65</label><mixed-citation publication-type="journal" id="cite65"><string-name><surname>Kleinman</surname>
<given-names>A</given-names></string-name>. <article-title>Caregiving as moral experience</article-title>. <source>Lancet</source>
<year>2012</year>; <volume>380</volume>(<issue>9853</issue>): <fpage>1550</fpage>&#x02013;1.<pub-id pub-id-type="pmid">23130363</pub-id></mixed-citation></ref><ref id="ref66"><label>66</label><mixed-citation publication-type="book" id="cite66"><string-name><surname>Pilgrim</surname>
<given-names>D</given-names></string-name>, <string-name><surname>McCranie</surname>
<given-names>A</given-names></string-name>. <source>Recovery in Mental Health: A Critical Sociological Account</source>. <publisher-name>Red Globe Press</publisher-name>, <year>2013</year>.</mixed-citation></ref><ref id="ref67"><label>67</label><mixed-citation publication-type="journal" id="cite67"><string-name><surname>Davidson</surname>
<given-names>L</given-names></string-name>, <string-name><surname>O'Connell</surname>
<given-names>M</given-names></string-name>, <string-name><surname>Tondora</surname>
<given-names>J</given-names></string-name>, <string-name><surname>Styron</surname>
<given-names>T</given-names></string-name>, <string-name><surname>Kangas</surname>
<given-names>K</given-names></string-name>. <article-title>The top ten concerns about recovery encountered in mental health system transformation</article-title>. <source>Psychiatr Serv</source>
<year>2006</year>; <volume>57</volume>(<issue>5</issue>): <fpage>640</fpage>&#x02013;5.<pub-id pub-id-type="pmid">16675756</pub-id></mixed-citation></ref><ref id="ref68"><label>68</label><mixed-citation publication-type="journal" id="cite68"><string-name><surname>El Enany</surname>
<given-names>N</given-names></string-name>, <string-name><surname>Currie</surname>
<given-names>G</given-names></string-name>, <string-name><surname>Lockett</surname>
<given-names>A</given-names></string-name>. <article-title>A paradox in healthcare service development: professionalization of service users</article-title>. <source>Soc Sci Med</source>
<year>2013</year>; <volume>80</volume>: <fpage>24</fpage>&#x02013;<lpage>30</lpage>.<pub-id pub-id-type="pmid">23415588</pub-id></mixed-citation></ref><ref id="ref69"><label>69</label><mixed-citation publication-type="journal" id="cite69"><string-name><surname>Vandekinderen</surname>
<given-names>C</given-names></string-name>, <string-name><surname>Roets</surname>
<given-names>G</given-names></string-name>, <string-name><surname>Roose</surname>
<given-names>R</given-names></string-name>, <string-name><surname>Van Hove</surname>
<given-names>G</given-names></string-name>. <article-title>Rediscovering recovery: reconceptualizing underlying assumptions of citizenship and interrelated notions of care and support</article-title>. <source>Sci World J</source>
<year>2012</year>; <volume>2012</volume>(7): 496579.</mixed-citation></ref><ref id="ref70"><label>70</label><mixed-citation publication-type="book" id="cite70"><string-name><surname>Fernando</surname>
<given-names>S</given-names></string-name>. <source>Mental Health, Race and Culture</source>. <publisher-name>Palgrave Macmillan</publisher-name>, <year>2010</year>.</mixed-citation></ref><ref id="ref71"><label>71</label><mixed-citation publication-type="journal" id="cite71"><string-name><surname>Roberts</surname>
<given-names>G</given-names></string-name>, <string-name><surname>Hollins</surname>
<given-names>S</given-names></string-name>. <article-title>Recovery: our common purpose?</article-title>
<source>Adv Psychiatr Treat</source>
<year>2007</year>; <volume>13</volume>(<issue>6</issue>): <fpage>397</fpage>&#x02013;9.</mixed-citation></ref><ref id="ref72"><label>72</label><mixed-citation publication-type="book" id="cite72"><string-name><surname>Fitch</surname>
<given-names>C</given-names></string-name>, <string-name><surname>Daw</surname>
<given-names>R</given-names></string-name>, <string-name><surname>Balmer</surname>
<given-names>N</given-names></string-name>, <string-name><surname>Gray</surname>
<given-names>K</given-names></string-name>, <string-name><surname>Skipper</surname>
<given-names>M</given-names></string-name>. <source>Fair Deal for Mental Health: Engagement with Service Users and Carers</source>. <publisher-name>Royal College of Psychiatrists</publisher-name>, <year>2008</year>.</mixed-citation></ref><ref id="ref73"><label>73</label><mixed-citation publication-type="book" id="cite73"><collab>British Psychological Society</collab>. <source>Understanding Mental Illness: Recent Advances in Understanding Mental Illness and Psychotic Experiences</source>. <publisher-name>British Psychological Society</publisher-name>, <year>2000</year> (<uri xlink:href="http://schizophrenia.com/research/Rep03.pdf">http://schizophrenia.com/research/Rep03.pdf</uri>).</mixed-citation></ref><ref id="ref74"><label>74</label><mixed-citation publication-type="other" id="cite74"><collab>College of Occupational Therapists</collab>. <italic toggle="yes">Recovering Ordinary Lives: the Strategy for Occupational Therapy in Mental Health Services 2007&#x02013;2017, Results from Service User and Carer Focus Groups</italic>. College of Occupational Therapists, 2006.</mixed-citation></ref><ref id="ref75"><label>75</label><mixed-citation publication-type="book" id="cite75"><collab>Department of Health</collab>. <source>From Values to Action: The Chief Nursing Officer's Review of Mental Health Nursing</source>. Department of Health, <year>2006</year> (<uri xlink:href="https://webarchive.nationalarchives.gov.uk/20130104174615/http://www.dh.gov.uk/en/Publicationsandstatistics/Publications/PublicationsPolicyAndGuidance/DH_4133839">https://webarchive.nationalarchives.gov.uk/20130104174615/http://www.dh.gov.uk/en/Publicationsandstatistics/Publications/PublicationsPolicyAndGuidance/DH_4133839</uri>).</mixed-citation></ref><ref id="ref76"><label>76</label><mixed-citation publication-type="journal" id="cite76"><string-name><surname>Killaspy</surname>
<given-names>H</given-names></string-name>, <string-name><surname>Meier</surname>
<given-names>R</given-names></string-name>. <article-title>A Fair Deal for mental health includes local rehabilitation services</article-title>. <source>Psychiatrist</source>
<year>2010</year>; <volume>34</volume>: <fpage>265</fpage>&#x02013;7.</mixed-citation></ref><ref id="ref77"><label>77</label><mixed-citation publication-type="journal" id="cite77"><string-name><surname>Lawton</surname>
<given-names>J</given-names></string-name>, <string-name><surname>Peel</surname>
<given-names>E</given-names></string-name>, <string-name><surname>Parry</surname>
<given-names>O</given-names></string-name>, <string-name><surname>Araoz</surname>
<given-names>G</given-names></string-name>, <string-name><surname>Douglas</surname>
<given-names>M</given-names></string-name>. <article-title>Lay perceptions of type 2 diabetes in Scotland: bringing health services back in</article-title>. <source>Soc Sci Med</source>
<year>2005</year>; <volume>60</volume>(<issue>7</issue>): <fpage>1423</fpage>&#x02013;35.<pub-id pub-id-type="pmid">15652676</pub-id></mixed-citation></ref><ref id="ref78"><label>78</label><mixed-citation publication-type="journal" id="cite78"><string-name><surname>Roberts</surname>
<given-names>G</given-names></string-name>, <string-name><surname>Boardman</surname>
<given-names>J</given-names></string-name>. <article-title>Understanding &#x0201c;recovery&#x0201d;</article-title>. <source>Adv Psychiatr Treat</source>
<year>2013</year>; <volume>19</volume>(<issue>6</issue>): <fpage>400</fpage>&#x02013;9.</mixed-citation></ref><ref id="ref79"><label>79</label><mixed-citation publication-type="book" id="cite79"><string-name><surname>Voronka</surname>
<given-names>J</given-names></string-name>. <source>Researching the Politics of Inclusion</source>. <publisher-name>Vision Passion Action</publisher-name>, <year>2016</year> (<uri xlink:href="https://radssite.wordpress.com/2016/03/14/researching-the-politics-of-inclusion/">https://radssite.wordpress.com/2016/03/14/researching-the-politics-of-inclusion/</uri>).</mixed-citation></ref><ref id="ref80"><label>80</label><mixed-citation publication-type="other" id="cite80"><string-name><surname>Khan</surname>
<given-names>N</given-names></string-name>. <italic toggle="yes">What Is &#x02018;Really&#x02019; Required to Incorporate the User Narrative in the Changing Health Systems?</italic> Recovery in the Bin, 2020 (<uri xlink:href="https://recoveryinthebin.org/2020/04/14/what-is-really-required-to-incorporate-the-user-narrative-in-the-changing-health-systems/">https://recoveryinthebin.org/2020/04/14/what-is-really-required-to-incorporate-the-user-narrative-in-the-changing-health-systems/</uri>).</mixed-citation></ref><ref id="ref81"><label>81</label><mixed-citation publication-type="journal" id="cite81"><string-name><surname>Hunt</surname>
<given-names>LM</given-names></string-name>, <string-name><surname>Jordan</surname>
<given-names>B</given-names></string-name>, <string-name><surname>Irwin</surname>
<given-names>S</given-names></string-name>. <article-title>Views of what's wrong: diagnosis and patients&#x02019; concepts of illness</article-title>. <source>Soc Sci Med</source>
<year>1989</year>; <volume>28</volume>(<issue>9</issue>): <fpage>945</fpage>&#x02013;56.<pub-id pub-id-type="pmid">2711229</pub-id></mixed-citation></ref><ref id="ref82"><label>82</label><mixed-citation publication-type="other" id="cite82"><collab>National Health Service</collab>. <italic toggle="yes">A report from Health Education England to support the delivery of the Five Year Forward View for Mental Health in England</italic>. NHS England, <year>2017</year> (<uri xlink:href="https://www.hee.nhs.uk/sites/default/files/documents/Stepping%20forward%20to%20202021%20-%20The%20mental%20health%20workforce%20plan%20for%20england.pdf">https://www.hee.nhs.uk/sites/default/files/documents/Stepping%20forward%20to%20202021%20-%20The%20mental%20health%20workforce%20plan%20for%20england.pdf</uri>).</mixed-citation></ref></ref-list></back></article>