<!DOCTYPE article PUBLIC "-//NLM//DTD JATS (Z39.96) Journal Archiving and Interchange DTD with MathML3 v1.3 20210610//EN" "JATS-archivearticle1-3-mathml3.dtd"> 
<article xmlns:mml="http://www.w3.org/1998/Math/MathML" xmlns:xlink="http://www.w3.org/1999/xlink" dtd-version="1.3" xml:lang="en" article-type="research-article"><?DTDIdentifier.IdentifierValue -//NLM//DTD Journal Publishing DTD v2.3 20070202//EN?><?DTDIdentifier.IdentifierType public?><?SourceDTD.DTDName journalpublishing.dtd?><?SourceDTD.Version 2.3?><?ConverterInfo.XSLTName nlm2jats3.xsl?><?ConverterInfo.Version 1?><?properties open_access?><processing-meta base-tagset="archiving" mathml-version="3.0" table-model="xhtml" tagset-family="jats"><restricted-by>pmc</restricted-by></processing-meta><front><journal-meta><journal-id journal-id-type="nlm-ta">Front Psychiatry</journal-id><journal-id journal-id-type="iso-abbrev">Front Psychiatry</journal-id><journal-id journal-id-type="publisher-id">Front. Psychiatry</journal-id><journal-title-group><journal-title>Frontiers in Psychiatry</journal-title></journal-title-group><issn pub-type="epub">1664-0640</issn><publisher><publisher-name>Frontiers Media S.A.</publisher-name></publisher></journal-meta><article-meta><article-id pub-id-type="pmcid">9376617</article-id><article-id pub-id-type="doi">10.3389/fpsyt.2022.937330</article-id><article-categories><subj-group subj-group-type="heading"><subject>Psychiatry</subject><subj-group><subject>Original Research</subject></subj-group></subj-group></article-categories><title-group><article-title>Characteristics of global retractions of schizophrenia-related publications: A bibliometric analysis</article-title></title-group><contrib-group><contrib contrib-type="author"><name><surname>Chen</surname><given-names>Pan</given-names></name><xref rid="aff1" ref-type="aff">
<sup>1</sup>
</xref><xref rid="aff2" ref-type="aff">
<sup>2</sup>
</xref><xref rid="aff3" ref-type="aff">
<sup>3</sup>
</xref><xref rid="fn002" ref-type="author-notes">
<sup>&#x02020;</sup>
</xref><uri xlink:href="http://loop.frontiersin.org/people/1802310/overview"/></contrib><contrib contrib-type="author"><name><surname>Li</surname><given-names>Xiao-Hong</given-names></name><xref rid="aff4" ref-type="aff">
<sup>4</sup>
</xref><xref rid="fn002" ref-type="author-notes">
<sup>&#x02020;</sup>
</xref><uri xlink:href="http://loop.frontiersin.org/people/681933/overview"/></contrib><contrib contrib-type="author"><name><surname>Su</surname><given-names>Zhaohui</given-names></name><xref rid="aff5" ref-type="aff">
<sup>5</sup>
</xref><uri xlink:href="http://loop.frontiersin.org/people/1046370/overview"/></contrib><contrib contrib-type="author"><name><surname>Tang</surname><given-names>Yi-Lang</given-names></name><xref rid="aff6" ref-type="aff">
<sup>6</sup>
</xref><xref rid="aff7" ref-type="aff">
<sup>7</sup>
</xref><uri xlink:href="http://loop.frontiersin.org/people/9806/overview"/></contrib><contrib contrib-type="author"><name><surname>Ma</surname><given-names>Yi</given-names></name><xref rid="aff8" ref-type="aff">
<sup>8</sup>
</xref></contrib><contrib contrib-type="author" corresp="yes"><name><surname>Ng</surname><given-names>Chee H.</given-names></name><xref rid="aff9" ref-type="aff">
<sup>9</sup>
</xref><xref rid="c002" ref-type="corresp">
<sup>*</sup>
</xref><uri xlink:href="http://loop.frontiersin.org/people/501255/overview"/></contrib><contrib contrib-type="author" corresp="yes"><name><surname>Xiang</surname><given-names>Yu-Tao</given-names></name><xref rid="aff1" ref-type="aff">
<sup>1</sup>
</xref><xref rid="aff2" ref-type="aff">
<sup>2</sup>
</xref><xref rid="aff3" ref-type="aff">
<sup>3</sup>
</xref><xref rid="c001" ref-type="corresp">
<sup>*</sup>
</xref><uri xlink:href="http://loop.frontiersin.org/people/797822/overview"/></contrib></contrib-group><aff id="aff1"><sup>1</sup><institution>Unit of Psychiatry, Department of Public Health and Medicinal Administration, Institute of Translational Medicine, Faculty of Health Sciences, University of Macau</institution>, <addr-line>Macao</addr-line>, <country>Macao SAR, China</country></aff><aff id="aff2"><sup>2</sup><institution>Institute of Advanced Studies in Humanities and Social Sciences, University of Macau</institution>, <addr-line>Macao</addr-line>, <country>Macao SAR, China</country></aff><aff id="aff3"><sup>3</sup><institution>Centre for Cognitive and Brain Sciences, University of Macau</institution>, <addr-line>Macao</addr-line>, <country>Macao SAR, China</country></aff><aff id="aff4"><sup>4</sup><institution>The National Clinical Research Center for Mental Disorders, Beijing Key Laboratory of Mental Disorders, Beijing Anding Hospital, Capital Medical University</institution>, <addr-line>Beijing</addr-line>, <country>China</country></aff><aff id="aff5"><sup>5</sup><institution>School of Public Health, Southeast University</institution>, <addr-line>Nanjing</addr-line>, <country>China</country></aff><aff id="aff6"><sup>6</sup><institution>Department of Psychiatry and Behavioral Sciences, Emory University</institution>, <addr-line>Atlanta, GA</addr-line>, <country>United States</country></aff><aff id="aff7"><sup>7</sup><institution>Mental Health Service Line, Atlanta Veterans Affairs (VA) Medical Center</institution>, <addr-line>Decatur, GA</addr-line>, <country>United States</country></aff><aff id="aff8"><sup>8</sup><institution>Outpatient Department, Beijing Anzhen Hospital, Capital Medical University</institution>, <addr-line>Beijing</addr-line>, <country>China</country></aff><aff id="aff9"><sup>9</sup><institution>Department of Psychiatry, The Melbourne Clinic and St Vincent&#x02019;s Hospital, University of Melbourne</institution>, <addr-line>Richmond, VIC</addr-line>, <country>Australia</country></aff><author-notes><fn fn-type="edited-by"><p>Edited by: Quan-Hoang Vuong, Phenikaa University, Vietnam</p></fn><fn fn-type="edited-by"><p>Reviewed by: Minh-Hoang Nguyen, Ritsumeikan Asia Pacific University, Japan; Tam-Tri Le, Phenikaa University, Vietnam</p></fn><corresp id="c001">*Correspondence: Yu-Tao Xiang, <email>xyutly@gmail.com</email></corresp><corresp id="c002">Chee H. Ng, <email>cng@unimelb.edu.au</email></corresp><fn fn-type="equal" id="fn002"><p><sup>&#x02020;</sup>These authors have contributed equally to this work</p></fn><fn fn-type="other" id="fn004"><p>This article was submitted to Public Mental Health, a section of the journal Frontiers in Psychiatry</p></fn></author-notes><pub-date pub-type="epub"><day>01</day><month>8</month><year>2022</year></pub-date><pub-date pub-type="collection"><year>2022</year></pub-date><volume>13</volume><elocation-id>937330</elocation-id><history><date date-type="received"><day>06</day><month>5</month><year>2022</year></date><date date-type="accepted"><day>07</day><month>7</month><year>2022</year></date></history><permissions><copyright-statement>Copyright &#x000a9; 2022 Chen, Li, Su, Tang, Ma, Ng and Xiang.</copyright-statement><copyright-year>2022</copyright-year><copyright-holder>Chen, Li, Su, Tang, Ma, Ng and Xiang</copyright-holder><license><ali:license_ref xmlns:ali="http://www.niso.org/schemas/ali/1.0/" specific-use="textmining" content-type="ccbylicense">https://creativecommons.org/licenses/by/4.0/</ali:license_ref><license-p>This is an open-access article distributed under the terms of the Creative Commons Attribution License (CC BY). The use, distribution or reproduction in other forums is permitted, provided the original author(s) and the copyright owner(s) are credited and that the original publication in this journal is cited, in accordance with accepted academic practice. No use, distribution or reproduction is permitted which does not comply with these terms.</license-p></license></permissions><abstract><sec><title>Objectives</title><p>The growing rate of retraction of scientific publications has attracted much attention within the academic community, but there is little knowledge about the nature of such retractions in schizophrenia-related research. This study aimed to analyze the characteristics of retractions of schizophrenia-related publications.</p></sec><sec><title>Materials and methods</title><p>The Web of Science was searched for eligible studies. A bibliometric analysis was conducted to describe the characteristics of the retractions using R software and Excel 2019. Content analysis was conducted to examine the essential components of retraction notices.</p></sec><sec><title>Results</title><p>A total of 36 retracted publications with 415 citations were identified from 1997 to 2021, of which, 83.3% occurred in the last decade. The overall retraction rate was 0.19%, with most of them (29; 80.56%) from the United Kingdom. The retractions were published in 33 journals, and the 2020 IFs ranged between 0.17 and 49.96 (Median = 3.93). The retractions involved 21 research areas, particularly in Psychiatry (19; 52.78%), Neurosciences and Neurology (10; 27.78%), and Psychology (7; 19.44%). Data issues (17; 42.22%), administrative errors of the publishers (5; 13.89%), and study design (4; 11.11%) were the top three reasons for retractions.</p></sec><sec><title>Conclusion</title><p>This study provides an insight into retractions of schizophrenia-related publications. Institutional governance should be further strengthened to improve the scrutiny of publications, prevent continuing citations, and erroneous propagation after retraction.</p></sec></abstract><kwd-group><kwd>schizophrenia</kwd><kwd>bibliometric analysis</kwd><kwd>reason</kwd><kwd>scientific misconduct</kwd><kwd>retracted publication</kwd></kwd-group><funding-group><award-group><funding-source id="cn001"><institution-wrap><institution>Beijing Municipal Science and Technology Commission</institution><institution-id institution-id-type="doi">10.13039/501100009592</institution-id></institution-wrap></funding-source></award-group></funding-group><funding-group><award-group><funding-source id="cn002"><institution-wrap><institution>Beijing Talents Fund</institution><institution-id institution-id-type="doi">10.13039/501100017616</institution-id></institution-wrap></funding-source></award-group></funding-group><funding-group><award-group><funding-source id="cn003"><institution-wrap><institution>Universidade de Macau</institution><institution-id institution-id-type="doi">10.13039/501100004733</institution-id></institution-wrap></funding-source></award-group></funding-group><funding-group><award-group><funding-source id="cn004"><institution-wrap><institution>Beijing Municipal Commission of Education</institution><institution-id institution-id-type="doi">10.13039/501100002888</institution-id></institution-wrap></funding-source></award-group></funding-group><funding-group><award-group><funding-source id="cn005"><institution-wrap><institution>Beijing Municipal Science and Technology Commission</institution><institution-id institution-id-type="doi">10.13039/501100009592</institution-id></institution-wrap></funding-source></award-group></funding-group><counts><fig-count count="2"/><table-count count="3"/><equation-count count="0"/><ref-count count="54"/><page-count count="9"/><word-count count="5506"/></counts></article-meta></front><body><sec sec-type="intro" id="S1"><title>Introduction</title><p>Retraction of peer-reviewed scientific publications is becoming more common. The growing rate of retractions with the increasing scientific publications in recent years has attracted much attention. Numerous reasons for retractions include concerns about data quality, and research misconduct, such as redundant publication, plagiarism, copyright infringement, unethical research, and peer review manipulation (<xref rid="B1" ref-type="bibr">1</xref>). The main objectives of retraction are to ensure research integrity rather than to punish authors, and to alert the academic community that these publications&#x02019; findings are not credible and should not be cited (<xref rid="B2" ref-type="bibr">2</xref>, <xref rid="B3" ref-type="bibr">3</xref>). In the process of creating innovations, research outputs play a vital role as an important medium for information communication and presentation of findings. The filtering of these publications deserves attention, as the risk of disseminating inaccurate information and results of poor-quality research increases with the rapid expansion of ongoing research (<xref rid="B4" ref-type="bibr">4</xref>). For instance, to date, 196 articles related to COVID-19 have been retracted due to various reasons (<xref rid="B5" ref-type="bibr">5</xref>). If research articles are fraudulent, they could lead to catastrophic consequences on human health. In 1998, Dr. Andrew Wakefield and his colleagues unethically conducted research on children and concluded that there was a link between measles, mumps, rubella (MMR) vaccine and autism; consequently, thousands of parents refused MMR vaccines for their children which caused an outbreak of fatal measles (<xref rid="B6" ref-type="bibr">6</xref>). This misinformation continued to spread for at least 12 years, which had an immeasurable health impact on families with children with autism and also resulted in a huge financial cost to verify the accuracy of this finding (<xref rid="B6" ref-type="bibr">6</xref>). Another paper that was retracted from The Lancet due to doubtful data authenticity (<xref rid="B7" ref-type="bibr">7</xref>), claimed that hydroxychloroquine was ineffective in treating COVID-19 and even caused arrhythmias, which provoked a strong reaction in the scientific community and the public (<xref rid="B8" ref-type="bibr">8</xref>).</p><p>The retraction rate of scientific publications across many fields has been increasing in recent years. One study found a retraction rate of 0.38 per 10,000 publications in all fields in 1985, 2.03 in 2000, and 5.95 in 2014 (<xref rid="B9" ref-type="bibr">9</xref>), while another study found an average rate of 2.5 per 10,000 between 2013 and 2016 in all fields (<xref rid="B10" ref-type="bibr">10</xref>). A recent report found that the retraction rate has increased 10 times in veterinary medicine and animal health publications during the period between 1993 and 2019 (<xref rid="B11" ref-type="bibr">11</xref>). The trends of retractions varied by publication year (<xref rid="B9" ref-type="bibr">9</xref>) and research field (<xref rid="B12" ref-type="bibr">12</xref>, <xref rid="B13" ref-type="bibr">13</xref>). The most common reason for retraction is academic misconduct, such as fraud or suspected fraud, duplicate publications, and plagiarism (<xref rid="B13" ref-type="bibr">13</xref>, <xref rid="B14" ref-type="bibr">14</xref>).</p><p>Previous studies have reviewed the retracted literature in different specialties of medical fields, such as nursing and midwifery (<xref rid="B15" ref-type="bibr">15</xref>), neurosurgery (<xref rid="B16" ref-type="bibr">16</xref>), hematology (<xref rid="B13" ref-type="bibr">13</xref>), and anesthesiology (<xref rid="B1" ref-type="bibr">1</xref>). However, few studies have focused on the mental health literature (<xref rid="B17" ref-type="bibr">17</xref>). Schizophrenia is a severe mental disorder characterized by disturbances in perceived reality and behavior, such as persistent delusions, hallucinations, disorganized thinking, negative symptoms, and cognitive impairment (<xref rid="B18" ref-type="bibr">18</xref>&#x02013;<xref rid="B20" ref-type="bibr">20</xref>). Approximately 1 in 300 people are affected worldwide, and its global disease burden has increased 11.4% from 1990 to 2019 (<xref rid="B21" ref-type="bibr">21</xref>, <xref rid="B22" ref-type="bibr">22</xref>). Beyond the disease itself, relevant stigma and violations of human rights associated with schizophrenia can have a significant impact on the individual&#x02019;s family, work, and social function (<xref rid="B23" ref-type="bibr">23</xref>&#x02013;<xref rid="B25" ref-type="bibr">25</xref>). Additionally, schizophrenia patients have a shorter life expectancy when compared to the general population (<xref rid="B18" ref-type="bibr">18</xref>). Due to these features, schizophrenia is one of the most important areas of research in psychiatry and medicine.</p><p>A bibliometric analysis showed that the research on schizophrenia has been increasing in recent years, involving a wide range of research areas, including Psychiatry (69.8%), Neurosciences (20.7%), Clinical Neurology (12.4%), Pharmacology and Pharmacy (9.6%), and Genetics/Heredity (3.4%) (<xref rid="B26" ref-type="bibr">26</xref>). Schizophrenia related research has mainly focused on epidemiology, etiology, and treatment aspects, but the findings remained variable and at times controversial (<xref rid="B18" ref-type="bibr">18</xref>). Ensuring academic rigor is important for the medical advancement in schizophrenia and other fields of medicine. False research results could mislead the academic community or drive researchers in wrong directions, leading to much wasted research resources and negative impact on patient care and recovery (<xref rid="B27" ref-type="bibr">27</xref>, <xref rid="B28" ref-type="bibr">28</xref>). Timely retraction is an important measure to prevent erroneous findings from being propagated. However, the nature of retractions in schizophrenia-related publications is unknown.</p><p>Bibliometric analysis has been widely used to examine the research trends in a specific field. Compared with traditional descriptive reviews of the literature, it is based on two components: one is the performance analysis that can provide the general characteristics of relevant publications, such as the number of publications, publication years, authors, institutions, countries, and journals; the other is science mapping, which examines and visualizes the relationships between research constituents such as co-citation analysis, bibliographic coupling, co-word and co-authorship analyses. In recent years, bibliometric analysis has been used to explore the characteristics of retractions in academic fields such as rehabilitation (<xref rid="B29" ref-type="bibr">29</xref>) and oncology (<xref rid="B12" ref-type="bibr">12</xref>). However, to the best of our knowledge, no bibliometric analysis on schizophrenia-related publication retractions has been published. As such, we performed a bibliometric analysis and content analysis of the characteristics of retracted publications on this topic, including publication years, sources, research areas, citations, and reasons for retractions.</p></sec><sec sec-type="materials|methods" id="S2"><title>Materials and methods</title><p>The retracted publications on schizophrenia-related studies were searched from the Web of Science Core Collection in the database of the Web of Science (WoS). The search term was &#x0201c;TI/AB = <italic>Schizophrenia OR Schizophrenias OR Schizoaffective OR Schizophreniform OR Psychosis OR Psychotic OR Schizophrenic Disorders OR Disorder, Schizophrenic OR Disorders, Schizophrenic OR Schizophrenic Disorder OR Schizophrenic Disorders OR Dementia Praecox OR Schizoaffective disorder OR Psychotic Disorders</italic>.&#x0201d; The article type was limited into &#x0201c;<italic>Retracted Publications and Retractions</italic>.&#x0201d; A comprehensive screening procedure was conducted manually to avoid false positive or negative results.</p><p>The R software and Excel 2019 were used to summarize the characteristics of retractions, including the published year, countries, journals, and research areas. The Journal Impact Factor (IF) in 2020 was used for impact analysis of the journals. Given the rapid growth of journal impact factors, a 5-year IF was used to describe the impact of journals, as it is more stable compared to Immediacy IF. Furthermore, an IF without journal self-citation was used to reduce the potential inflation of IF because self-citation of journals could result in a higher IF value (<xref rid="B30" ref-type="bibr">30</xref>). In addition, content analysis was used to examine the reasons for retraction by reviewing the retraction notices. To analyze the transparency of retraction notices, this study included the following four essential components as previously recommended (<xref rid="B3" ref-type="bibr">3</xref>): initiators, cause, whether there was consensus between editors and authors on the retraction decisions, and whether retractions were related to the post-publication review (such as comments on PubPeer).</p></sec><sec sec-type="results" id="S3"><title>Results</title><p>A total of 19,176 publications on schizophrenia-related publications were searched in WoS from its inception to the search date (20/03/2022). Forty retractions were found after limiting the study types, four articles were discarded due to irrelevant topics or duplications in the process of data cleaning. Thirty-six publications from 1997 to 2021 were finally included in this study; of all the retractions, 83.3% (<italic>N</italic> = 30) occurred in the last decade. The overall retraction rate was 0.19%, and the years of retraction were between 2002 and 2021. The distribution of publication year, retraction year and annual citations are presented in <xref rid="F1" ref-type="fig">Figure 1</xref>. The delay between publication and retraction time (year) ranged from 0 to 10 years with an average of 1.89 years (standard deviation = 2.22 years). The total citations of the 36 retracted publications were 415, with the most citations arising from a single publication (151) (<xref rid="B31" ref-type="bibr">31</xref>). The citations of the 36 retractions during the recent ten years accounted for 49.9% (207) of the total citations. <xref rid="F2" ref-type="fig">Figure 2</xref> presents the distribution of research areas of the retracted publications. The top three included Psychiatry (19, 52.78%), Neurosciences and Neurology (10, 27.78%), and Psychology (7, 19.44%).</p><fig position="float" id="F1"><label>FIGURE 1</label><caption><p>Distribution of retracted publications on schizophrenia-related studies during 1997 and 2021.</p></caption><graphic xlink:href="fpsyt-13-937330-g001" position="float"/></fig><fig position="float" id="F2"><label>FIGURE 2</label><caption><p>Research areas of retracted publications on schizophrenia-related studies.</p></caption><graphic xlink:href="fpsyt-13-937330-g002" position="float"/></fig><p>The retracted publications were from 15 countries or regions. <xref rid="T1" ref-type="table">Table 1</xref> shows the top five countries where the publications originated, including the United Kingdom (29; 80.56%), the United States (8; 22.22%), China (8; 22.22%), Canada (7; 19.44%), and Germany (7; 19.44%). <xref rid="T2" ref-type="table">Table 2</xref> shows that the 36 retractions were published in 33 different journals. The IFs of the journals (in 2020) ranged between 0.17 and 49.96, with a median of 3.93. The Journal of Developmental and Behavioral Pediatrics (<italic>IF</italic> = 2.22), Journal of ECT (<italic>IF</italic> = 3.63), and Psychiatry and Clinical Neurosciences (<italic>IF</italic> = 5.12) each retracted two publications, respectively. A total of 17 journals (47.2%) were related to Psychology and Psychiatry.</p><table-wrap position="float" id="T1"><label>TABLE 1</label><caption><p>Countries/regions with retractions of schizophrenia-related studies.</p></caption><table frame="hsides" rules="groups" cellspacing="5" cellpadding="5"><thead><tr><td valign="top" align="left" rowspan="1" colspan="1">Region</td><td valign="top" align="center" rowspan="1" colspan="1">
<italic>N</italic>
</td><td valign="top" align="center" rowspan="1" colspan="1">%<italic><xref rid="t1fna" ref-type="table-fn"><sup>a</sup></xref></italic></td></tr></thead><tbody><tr><td valign="top" align="left" rowspan="1" colspan="1">The United Kingdom</td><td valign="top" align="center" rowspan="1" colspan="1">29</td><td valign="top" align="center" rowspan="1" colspan="1">80.56</td></tr><tr><td valign="top" align="left" rowspan="1" colspan="1">The United States</td><td valign="top" align="center" rowspan="1" colspan="1">8</td><td valign="top" align="center" rowspan="1" colspan="1">22.22</td></tr><tr><td valign="top" align="left" rowspan="1" colspan="1">China</td><td valign="top" align="center" rowspan="1" colspan="1">8</td><td valign="top" align="center" rowspan="1" colspan="1">22.22</td></tr><tr><td valign="top" align="left" rowspan="1" colspan="1">Canada</td><td valign="top" align="center" rowspan="1" colspan="1">7</td><td valign="top" align="center" rowspan="1" colspan="1">19.44</td></tr><tr><td valign="top" align="left" rowspan="1" colspan="1">Germany</td><td valign="top" align="center" rowspan="1" colspan="1">7</td><td valign="top" align="center" rowspan="1" colspan="1">19.44</td></tr><tr><td valign="top" align="left" rowspan="1" colspan="1">Portugal</td><td valign="top" align="center" rowspan="1" colspan="1">5</td><td valign="top" align="center" rowspan="1" colspan="1">13.89</td></tr><tr><td valign="top" align="left" rowspan="1" colspan="1">Spain</td><td valign="top" align="center" rowspan="1" colspan="1">5</td><td valign="top" align="center" rowspan="1" colspan="1">13.89</td></tr><tr><td valign="top" align="left" rowspan="1" colspan="1">Iran</td><td valign="top" align="center" rowspan="1" colspan="1">3</td><td valign="top" align="center" rowspan="1" colspan="1">8.33</td></tr><tr><td valign="top" align="left" rowspan="1" colspan="1">Japan</td><td valign="top" align="center" rowspan="1" colspan="1">3</td><td valign="top" align="center" rowspan="1" colspan="1">8.33</td></tr><tr><td valign="top" align="left" rowspan="1" colspan="1">Sweden</td><td valign="top" align="center" rowspan="1" colspan="1">3</td><td valign="top" align="center" rowspan="1" colspan="1">8.33</td></tr><tr><td valign="top" align="left" rowspan="1" colspan="1">India</td><td valign="top" align="center" rowspan="1" colspan="1">2</td><td valign="top" align="center" rowspan="1" colspan="1">5.56</td></tr><tr><td valign="top" align="left" rowspan="1" colspan="1">Ireland</td><td valign="top" align="center" rowspan="1" colspan="1">2</td><td valign="top" align="center" rowspan="1" colspan="1">5.56</td></tr><tr><td valign="top" align="left" rowspan="1" colspan="1">Armenia</td><td valign="top" align="center" rowspan="1" colspan="1">1</td><td valign="top" align="center" rowspan="1" colspan="1">2.78</td></tr><tr><td valign="top" align="left" rowspan="1" colspan="1">Netherlands</td><td valign="top" align="center" rowspan="1" colspan="1">1</td><td valign="top" align="center" rowspan="1" colspan="1">2.78</td></tr><tr><td valign="top" align="left" rowspan="1" colspan="1">Switzerland</td><td valign="top" align="center" rowspan="1" colspan="1">1</td><td valign="top" align="center" rowspan="1" colspan="1">2.78</td></tr></tbody></table><table-wrap-foot><fn><p>N, number.</p></fn><fn id="t1fna"><p><sup>a</sup>Some publications involved more than one country; therefore, the total percentages were more than 100%.</p></fn></table-wrap-foot></table-wrap><table-wrap position="float" id="T2"><label>TABLE 2</label><caption><p>Journals with retracted publications on schizophrenia-related studies.</p></caption><table frame="hsides" rules="groups" cellspacing="5" cellpadding="5"><thead><tr><td valign="top" align="left" rowspan="1" colspan="1">Journal</td><td valign="top" align="center" rowspan="1" colspan="1">
<italic>N</italic>
</td><td valign="top" align="center" rowspan="1" colspan="1">IF (2020)</td><td valign="top" align="center" rowspan="1" colspan="1">IF (5 years)</td><td valign="top" align="center" rowspan="1" colspan="1">IF without self-citations</td></tr></thead><tbody><tr><td valign="top" align="left" rowspan="1" colspan="1">Psychiatry and Clinical Neurosciences</td><td valign="top" align="center" rowspan="1" colspan="1">2</td><td valign="top" align="center" rowspan="1" colspan="1">5.19</td><td valign="top" align="center" rowspan="1" colspan="1">4.80</td><td valign="top" align="center" rowspan="1" colspan="1">4.92</td></tr><tr><td valign="top" align="left" rowspan="1" colspan="1">Journal of ECT</td><td valign="top" align="center" rowspan="1" colspan="1">2</td><td valign="top" align="center" rowspan="1" colspan="1">3.64</td><td valign="top" align="center" rowspan="1" colspan="1">3.01</td><td valign="top" align="center" rowspan="1" colspan="1">3.29</td></tr><tr><td valign="top" align="left" rowspan="1" colspan="1">Journal of Developmental and Behavioral Pediatrics</td><td valign="top" align="center" rowspan="1" colspan="1">2</td><td valign="top" align="center" rowspan="1" colspan="1">2.23</td><td valign="top" align="center" rowspan="1" colspan="1">3.23</td><td valign="top" align="center" rowspan="1" colspan="1">2.14</td></tr><tr><td valign="top" align="left" rowspan="1" colspan="1">Nature</td><td valign="top" align="center" rowspan="1" colspan="1">1</td><td valign="top" align="center" rowspan="1" colspan="1">49.96</td><td valign="top" align="center" rowspan="1" colspan="1">54.64</td><td valign="top" align="center" rowspan="1" colspan="1">49.32</td></tr><tr><td valign="top" align="left" rowspan="1" colspan="1">American Journal of Psychiatry</td><td valign="top" align="center" rowspan="1" colspan="1">1</td><td valign="top" align="center" rowspan="1" colspan="1">18.11</td><td valign="top" align="center" rowspan="1" colspan="1">17.83</td><td valign="top" align="center" rowspan="1" colspan="1">17.53</td></tr><tr><td valign="top" align="left" rowspan="1" colspan="1">National Science Review</td><td valign="top" align="center" rowspan="1" colspan="1">1</td><td valign="top" align="center" rowspan="1" colspan="1">17.28</td><td valign="top" align="center" rowspan="1" colspan="1">17.58</td><td valign="top" align="center" rowspan="1" colspan="1">16.65</td></tr><tr><td valign="top" align="left" rowspan="1" colspan="1">American Journal of Gastroenterology</td><td valign="top" align="center" rowspan="1" colspan="1">1</td><td valign="top" align="center" rowspan="1" colspan="1">10.86</td><td valign="top" align="center" rowspan="1" colspan="1">12.59</td><td valign="top" align="center" rowspan="1" colspan="1">10.43</td></tr><tr><td valign="top" align="left" rowspan="1" colspan="1">British Journal of Psychiatry</td><td valign="top" align="center" rowspan="1" colspan="1">1</td><td valign="top" align="center" rowspan="1" colspan="1">9.31</td><td valign="top" align="center" rowspan="1" colspan="1">10.24</td><td valign="top" align="center" rowspan="1" colspan="1">9.10</td></tr><tr><td valign="top" align="left" rowspan="1" colspan="1">Schizophrenia Bulletin</td><td valign="top" align="center" rowspan="1" colspan="1">1</td><td valign="top" align="center" rowspan="1" colspan="1">9.30</td><td valign="top" align="center" rowspan="1" colspan="1">9.438</td><td valign="top" align="center" rowspan="1" colspan="1">8.719</td></tr><tr><td valign="top" align="left" rowspan="1" colspan="1">Alzheimer&#x02019;s Research &#x00026; Therapy</td><td valign="top" align="center" rowspan="1" colspan="1">1</td><td valign="top" align="center" rowspan="1" colspan="1">6.98</td><td valign="top" align="center" rowspan="1" colspan="1">8.08</td><td valign="top" align="center" rowspan="1" colspan="1">6.65</td></tr><tr><td valign="top" align="left" rowspan="1" colspan="1">Translational Psychiatry</td><td valign="top" align="center" rowspan="1" colspan="1">1</td><td valign="top" align="center" rowspan="1" colspan="1">6.22</td><td valign="top" align="center" rowspan="1" colspan="1">7.097</td><td valign="top" align="center" rowspan="1" colspan="1">5.995</td></tr><tr><td valign="top" align="left" rowspan="1" colspan="1">Biological Psychiatry-Cognitive Neuroscience and Neuroimaging</td><td valign="top" align="center" rowspan="1" colspan="1">1</td><td valign="top" align="center" rowspan="1" colspan="1">6.20</td><td valign="top" align="center" rowspan="1" colspan="1">4.55</td><td valign="top" align="center" rowspan="1" colspan="1">&#x02013;</td></tr><tr><td valign="top" align="left" rowspan="1" colspan="1">International Journal of Neuropsychopharmacology</td><td valign="top" align="center" rowspan="1" colspan="1">1</td><td valign="top" align="center" rowspan="1" colspan="1">5.18</td><td valign="top" align="center" rowspan="1" colspan="1">5.17</td><td valign="top" align="center" rowspan="1" colspan="1">5.03</td></tr><tr><td valign="top" align="left" rowspan="1" colspan="1">Journal of Psychiatric Research</td><td valign="top" align="center" rowspan="1" colspan="1">1</td><td valign="top" align="center" rowspan="1" colspan="1">4.79</td><td valign="top" align="center" rowspan="1" colspan="1">5.38</td><td valign="top" align="center" rowspan="1" colspan="1">4.69</td></tr><tr><td valign="top" align="left" rowspan="1" colspan="1">Journal of Clinical Psychiatry</td><td valign="top" align="center" rowspan="1" colspan="1">1</td><td valign="top" align="center" rowspan="1" colspan="1">4.38</td><td valign="top" align="center" rowspan="1" colspan="1">5.40</td><td valign="top" align="center" rowspan="1" colspan="1">4.15</td></tr><tr><td valign="top" align="left" rowspan="1" colspan="1">Scientific Reports</td><td valign="top" align="center" rowspan="1" colspan="1">1</td><td valign="top" align="center" rowspan="1" colspan="1">4.38</td><td valign="top" align="center" rowspan="1" colspan="1">5.13</td><td valign="top" align="center" rowspan="1" colspan="1">4.17</td></tr><tr><td valign="top" align="left" rowspan="1" colspan="1">Journal of Ethnopharmacology</td><td valign="top" align="center" rowspan="1" colspan="1">1</td><td valign="top" align="center" rowspan="1" colspan="1">4.36</td><td valign="top" align="center" rowspan="1" colspan="1">4.49</td><td valign="top" align="center" rowspan="1" colspan="1">3.97</td></tr><tr><td valign="top" align="left" rowspan="1" colspan="1">British Journal of Clinical Psychology</td><td valign="top" align="center" rowspan="1" colspan="1">1</td><td valign="top" align="center" rowspan="1" colspan="1">4.13</td><td valign="top" align="center" rowspan="1" colspan="1">4.33</td><td valign="top" align="center" rowspan="1" colspan="1">3.93</td></tr><tr><td valign="top" align="left" rowspan="1" colspan="1">Annals of Translational Medicine</td><td valign="top" align="center" rowspan="1" colspan="1">1</td><td valign="top" align="center" rowspan="1" colspan="1">3.93</td><td valign="top" align="center" rowspan="1" colspan="1">4.63</td><td valign="top" align="center" rowspan="1" colspan="1">3.47</td></tr><tr><td valign="top" align="left" rowspan="1" colspan="1">Clinical Neurophysiology</td><td valign="top" align="center" rowspan="1" colspan="1">1</td><td valign="top" align="center" rowspan="1" colspan="1">3.71</td><td valign="top" align="center" rowspan="1" colspan="1">4.57</td><td valign="top" align="center" rowspan="1" colspan="1">3.24</td></tr><tr><td valign="top" align="left" rowspan="1" colspan="1">Psychiatry Research</td><td valign="top" align="center" rowspan="1" colspan="1">1</td><td valign="top" align="center" rowspan="1" colspan="1">3.22</td><td valign="top" align="center" rowspan="1" colspan="1">3.405</td><td valign="top" align="center" rowspan="1" colspan="1">3.123</td></tr><tr><td valign="top" align="left" rowspan="1" colspan="1">BJPsych Open</td><td valign="top" align="center" rowspan="1" colspan="1">1</td><td valign="top" align="center" rowspan="1" colspan="1">3.20</td><td valign="top" align="center" rowspan="1" colspan="1">3.45</td><td valign="top" align="center" rowspan="1" colspan="1">3.04</td></tr><tr><td valign="top" align="left" rowspan="1" colspan="1">European Journal of Clinical Pharmacology</td><td valign="top" align="center" rowspan="1" colspan="1">1</td><td valign="top" align="center" rowspan="1" colspan="1">2.95</td><td valign="top" align="center" rowspan="1" colspan="1">3.27</td><td valign="top" align="center" rowspan="1" colspan="1">2.81</td></tr><tr><td valign="top" align="left" rowspan="1" colspan="1">Neuropsychiatric Disease and Treatment</td><td valign="top" align="center" rowspan="1" colspan="1">1</td><td valign="top" align="center" rowspan="1" colspan="1">2.57</td><td valign="top" align="center" rowspan="1" colspan="1">3.20</td><td valign="top" align="center" rowspan="1" colspan="1">2.49</td></tr><tr><td valign="top" align="left" rowspan="1" colspan="1">International Journal of Clinical Practice</td><td valign="top" align="center" rowspan="1" colspan="1">1</td><td valign="top" align="center" rowspan="1" colspan="1">2.50</td><td valign="top" align="center" rowspan="1" colspan="1">2.726</td><td valign="top" align="center" rowspan="1" colspan="1">2.404</td></tr><tr><td valign="top" align="left" rowspan="1" colspan="1">Neuropsychobiology</td><td valign="top" align="center" rowspan="1" colspan="1">1</td><td valign="top" align="center" rowspan="1" colspan="1">2.33</td><td valign="top" align="center" rowspan="1" colspan="1">2.30</td><td valign="top" align="center" rowspan="1" colspan="1">2.31</td></tr><tr><td valign="top" align="left" rowspan="1" colspan="1">New Genetics and Society</td><td valign="top" align="center" rowspan="1" colspan="1">1</td><td valign="top" align="center" rowspan="1" colspan="1">2.18</td><td valign="top" align="center" rowspan="1" colspan="1">2.26</td><td valign="top" align="center" rowspan="1" colspan="1">1.57</td></tr><tr><td valign="top" align="left" rowspan="1" colspan="1">General Psychiatry</td><td valign="top" align="center" rowspan="1" colspan="1">1</td><td valign="top" align="center" rowspan="1" colspan="1">2.00</td><td valign="top" align="center" rowspan="1" colspan="1">&#x02013;</td><td valign="top" align="center" rowspan="1" colspan="1">&#x02013;</td></tr><tr><td valign="top" align="left" rowspan="1" colspan="1">Human Psychopharmacology-Clinical and Experimental</td><td valign="top" align="center" rowspan="1" colspan="1">1</td><td valign="top" align="center" rowspan="1" colspan="1">1.67</td><td valign="top" align="center" rowspan="1" colspan="1">2.81</td><td valign="top" align="center" rowspan="1" colspan="1">1.61</td></tr><tr><td valign="top" align="left" rowspan="1" colspan="1">Language and Speech</td><td valign="top" align="center" rowspan="1" colspan="1">1</td><td valign="top" align="center" rowspan="1" colspan="1">1.50</td><td valign="top" align="center" rowspan="1" colspan="1">1.68</td><td valign="top" align="center" rowspan="1" colspan="1">1.41</td></tr><tr><td valign="top" align="left" rowspan="1" colspan="1">Clinical Linguistics &#x00026; Phonetics</td><td valign="top" align="center" rowspan="1" colspan="1">1</td><td valign="top" align="center" rowspan="1" colspan="1">1.35</td><td valign="top" align="center" rowspan="1" colspan="1">1.65</td><td valign="top" align="center" rowspan="1" colspan="1">0.90</td></tr><tr><td valign="top" align="left" rowspan="1" colspan="1">Actas Espanolas De Psiquiatria</td><td valign="top" align="center" rowspan="1" colspan="1">1</td><td valign="top" align="center" rowspan="1" colspan="1">1.20</td><td valign="top" align="center" rowspan="1" colspan="1">2.07</td><td valign="top" align="center" rowspan="1" colspan="1">1.13</td></tr><tr><td valign="top" align="left" rowspan="1" colspan="1">Sante Mentale Au Quebec</td><td valign="top" align="center" rowspan="1" colspan="1">1</td><td valign="top" align="center" rowspan="1" colspan="1">0.17</td><td valign="top" align="center" rowspan="1" colspan="1">0.24</td><td valign="top" align="center" rowspan="1" colspan="1">&#x02013;</td></tr></tbody></table><table-wrap-foot><fn><p>IF, impact factor; &#x0201c;&#x02013;&#x0201d;, not reported in Web of Science.</p></fn></table-wrap-foot></table-wrap><p><xref rid="TS1" ref-type="supplementary-material">Supplementary Table 1</xref> shows the characteristics of the retractions. All the 36 retraction notices reported the reasons for the retraction. In sum, nine (25.0%) retraction notices did not report who were the initiators, 24 (66.7%) did not report whether there was consensus between editors and authors on the retraction decisions, and 28 (77.8%) did not report whether retractions were related to the post-publication review. <xref rid="T3" ref-type="table">Table 3</xref> lists the reasons for retraction as indicated by relevant journals, which include eight categories: data issues (17; 42.22%), administrative errors of the publisher (5; 13.89%), copyright (3; 8.33%), plagiarism (2; 5.56%), redundant publications (2; 5.56%), study design issues (4; 11.11%), ethical issues (1; 2.78%), and others (1, 2.78%). Based on the classification of reasons for paper retraction outlined by the Committee on Publication Ethics (COPE) (2), 11 (30.56%) out of the 36 retracted publications were due to honest errors, including occasional errors made in the original database or experimental data (7; 19.44%) and improper data manipulation (4; 11.11%).</p><table-wrap position="float" id="T3"><label>TABLE 3</label><caption><p>Reasons for retracted publications on schizophrenia-related studies.</p></caption><table frame="hsides" rules="groups" cellspacing="5" cellpadding="5"><thead><tr><td valign="top" align="left" rowspan="1" colspan="1">Reason</td><td valign="top" align="center" rowspan="1" colspan="1">Type</td><td valign="top" align="center" rowspan="1" colspan="1">
<italic>N</italic>
</td><td valign="top" align="center" rowspan="1" colspan="1">%</td></tr></thead><tbody><tr><td valign="top" align="left" rowspan="1" colspan="1">Data issues (17, 47.22%)</td><td valign="top" align="center" rowspan="1" colspan="1">Honest error (Data error)</td><td valign="top" align="center" rowspan="1" colspan="1">11</td><td valign="top" align="center" rowspan="1" colspan="1">30.56</td></tr><tr><td valign="top" align="left" rowspan="1" colspan="1"/><td valign="top" align="center" rowspan="1" colspan="1">Misconduct (Suspicious fabrication)</td><td valign="top" align="center" rowspan="1" colspan="1">2</td><td valign="top" align="center" rowspan="1" colspan="1">5.56</td></tr><tr><td valign="top" align="left" rowspan="1" colspan="1"/><td valign="top" align="center" rowspan="1" colspan="1">Invalid data</td><td valign="top" align="center" rowspan="1" colspan="1">3</td><td valign="top" align="center" rowspan="1" colspan="1">8.33</td></tr><tr><td valign="top" align="left" rowspan="1" colspan="1"/><td valign="top" align="center" rowspan="1" colspan="1">Unreplicable results</td><td valign="top" align="center" rowspan="1" colspan="1">1</td><td valign="top" align="center" rowspan="1" colspan="1">2.78</td></tr><tr><td valign="top" align="left" rowspan="1" colspan="1"/><td valign="top" align="center" rowspan="1" colspan="1">No original data</td><td valign="top" align="center" rowspan="1" colspan="1">1</td><td valign="top" align="center" rowspan="1" colspan="1">2.78</td></tr><tr><td valign="top" align="left" rowspan="1" colspan="1">Administrative errors of publisher</td><td valign="top" align="center" rowspan="1" colspan="1">&#x02013;</td><td valign="top" align="center" rowspan="1" colspan="1">5</td><td valign="top" align="center" rowspan="1" colspan="1">13.89</td></tr><tr><td valign="top" align="left" rowspan="1" colspan="1">Study design (4, 11.11%)</td><td valign="top" align="center" rowspan="1" colspan="1">Inconsistency with original study design</td><td valign="top" align="center" rowspan="1" colspan="1">3</td><td valign="top" align="center" rowspan="1" colspan="1">8.33</td></tr><tr><td valign="top" align="left" rowspan="1" colspan="1"/><td valign="top" align="center" rowspan="1" colspan="1">Unclear methodology</td><td valign="top" align="center" rowspan="1" colspan="1">1</td><td valign="top" align="center" rowspan="1" colspan="1">2.78</td></tr><tr><td valign="top" align="left" rowspan="1" colspan="1">Copyright</td><td valign="top" align="center" rowspan="1" colspan="1">Material or data used without authorization</td><td valign="top" align="center" rowspan="1" colspan="1">3</td><td valign="top" align="center" rowspan="1" colspan="1">8.33</td></tr><tr><td valign="top" align="left" rowspan="1" colspan="1">Plagiarism</td><td valign="top" align="center" rowspan="1" colspan="1">&#x02013;</td><td valign="top" align="center" rowspan="1" colspan="1">2</td><td valign="top" align="center" rowspan="1" colspan="1">5.56</td></tr><tr><td valign="top" align="left" rowspan="1" colspan="1">Redundant publication</td><td valign="top" align="center" rowspan="1" colspan="1">&#x02013;</td><td valign="top" align="center" rowspan="1" colspan="1">2</td><td valign="top" align="center" rowspan="1" colspan="1">5.56</td></tr><tr><td valign="top" align="left" rowspan="1" colspan="1">Ethic issue</td><td valign="top" align="center" rowspan="1" colspan="1">No ethical approval</td><td valign="top" align="center" rowspan="1" colspan="1">1</td><td valign="top" align="center" rowspan="1" colspan="1">2.78</td></tr><tr><td valign="top" align="left" rowspan="1" colspan="1">Others</td><td valign="top" align="center" rowspan="1" colspan="1">No permission to publish by the author</td><td valign="top" align="center" rowspan="1" colspan="1">1</td><td valign="top" align="center" rowspan="1" colspan="1">2.78</td></tr></tbody></table></table-wrap></sec><sec sec-type="discussion" id="S4"><title>Discussion</title><p>This is the first bibliometric study on retractions of schizophrenia-related publications. We identified 36 retractions among 19,176 publications on schizophrenia-related studies. The overall retraction rate was relatively lower (0.19%) compared with other fields such as neurosurgery (7.3%) (<xref rid="B16" ref-type="bibr">16</xref>). Three-quarters of retractions occurred during the past decade (2011&#x02013;2021), a trend similar to the retractions in the obstetrics literature where 76% of retractions occurred in the recent decade (2009&#x02013;2019) (<xref rid="B27" ref-type="bibr">27</xref>). This is likely to be related to the overall growing number of academic publications, which may lead to increased academic errors. Additionally, publishers have promoted the awareness of scrutiny of publications (<xref rid="B29" ref-type="bibr">29</xref>). Academic misconduct has become a priority in the review procedure for many journals. Currently, many guidelines to standardize the process of retractions are available; of them, the most authoritative guidelines were issued by the COPE (<xref rid="B2" ref-type="bibr">2</xref>). The number of retractions has grown since the COPE guidelines were published in 2009 (<xref rid="B29" ref-type="bibr">29</xref>). Our analysis revealed that the average gap between publication and retraction time was 1.89 years, which is shorter than the retractions in other fields such as nursing and midwifery (2.3 years) (<xref rid="B15" ref-type="bibr">15</xref>) and life science research (3.8 years) (<xref rid="B9" ref-type="bibr">9</xref>). A longer delay in retraction may be associated with a more negative academic impact. The erroneous research findings may mislead other researchers, resulting in a waste of time, effort, and resources, and may even harm research participants (<xref rid="B27" ref-type="bibr">27</xref>). The high citations of retracted publications suggest that these retractions continued to have a certain impact on the schizophrenia research field as some were still cited even after retraction. Thus, a prompt retraction process is needed and clear signs and labels, such as attaching a clear watermark to the retraction (<xref rid="B32" ref-type="bibr">32</xref>), may be helpful in preventing further citations of retracted publications.</p><p>The retracted publications identified in this study involved 21 research areas; however, it should be noted that one retracted article may involve more than one research area. More than half of the retractions were classified in the field of Psychiatry (52.78%). The retractions also involved some experiment-based research areas such as Neurosciences, Neurology, Pharmacology, Pharmacy, and Behavioral Sciences. A previous study (<xref rid="B29" ref-type="bibr">29</xref>) found that publications based on basic experiments were more likely to be retracted for academic misconduct. Certain countries such as the United Kingdom, United States, China, Canada, and Germany were associated with the most retractions. However, these countries also contributed to the most publications in schizophrenia-related research; the United States contributed the most publications, followed by the United Kingdom, Germany, China, and Canada (<xref rid="B26" ref-type="bibr">26</xref>). Most retractions were published in journals related to Psychology/Psychiatry, such as the American Journal of Psychiatry, British Journal of Psychiatry, and Schizophrenia Bulletin. Given the small number of retractions per journal, we could not examine the correlation between the number of retractions and the impact factor of the journals involved. Previous studies on the relationship between retraction rate and journal impact factor found mixed results including positive (<xref rid="B33" ref-type="bibr">33</xref>), negative (<xref rid="B15" ref-type="bibr">15</xref>), and also non-significant associations (<xref rid="B13" ref-type="bibr">13</xref>).</p><p>This study analyzed all the retraction notices comprehensively to understand the degree of transparency of retractions. Incomplete information regarding the retraction notices will prevent any assessment of their historical and academic significance, while inadequate information can mislead or distort the readers and provide a biased view (<xref rid="B34" ref-type="bibr">34</xref>). Thus, promoting the transparency of the retraction notices is vital to maintain the scientific integrity by acting as a warning or discontinuation measure (<xref rid="B35" ref-type="bibr">35</xref>). Although the COPE released a guideline to formalize retraction notices, there has been little or no change to improve the transparency (<xref rid="B3" ref-type="bibr">3</xref>). In our study, although the reasons for schizophrenia-related retractions were reported, the other three essential components (e.g., initiators, whether there is consensus between editors and authors on the retraction decision, and whether retractions are related to the post-publication review) were mostly lacking. Possible reasons may include stigma (e.g., fear of reputational damage or legal responsibility), inconsistent requirements regarding the retraction notices between journals (<xref rid="B34" ref-type="bibr">34</xref>) and difficulties in implementation. Thus, reform in reporting retractions can encourage authors and publishers to explain the issues clearly and standardize the information provided among journals.</p><p>Overall, 86% of retractions of schizophrenia-related studies were attributed to author-related reasons. The most common reason was data issues, of which 64.7% were honest errors. For example, one paper published in Nature (111 citations) entitled &#x0201c;Microglia-dependent synapse loss in type I interferon-mediated lupus&#x0201d; was retracted due to the non-replicable results in the follow-up experiments (<xref rid="B36" ref-type="bibr">36</xref>). Another highly-cited paper entitled &#x0201c;Expression of Oct-6, a POUIII domain transcription factor, in schizophrenia&#x0201d; suggested that Oct-6 may be a marker of the neuropathology associated with schizophrenia (<xref rid="B37" ref-type="bibr">37</xref>). The data was suspected of being fraudulent; thus, the authenticity of this finding was in doubt. Other studies were retracted due to incomplete data (<xref rid="B38" ref-type="bibr">38</xref>), lack of original data (<xref rid="B39" ref-type="bibr">39</xref>), or errors in data processing that led to biased conclusions (<xref rid="B40" ref-type="bibr">40</xref>). These findings highlight the importance of data accuracy, integrity, and data double-checking.</p><p>In contrast, 13.89% of the retractions were due to journal or publisher reasons, such as administrative errors, suggesting publishers should enhance their measures to avoid such errors (<xref rid="B16" ref-type="bibr">16</xref>). Three retractions were due to inconsistencies between the contents or research methods and the original study design (<xref rid="B41" ref-type="bibr">41</xref>&#x02013;<xref rid="B43" ref-type="bibr">43</xref>). For example, Ninomiya et al. (<xref rid="B41" ref-type="bibr">41</xref>) examined the long-term efficacy and safety of blonanserin for first-episode schizophrenia, which was retracted as subjects did not satisfy the inclusion criteria. Incorrect or inappropriate research results could mislead researchers, the public, or even entrepreneurs, resulting in wasted research funds, selection of ineffective drug treatments, and unethical profit-making (<xref rid="B4" ref-type="bibr">4</xref>, <xref rid="B44" ref-type="bibr">44</xref>). A study may be invalid or potentially harmful if it does not align with the content of the original study registration. All clinical trials need to be registered before implementation, such as in the International Clinical Trials Registry Platform (ICTRP) supported by the World Health Organization (<xref rid="B45" ref-type="bibr">45</xref>). The aim is to ensure adequate knowledge about the research, increase research transparency, and strengthen the validity and value of the scientific evidence base (<xref rid="B45" ref-type="bibr">45</xref>).</p><p>The lack of ethical governance is another reason for retractions. One paper from the American Journal of Gastroenterology with 151 citations was retracted 10 years after publication; one of the reasons was having no local ethics committee approval (<xref rid="B31" ref-type="bibr">31</xref>). Thus, authors, editors and publishers should strengthen the consideration and review of all submitted research information including appropriate ethical approvals. The range and frequency of retraction reasons varied between different academic fields. For example, in both dentistry and obstetrics, redundant publications, and plagiarism were the most common reasons (<xref rid="B27" ref-type="bibr">27</xref>, <xref rid="B46" ref-type="bibr">46</xref>), while in the field of pharmacy, falsification, or data manipulation were the most frequent (<xref rid="B47" ref-type="bibr">47</xref>), which are in contrast to our findings in schizophrenia-related research. The development and application of Plagiarism Detection software, such as iThenticate and Turnitin (<xref rid="B16" ref-type="bibr">16</xref>, <xref rid="B46" ref-type="bibr">46</xref>), may contribute considerably to preventing plagiarism issues. Previous studies have proposed the notion of a &#x0201c;publish or perish&#x0201d; culture to explain the research misconduct issues (<xref rid="B1" ref-type="bibr">1</xref>, <xref rid="B9" ref-type="bibr">9</xref>, <xref rid="B48" ref-type="bibr">48</xref>). Quantity and quality of publications are associated with academic ranking, promotion and reputation; further monetary incentives in research commonly occur in some institutions/countries (<xref rid="B49" ref-type="bibr">49</xref>). Personality traits combined with highly competitive pressures appear to drive some researchers to falsify or fabricate data (<xref rid="B1" ref-type="bibr">1</xref>). Moreover, one study in China found that the majority of survey respondents considered that the current academic assessment system contributes heavily to academic misconduct and needs to be reformed to create a healthy academic environment (<xref rid="B50" ref-type="bibr">50</xref>). This supports the importance of developing appropriate academic assessment criteria for researchers. We suggest that the publication of good-quality research is a collaborative effort between organizations, publishers, journals and authors to ensure transparency in reporting, prevent research misconduct and disclose any research limitations.</p><p>There are several limitations to this study. First, following relevant guidelines of bibliometric analysis (<xref rid="B51" ref-type="bibr">51</xref>) and previous studies (<xref rid="B52" ref-type="bibr">52</xref>&#x02013;<xref rid="B54" ref-type="bibr">54</xref>), the WoS was used in the literature search. However, the possibility that some studies may be missed could not be excluded. Second, some retraction notices were conservative in stating the reasons for retraction and the information was limited. For instance, where the study results were not reproducible, it was unclear whether this was due to research misconduct or honest errors. Thus, the retraction notices should be standardized to improve transparency. Third, not all academic misconduct could be uncovered by publishers or readers, therefore retraction rates may well be underestimated.</p></sec><sec sec-type="conclusion" id="S5"><title>Conclusion</title><p>This study provides an insight into retractions of schizophrenia-related research. The distribution of the retractions varied across countries, journals, and research areas. The number of annual retractions has risen over the past decade with the implementation of existing retraction guidelines, and honest errors account for most retractions. Transparency in reporting retraction notices should be implemented. Researchers should employ measures to ensure the authenticity of their research data. Institutional governance needs to improve the scrutiny of publications and prevent continuing citations and erroneous propagation after retraction.</p></sec><sec sec-type="data-availability" id="S6"><title>Data availability statement</title><p>The original contributions presented in this study are included in the article/<xref rid="TS1" ref-type="supplementary-material">Supplementary material</xref>, further inquiries can be directed to the corresponding authors.</p></sec><sec id="S7"><title>Author contributions</title><p>PC and Y-TX: study design. PC, X-HL, ZS, YM, and Y-TX: data collection, analysis, and interpretation. PC, Y-LT, and Y-TX: drafting of the manuscript. CN: critical revision of the manuscript. All authors approval of the final version for publication.</p></sec></body><back><sec sec-type="funding-information" id="S8"><title>Funding</title><p>This study was supported by the Beijing Municipal Science and Technology Commission (Grant No. Z181100001718124), Beijing Talents Foundation (Grant No. 2017000021469G222), the University of Macau (MYRG2019-00066-FHS), Scientific Research Common Program of Beijing Municipal Commission of Education (KM202010025011), and Beijing Municipal Science and Tech Commission (Z191100006619061).</p></sec><sec sec-type="COI-statement" id="S9"><title>Conflict of interest</title><p>The authors declare that the research was conducted in the absence of any commercial or financial relationships that could be construed as a potential conflict of interest.</p></sec><sec sec-type="disclaimer" id="S10"><title>Publisher&#x02019;s note</title><p>All claims expressed in this article are solely those of the authors and do not necessarily represent those of their affiliated organizations, or those of the publisher, the editors and the reviewers. Any product that may be evaluated in this article, or claim that may be made by its manufacturer, is not guaranteed or endorsed by the publisher.</p></sec><sec sec-type="supplementary-material" id="S11"><title>Supplementary material</title><p>The Supplementary Material for this article can be found online at: <ext-link xlink:href="https://www.frontiersin.org/articles/10.3389/fpsyt.2022.937330/full#supplementary-material" ext-link-type="uri">https://www.frontiersin.org/articles/10.3389/fpsyt.2022.937330/full#supplementary-material</ext-link></p><supplementary-material id="TS1" position="float" content-type="local-data"><media xlink:href="Table_1.docx"><caption><p>Click here for additional data file.</p></caption></media></supplementary-material></sec><ref-list><title>References</title><ref id="B1"><label>1.</label><mixed-citation publication-type="journal"><person-group person-group-type="author"><name><surname>Nair</surname><given-names>S</given-names></name><name><surname>Yean</surname><given-names>C</given-names></name><name><surname>Yoo</surname><given-names>J</given-names></name><name><surname>Leff</surname><given-names>J</given-names></name><name><surname>Delphin</surname><given-names>E</given-names></name><name><surname>Adams</surname><given-names>DC</given-names></name></person-group>. <article-title>Reasons for article retraction in anesthesiology: a comprehensive analysis.</article-title>
<source><italic>Can J Anaesth.</italic></source> (<year>2020</year>) <volume>67</volume>:<fpage>57</fpage>&#x02013;<lpage>63</lpage>. <pub-id pub-id-type="doi">10.1007/s12630-019-01508-3</pub-id>
<?supplied-pmid 31617069?><pub-id pub-id-type="pmid">31617069</pub-id></mixed-citation></ref><ref id="B2"><label>2.</label><mixed-citation publication-type="journal"><collab>Committee on Publication Ethics.</collab>
<source><italic>Guidelines: Retraction Guidelines.</italic></source> (<year>2019</year>). Available online at: <ext-link xlink:href="https://publicationethics.org/guidance" ext-link-type="uri">https://publicationethics.org/guidance</ext-link> (<comment>accessed March 22, 2022</comment>).</mixed-citation></ref><ref id="B3"><label>3.</label><mixed-citation publication-type="journal"><person-group person-group-type="author"><name><surname>Vuong</surname><given-names>Q-H</given-names></name></person-group>. <article-title>Reform retractions to make them more transparent.</article-title>
<source><italic>Nature.</italic></source> (<year>2020</year>) <volume>582</volume>:<issue>149</issue>. <pub-id pub-id-type="doi">10.1038/d41586-020-01694-x</pub-id></mixed-citation></ref><ref id="B4"><label>4.</label><mixed-citation publication-type="journal"><person-group person-group-type="author"><name><surname>Vuong</surname><given-names>Q-H</given-names></name><name><surname>Le</surname><given-names>T-T</given-names></name><name><surname>La</surname><given-names>V-P</given-names></name><name><surname>Nguyen</surname><given-names>HTT</given-names></name><name><surname>Ho</surname><given-names>M-T</given-names></name><name><surname>Van Khuc</surname><given-names>Q</given-names></name><etal/></person-group>
<article-title>Covid-19 vaccines production and societal immunization under the serendipity-mindsponge-3d knowledge management theory and conceptual framework.</article-title>
<source><italic>Hum Soc Sci Commu.</italic></source> (<year>2022</year>) <volume>9</volume>:<issue>22</issue>. <pub-id pub-id-type="doi">10.1057/s41599-022-01034-6</pub-id></mixed-citation></ref><ref id="B5"><label>5.</label><mixed-citation publication-type="journal"><person-group person-group-type="author"><name><surname>Khan</surname><given-names>H</given-names></name><name><surname>Gupta</surname><given-names>P</given-names></name><name><surname>Zimba</surname><given-names>O</given-names></name><name><surname>Gupta</surname><given-names>L</given-names></name></person-group>. <article-title>Bibliometric and altmetric analysis of retracted articles on Covid-19.</article-title>
<source><italic>JKMS.</italic></source> (<year>2022</year>) <volume>37</volume>:<issue>e44</issue>. <pub-id pub-id-type="doi">10.3346/jkms.2022.37.e44</pub-id>
<?supplied-pmid 35166080?><pub-id pub-id-type="pmid">35166080</pub-id></mixed-citation></ref><ref id="B6"><label>6.</label><mixed-citation publication-type="journal"><person-group person-group-type="author"><name><surname>Eggertson</surname><given-names>L</given-names></name></person-group>. <article-title>Lancet retracts 12-year-old article linking autism to Mmr vaccines.</article-title>
<source><italic>CMAJ.</italic></source> (<year>2010</year>) <volume>182</volume>:<fpage>E199</fpage>&#x02013;<lpage>200</lpage>. <pub-id pub-id-type="doi">10.1503/cmaj.109-3179</pub-id>
<?supplied-pmid 20142376?><pub-id pub-id-type="pmid">20142376</pub-id></mixed-citation></ref><ref id="B7"><label>7.</label><mixed-citation publication-type="journal"><person-group person-group-type="author"><name><surname>Mehra</surname><given-names>MR</given-names></name><name><surname>Ruschitzka</surname><given-names>F</given-names></name><name><surname>Patel</surname><given-names>AN</given-names></name></person-group>. <article-title>Retraction: hydroxychloroquine or chloroquine with or without a macrolide for treatment of Covid-19: a multinational registry analysis.</article-title>
<source><italic>Lancet.</italic></source> (<year>2020</year>) <volume>395</volume>:<issue>1820</issue>. <pub-id pub-id-type="doi">10.1016/S0140-6736(20)31324-6</pub-id>
<?supplied-pmid 34003294?><pub-id pub-id-type="pmid">34003294</pub-id></mixed-citation></ref><ref id="B8"><label>8.</label><mixed-citation publication-type="journal"><person-group person-group-type="author"><name><surname>Ledford</surname><given-names>H</given-names></name><name><surname>Van Noorden</surname><given-names>R</given-names></name></person-group>. <article-title>High-profile coronavirus retractions raise concerns about data oversight.</article-title>
<source><italic>Nature.</italic></source> (<year>2020</year>) <volume>582</volume>:<issue>160</issue>. <pub-id pub-id-type="doi">10.1038/d41586-020-01695-w</pub-id>
<?supplied-pmid 32504025?><pub-id pub-id-type="pmid">32504025</pub-id></mixed-citation></ref><ref id="B9"><label>9.</label><mixed-citation publication-type="journal"><person-group person-group-type="author"><name><surname>Bhatt</surname><given-names>BA</given-names></name></person-group>. <article-title>Multi-perspective analysis of retractions in life sciences.</article-title>
<source><italic>Scientometrics.</italic></source> (<year>2021</year>) <volume>126</volume>:<fpage>4039</fpage>&#x02013;<lpage>54</lpage>. <pub-id pub-id-type="doi">10.1007/s11192-021-03907-0</pub-id></mixed-citation></ref><ref id="B10"><label>10.</label><mixed-citation publication-type="journal"><person-group person-group-type="author"><name><surname>Campos-Varela</surname><given-names>I</given-names></name><name><surname>Ruano-Ravi&#x000f1;a</surname><given-names>A</given-names></name></person-group>. <article-title>Misconduct as the main cause for retraction. a descriptive study of retracted publications and their authors.</article-title>
<source><italic>Gac Sanit.</italic></source> (<year>2019</year>) <volume>33</volume>:<fpage>356</fpage>&#x02013;<lpage>60</lpage>. <pub-id pub-id-type="doi">10.1016/j.gaceta.2018.01.009</pub-id>
<?supplied-pmid 29776690?><pub-id pub-id-type="pmid">29776690</pub-id></mixed-citation></ref><ref id="B11"><label>11.</label><mixed-citation publication-type="journal"><person-group person-group-type="author"><name><surname>Christopher</surname><given-names>MM</given-names></name></person-group>. <article-title>Comprehensive analysis of retracted journal articles in the field of veterinary medicine and animal health.</article-title>
<source><italic>BMC Vet Res.</italic></source> (<year>2022</year>) <volume>18</volume>:<issue>73</issue>. <pub-id pub-id-type="doi">10.1186/s12917-022-03167-x</pub-id>
<?supplied-pmid 35180878?><pub-id pub-id-type="pmid">35180878</pub-id></mixed-citation></ref><ref id="B12"><label>12.</label><mixed-citation publication-type="journal"><person-group person-group-type="author"><name><surname>Pantziarka</surname><given-names>P</given-names></name><name><surname>Meheus</surname><given-names>L</given-names></name></person-group>. <article-title>Journal retractions in oncology: a bibliometric study.</article-title>
<source><italic>Future Oncol.</italic></source> (<year>2019</year>) <volume>15</volume>:<fpage>3597</fpage>&#x02013;<lpage>608</lpage>. <pub-id pub-id-type="doi">10.2217/fon-2019-0233</pub-id>
<?supplied-pmid 31659916?><pub-id pub-id-type="pmid">31659916</pub-id></mixed-citation></ref><ref id="B13"><label>13.</label><mixed-citation publication-type="journal"><person-group person-group-type="author"><name><surname>Panahi</surname><given-names>S</given-names></name><name><surname>Soleimanpour</surname><given-names>S</given-names></name></person-group>. <article-title>The landscape of the characteristics, citations, scientific, technological, and altmetrics impacts of retracted papers in hematology.</article-title>
<source><italic>Accoun Res.</italic></source> (<year>2021</year>):<fpage>1</fpage>&#x02013;<lpage>16</lpage>. <pub-id pub-id-type="doi">10.1080/08989621.2021.1990049</pub-id>
<?supplied-pmid 34612782?><pub-id pub-id-type="pmid">34612782</pub-id></mixed-citation></ref><ref id="B14"><label>14.</label><mixed-citation publication-type="journal"><person-group person-group-type="author"><name><surname>Fang</surname><given-names>FC</given-names></name><name><surname>Steen</surname><given-names>RG</given-names></name><name><surname>Casadevall</surname><given-names>A</given-names></name></person-group>. <article-title>Misconduct accounts for the majority of retracted scientific publications.</article-title>
<source><italic>Proc Natl Acad Sci USA.</italic></source> (<year>2012</year>) <volume>109</volume>:<fpage>17028</fpage>&#x02013;<lpage>33</lpage>. <pub-id pub-id-type="doi">10.1073/pnas.1212247109</pub-id>
<?supplied-pmid 23027971?><pub-id pub-id-type="pmid">23027971</pub-id></mixed-citation></ref><ref id="B15"><label>15.</label><mixed-citation publication-type="journal"><person-group person-group-type="author"><name><surname>Al-Ghareeb</surname><given-names>A</given-names></name><name><surname>Hillel</surname><given-names>S</given-names></name><name><surname>McKenna</surname><given-names>L</given-names></name><name><surname>Cleary</surname><given-names>M</given-names></name><name><surname>Visentin</surname><given-names>D</given-names></name><name><surname>Jones</surname><given-names>M</given-names></name><etal/></person-group>
<article-title>Retraction of publications in nursing and midwifery research: a systematic review.</article-title>
<source><italic>Int J Nurs Stud.</italic></source> (<year>2018</year>) <volume>81</volume>:<fpage>8</fpage>&#x02013;<lpage>13</lpage>. <pub-id pub-id-type="doi">10.1016/j.ijnurstu.2018.01.013</pub-id>
<?supplied-pmid 29425913?><pub-id pub-id-type="pmid">29425913</pub-id></mixed-citation></ref><ref id="B16"><label>16.</label><mixed-citation publication-type="journal"><person-group person-group-type="author"><name><surname>Wang</surname><given-names>J</given-names></name><name><surname>Ku</surname><given-names>JC</given-names></name><name><surname>Alotaibi</surname><given-names>NM</given-names></name><name><surname>Rutka</surname><given-names>JT</given-names></name></person-group>. <article-title>Retraction of neurosurgical publications: a systematic review.</article-title>
<source><italic>World Neurosurg.</italic></source> (<year>2017</year>) <volume>103</volume>:<fpage>809.e</fpage>&#x02013;<lpage>14.e</lpage>. <pub-id pub-id-type="doi">10.1016/j.wneu.2017.04.014</pub-id>
<?supplied-pmid 28412480?><pub-id pub-id-type="pmid">28412480</pub-id></mixed-citation></ref><ref id="B17"><label>17.</label><mixed-citation publication-type="journal"><person-group person-group-type="author"><name><surname>Bakker</surname><given-names>C</given-names></name><name><surname>Riegelman</surname><given-names>A</given-names></name></person-group>. <article-title>Retracted publications in mental health literature: discovery across bibliographic platforms.</article-title>
<source><italic>J Libra Sch Commun.</italic></source> (<year>2018</year>) <volume>6</volume>:<issue>e2199</issue>.</mixed-citation></ref><ref id="B18"><label>18.</label><mixed-citation publication-type="journal"><collab>World Health Organization.</collab>
<source><italic>Schizophrenia.</italic></source> (<year>2022</year>). Available online at: <ext-link xlink:href="https://www.who.int/news-room/fact-sheets/detail/schizophrenia" ext-link-type="uri">https://www.who.int/news-room/fact-sheets/detail/schizophrenia</ext-link> (<comment>accessed June 7, 2022</comment>)</mixed-citation></ref><ref id="B19"><label>19.</label><mixed-citation publication-type="journal"><person-group person-group-type="author"><name><surname>Yeo</surname><given-names>JJ</given-names></name><name><surname>Chew</surname><given-names>QH</given-names></name><name><surname>Sim</surname><given-names>K</given-names></name></person-group>. <article-title>Resilience and its inter-relationship with symptomatology, illness course, psychosocial functioning, and mediational roles in schizophrenia: a systematic review.</article-title>
<source><italic>Asia Pac Psychiatry.</italic></source> (<year>2022</year>) <volume>14</volume>:<issue>e12486</issue>. <pub-id pub-id-type="doi">10.1111/appy.12486</pub-id>
<?supplied-pmid 34431616?><pub-id pub-id-type="pmid">34431616</pub-id></mixed-citation></ref><ref id="B20"><label>20.</label><mixed-citation publication-type="journal"><person-group person-group-type="author"><name><surname>Hartopo</surname><given-names>D</given-names></name><name><surname>Kalalo</surname><given-names>RT</given-names></name></person-group>. <article-title>Language disorder as a marker for schizophrenia.</article-title>
<source><italic>Asia Pac Psychiatry.</italic></source> (<year>2021</year>):<issue>e12485</issue>. <pub-id pub-id-type="doi">10.1111/appy.12485</pub-id>
<?supplied-pmid 34328267?><pub-id pub-id-type="pmid">34328267</pub-id></mixed-citation></ref><ref id="B21"><label>21.</label><mixed-citation publication-type="journal"><person-group person-group-type="author"><name><surname>Haro</surname><given-names>JM</given-names></name><name><surname>McGrath</surname><given-names>JJ</given-names></name></person-group>. <article-title>The burden of schizophrenia.</article-title>
<source><italic>Eur Neuropsychopharmacol.</italic></source> (<year>2022</year>) <volume>57</volume>:<fpage>33</fpage>&#x02013;<lpage>5</lpage>. <pub-id pub-id-type="doi">10.1016/j.euroneuro.2021.12.009</pub-id>
<?supplied-pmid 35026617?><pub-id pub-id-type="pmid">35026617</pub-id></mixed-citation></ref><ref id="B22"><label>22.</label><mixed-citation publication-type="journal"><person-group person-group-type="author"><name><surname>Jauhar</surname><given-names>S</given-names></name><name><surname>Johnstone</surname><given-names>M</given-names></name><name><surname>McKenna</surname><given-names>PJ</given-names></name></person-group>. <article-title>Schizophrenia.</article-title>
<source><italic>Lancet.</italic></source> (<year>2022</year>) <volume>399</volume>:<fpage>473</fpage>&#x02013;<lpage>86</lpage>. <pub-id pub-id-type="doi">10.1016/S0140-6736(21)01730-X</pub-id><pub-id pub-id-type="pmid">35093231</pub-id></mixed-citation></ref><ref id="B23"><label>23.</label><mixed-citation publication-type="journal"><person-group person-group-type="author"><name><surname>Mueser</surname><given-names>KT</given-names></name><name><surname>McGurk</surname><given-names>SR</given-names></name></person-group>. <article-title>Schizophrenia.</article-title>
<source><italic>Lancet.</italic></source> (<year>2004</year>) <volume>363</volume>:<fpage>2063</fpage>&#x02013;<lpage>72</lpage>. <pub-id pub-id-type="doi">10.1016/S0140-6736(04)16458-1</pub-id><pub-id pub-id-type="pmid">15207959</pub-id></mixed-citation></ref><ref id="B24"><label>24.</label><mixed-citation publication-type="journal"><person-group person-group-type="author"><name><surname>Lin</surname><given-names>C-H</given-names></name><name><surname>Lai</surname><given-names>T-Y</given-names></name><name><surname>Chen</surname><given-names>Y-J</given-names></name><name><surname>Lin</surname><given-names>S-K</given-names></name></person-group>. <article-title>Social distance towards schizophrenia in health professionals.</article-title>
<source><italic>Asia Pac Psychiatry.</italic></source> (<year>2021</year>):<issue>e12506</issue>. <pub-id pub-id-type="doi">10.1111/appy.12506</pub-id>
<?supplied-pmid 34915596?><pub-id pub-id-type="pmid">34915596</pub-id></mixed-citation></ref><ref id="B25"><label>25.</label><mixed-citation publication-type="journal"><person-group person-group-type="author"><name><surname>Khatimah</surname><given-names>CH</given-names></name><name><surname>Adami</surname><given-names>A</given-names></name><name><surname>Abdullah</surname><given-names>A</given-names></name></person-group>
<collab>Marthoenis.</collab>
<article-title>Quality of life, mental health, and family functioning of schizophrenia caregivers: a community-based cross-sectional study.</article-title>
<source><italic>Asia Pac Psychiatry.</italic></source> (<year>2022</year>) <volume>14</volume>:<issue>e12467</issue>. <pub-id pub-id-type="doi">10.1111/appy.12467</pub-id>
<?supplied-pmid 33742741?><pub-id pub-id-type="pmid">33742741</pub-id></mixed-citation></ref><ref id="B26"><label>26.</label><mixed-citation publication-type="journal"><person-group person-group-type="author"><name><surname>Kiraz</surname><given-names>S</given-names></name><name><surname>Demir</surname><given-names>E</given-names></name></person-group>. <article-title>Global scientific outputs of schizophrenia publications from 1975 to 2020: a bibliometric analysis.</article-title>
<source><italic>Psychiatr Q.</italic></source> (<year>2021</year>) <volume>92</volume>:<fpage>1725</fpage>&#x02013;<lpage>44</lpage>. <pub-id pub-id-type="doi">10.1007/s11126-021-09937-4</pub-id>
<?supplied-pmid 34341886?><pub-id pub-id-type="pmid">34341886</pub-id></mixed-citation></ref><ref id="B27"><label>27.</label><mixed-citation publication-type="journal"><person-group person-group-type="author"><name><surname>Bennett</surname><given-names>C</given-names></name><name><surname>Chambers</surname><given-names>LM</given-names></name><name><surname>Al-Hafez</surname><given-names>L</given-names></name><name><surname>Michener</surname><given-names>CM</given-names></name><name><surname>Falcone</surname><given-names>T</given-names></name><name><surname>Yao</surname><given-names>M</given-names></name><etal/></person-group>
<article-title>Retracted articles in the obstetrics literature: lessons from the past to change the future.</article-title>
<source><italic>Am J Obstetr Gynecol MFM.</italic></source> (<year>2020</year>) <volume>2</volume>:<issue>100201</issue>. <pub-id pub-id-type="doi">10.1016/j.ajogmf.2020.100201</pub-id>
<?supplied-pmid 33345918?><pub-id pub-id-type="pmid">33345918</pub-id></mixed-citation></ref><ref id="B28"><label>28.</label><mixed-citation publication-type="journal"><person-group person-group-type="author"><name><surname>Sher</surname><given-names>L</given-names></name><name><surname>Kahn</surname><given-names>RS</given-names></name></person-group>. <article-title>Suicide in schizophrenia: an educational overview.</article-title>
<source><italic>Medicina (Kaunas).</italic></source> (<year>2019</year>) <volume>55</volume>:<issue>361</issue>. <pub-id pub-id-type="doi">10.3390/medicina55070361</pub-id>
<?supplied-pmid 31295938?><pub-id pub-id-type="pmid">31295938</pub-id></mixed-citation></ref><ref id="B29"><label>29.</label><mixed-citation publication-type="journal"><person-group person-group-type="author"><name><surname>Bordino</surname><given-names>M</given-names></name><name><surname>Ravizzotti</surname><given-names>E</given-names></name><name><surname>Vercelli</surname><given-names>S</given-names></name></person-group>. <article-title>Retracted articles in rehabilitation: just the tip of the iceberg? A bibliometric analysis.</article-title>
<source><italic>Arch Physiother.</italic></source> (<year>2020</year>) <volume>10</volume>:<issue>21</issue>. <pub-id pub-id-type="doi">10.1186/s40945-020-00092-w</pub-id>
<?supplied-pmid 33292803?><pub-id pub-id-type="pmid">33292803</pub-id></mixed-citation></ref><ref id="B30"><label>30.</label><mixed-citation publication-type="journal"><person-group person-group-type="author"><name><surname>Opthof</surname><given-names>T</given-names></name></person-group>. <article-title>Inflation of impact factors by journal self-citation in cardiovascular science.</article-title>
<source><italic>Neth Heart J.</italic></source> (<year>2013</year>) <volume>21</volume>:<fpage>163</fpage>&#x02013;<lpage>5</lpage>. <pub-id pub-id-type="doi">10.1007/s12471-013-0384-0</pub-id>
<?supplied-pmid 23463445?><pub-id pub-id-type="pmid">23463445</pub-id></mixed-citation></ref><ref id="B31"><label>31.</label><mixed-citation publication-type="journal"><person-group person-group-type="author"><name><surname>Wakefield</surname><given-names>AJ</given-names></name><name><surname>Anthony</surname><given-names>A</given-names></name><name><surname>Murch</surname><given-names>SH</given-names></name><name><surname>Thomson</surname><given-names>M</given-names></name><name><surname>Montgomery</surname><given-names>SM</given-names></name><name><surname>Davies</surname><given-names>S</given-names></name><etal/></person-group>
<article-title>Retracted: enterocolitis in children with developmental disorders.</article-title>
<source><italic>Am J Gastroenterol.</italic></source> (<year>2000</year>) <volume>95</volume>:<fpage>2285</fpage>&#x02013;<lpage>95</lpage>.<pub-id pub-id-type="pmid">11007230</pub-id></mixed-citation></ref><ref id="B32"><label>32.</label><mixed-citation publication-type="journal"><person-group person-group-type="author"><name><surname>Mena</surname><given-names>JD</given-names></name><name><surname>Ndoye</surname><given-names>M</given-names></name><name><surname>Cohen</surname><given-names>AJ</given-names></name><name><surname>Kamal</surname><given-names>P</given-names></name><name><surname>Breyer</surname><given-names>BN</given-names></name></person-group>. <article-title>The landscape of urological retractions: the prevalence of reported research misconduct.</article-title>
<source><italic>BJU Int.</italic></source> (<year>2019</year>) <volume>124</volume>:<fpage>174</fpage>&#x02013;<lpage>9</lpage>. <pub-id pub-id-type="doi">10.1111/bju.14706</pub-id>
<?supplied-pmid 30748082?><pub-id pub-id-type="pmid">30748082</pub-id></mixed-citation></ref><ref id="B33"><label>33.</label><mixed-citation publication-type="journal"><person-group person-group-type="author"><name><surname>Fang</surname><given-names>FC</given-names></name><name><surname>Casadevall</surname><given-names>A</given-names></name></person-group>. <article-title>Retracted science and the retraction index.</article-title>
<source><italic>Infect Immun.</italic></source> (<year>2011</year>) <volume>79</volume>:<fpage>3855</fpage>&#x02013;<lpage>9</lpage>. <pub-id pub-id-type="doi">10.1128/iai.05661-11</pub-id>
<?supplied-pmid 21825063?><pub-id pub-id-type="pmid">21825063</pub-id></mixed-citation></ref><ref id="B34"><label>34.</label><mixed-citation publication-type="journal"><person-group person-group-type="author"><name><surname>Teixeira da Silva</surname><given-names>JA</given-names></name><name><surname>Vuong</surname><given-names>Q-H</given-names></name></person-group>. <article-title>Fortification of retraction notices to improve their transparency and usefulness.</article-title>
<source><italic>Learn Publish.</italic></source> (<year>2022</year>) <volume>35</volume>:<fpage>292</fpage>&#x02013;<lpage>9</lpage>. <pub-id pub-id-type="doi">10.1002/leap.1409</pub-id></mixed-citation></ref><ref id="B35"><label>35.</label><mixed-citation publication-type="journal"><person-group person-group-type="author"><name><surname>Drimer-Batca</surname><given-names>D</given-names></name><name><surname>Iaccarino</surname><given-names>JM</given-names></name><name><surname>Fine</surname><given-names>A</given-names></name></person-group>. <article-title>Status of retraction notices for biomedical publications associated with research misconduct.</article-title>
<source><italic>Res Ethics.</italic></source> (<year>2019</year>) <volume>15</volume>:<fpage>1</fpage>&#x02013;<lpage>5</lpage>. <pub-id pub-id-type="doi">10.1177/1747016118820496</pub-id></mixed-citation></ref><ref id="B36"><label>36.</label><mixed-citation publication-type="journal"><person-group person-group-type="author"><name><surname>Bialas</surname><given-names>AR</given-names></name><name><surname>Presumey</surname><given-names>J</given-names></name><name><surname>Das</surname><given-names>A</given-names></name><name><surname>van der Poel</surname><given-names>CE</given-names></name><name><surname>Lapchak</surname><given-names>PH</given-names></name><name><surname>Mesin</surname><given-names>L</given-names></name><etal/></person-group>
<article-title>Retracted: microglia-dependent synapse loss in type I interferon-mediated lupus.</article-title>
<source><italic>Nature.</italic></source> (<year>2020</year>) <volume>578</volume>:<issue>177</issue>. <pub-id pub-id-type="doi">10.1038/s41586-020-1949-x</pub-id>
<?supplied-pmid 32025017?><pub-id pub-id-type="pmid">32025017</pub-id></mixed-citation></ref><ref id="B37"><label>37.</label><mixed-citation publication-type="journal"><person-group person-group-type="author"><name><surname>Ilia</surname><given-names>M</given-names></name><name><surname>Beasley</surname><given-names>C</given-names></name><name><surname>Meijer</surname><given-names>D</given-names></name><name><surname>Kerwin</surname><given-names>R</given-names></name><name><surname>Cotter</surname><given-names>D</given-names></name><name><surname>Everall</surname><given-names>I</given-names></name><etal/></person-group>
<article-title>Expression of Oct-6, a Pouiii domain transcription factor, in schizophrenia.</article-title>
<source><italic>Am J Psychiatry.</italic></source> (<year>2002</year>) <volume>159</volume>:<fpage>1174</fpage>&#x02013;<lpage>82</lpage>. <pub-id pub-id-type="doi">10.1176/appi.ajp.159.7.1174</pub-id>
<?supplied-pmid 12091196?><pub-id pub-id-type="pmid">12091196</pub-id></mixed-citation></ref><ref id="B38"><label>38.</label><mixed-citation publication-type="journal"><person-group person-group-type="author"><name><surname>Yang</surname><given-names>H</given-names></name><name><surname>Li</surname><given-names>JJ</given-names></name><name><surname>Ji</surname><given-names>AC</given-names></name><name><surname>Hu</surname><given-names>LP</given-names></name><name><surname>Zhang</surname><given-names>XF</given-names></name><name><surname>Liu</surname><given-names>LL</given-names></name><etal/></person-group>
<article-title>Methylation of the maoa promoter is associated with schizophrenia.</article-title>
<source><italic>Ann Transl Med.</italic></source> (<year>2020</year>) <volume>8</volume>:<issue>864</issue>. <pub-id pub-id-type="doi">10.21037/atm-2020-42</pub-id>
<?supplied-pmid 33313300?><pub-id pub-id-type="pmid">33313300</pub-id></mixed-citation></ref><ref id="B39"><label>39.</label><mixed-citation publication-type="journal"><person-group person-group-type="author"><name><surname>Ren</surname><given-names>ZB</given-names></name><name><surname>Wang</surname><given-names>HQ</given-names></name><name><surname>Feng</surname><given-names>B</given-names></name><name><surname>Gu</surname><given-names>CY</given-names></name><name><surname>Ma</surname><given-names>YC</given-names></name><name><surname>Chen</surname><given-names>H</given-names></name><etal/></person-group>
<article-title>A cross-sectional study on perception of stigma by Chinese schizophrenia patients.</article-title>
<source><italic>Neuropsychiatr Dis Treat.</italic></source> (<year>2014</year>) <volume>10</volume>:<fpage>535</fpage>&#x02013;<lpage>40</lpage>. <pub-id pub-id-type="doi">10.2147/ndt.S54115</pub-id>
<?supplied-pmid 24707179?><pub-id pub-id-type="pmid">24707179</pub-id></mixed-citation></ref><ref id="B40"><label>40.</label><mixed-citation publication-type="journal"><person-group person-group-type="author"><name><surname>Inoshita</surname><given-names>M</given-names></name><name><surname>Numata</surname><given-names>S</given-names></name><name><surname>Tajima</surname><given-names>A</given-names></name><name><surname>Kinoshita</surname><given-names>M</given-names></name><name><surname>Umehara</surname><given-names>H</given-names></name><name><surname>Nakataki</surname><given-names>M</given-names></name><etal/></person-group>
<article-title>A significant causal association between c-reactive protein levels and schizophrenia.</article-title>
<source><italic>Sci Rep.</italic></source> (<year>2018</year>) <volume>8</volume>:<issue>46947</issue>. <pub-id pub-id-type="doi">10.1038/srep46947</pub-id>
<?supplied-pmid 29465083?><pub-id pub-id-type="pmid">29465083</pub-id></mixed-citation></ref><ref id="B41"><label>41.</label><mixed-citation publication-type="journal"><person-group person-group-type="author"><name><surname>Ninomiya</surname><given-names>Y</given-names></name><name><surname>Miyamoto</surname><given-names>S</given-names></name><name><surname>Tenjin</surname><given-names>T</given-names></name><name><surname>Ogino</surname><given-names>S</given-names></name><name><surname>Miyake</surname><given-names>N</given-names></name><name><surname>Kaneda</surname><given-names>Y</given-names></name><etal/></person-group>
<article-title>Retracted: long-term efficacy and safety of blonanserin in patients with first-episode schizophrenia: a 1-year open-label trial.</article-title>
<source><italic>Psychiatry Clin Neurosci.</italic></source> (<year>2014</year>) <volume>68</volume>:<fpage>841</fpage>&#x02013;<lpage>9</lpage>. <pub-id pub-id-type="doi">10.1111/pcn.12202</pub-id>
<?supplied-pmid 24835911?><pub-id pub-id-type="pmid">24835911</pub-id></mixed-citation></ref><ref id="B42"><label>42.</label><mixed-citation publication-type="journal"><person-group person-group-type="author"><name><surname>Tenjin</surname><given-names>T</given-names></name><name><surname>Miyamoto</surname><given-names>S</given-names></name><name><surname>Miyake</surname><given-names>N</given-names></name><name><surname>Ogino</surname><given-names>S</given-names></name><name><surname>Kitajima</surname><given-names>R</given-names></name><name><surname>Ojima</surname><given-names>K</given-names></name><etal/></person-group>
<article-title>Retraction: effect of blonanserin on cognitive function in antipsychotic-naive first-episode schizophrenia.</article-title>
<source><italic>Hum Psychopharmacol Clin Exp.</italic></source> (<year>2012</year>) <volume>27</volume>:<fpage>90</fpage>&#x02013;<lpage>100</lpage>. <pub-id pub-id-type="doi">10.1002/hup.2622</pub-id>
<?supplied-pmid 28657182?><pub-id pub-id-type="pmid">28657182</pub-id></mixed-citation></ref><ref id="B43"><label>43.</label><mixed-citation publication-type="journal"><person-group person-group-type="author"><name><surname>Guo</surname><given-names>ZH</given-names></name><name><surname>Li</surname><given-names>ZJ</given-names></name><name><surname>Ma</surname><given-names>Y</given-names></name><name><surname>Sun</surname><given-names>J</given-names></name><name><surname>Guo</surname><given-names>JH</given-names></name><name><surname>Li</surname><given-names>WX</given-names></name><etal/></person-group>
<article-title>Retraction: brief cognitive-behavioural therapy for patients in the community with schizophrenia: randomised controlled trial in Beijing, China.</article-title>
<source><italic>Br J Psychiatry.</italic></source> (<year>2019</year>) <volume>215</volume>:<issue>435</issue>. <pub-id pub-id-type="doi">10.1192/bjp.2019.91</pub-id>
<?supplied-pmid 31111798?><pub-id pub-id-type="pmid">31111798</pub-id></mixed-citation></ref><ref id="B44"><label>44.</label><mixed-citation publication-type="journal"><person-group person-group-type="author"><name><surname>Vuong</surname><given-names>Q-H</given-names></name></person-group>. <article-title>The (Ir)rational consideration of the cost of science in transition economies.</article-title>
<source><italic>Nat Hum Behav.</italic></source> (<year>2018</year>) <volume>2</volume>:<issue>5</issue>. <pub-id pub-id-type="doi">10.1038/s41562-017-0281-4</pub-id>
<?supplied-pmid 30980055?><pub-id pub-id-type="pmid">30980055</pub-id></mixed-citation></ref><ref id="B45"><label>45.</label><mixed-citation publication-type="journal"><collab>World Health Organization.</collab>
<source><italic>International Standards for Clinical Trial Registries.</italic></source> (<year>2018</year>). Available online at: <ext-link xlink:href="https://www.who.int/publications/i/item/international-standards-for-clinical-trial-registers" ext-link-type="uri">https://www.who.int/publications/i/item/international-standards-for-clinical-trial-registers</ext-link> (<comment>accessed March 26, 2022</comment>)</mixed-citation></ref><ref id="B46"><label>46.</label><mixed-citation publication-type="journal"><person-group person-group-type="author"><name><surname>Nogueira</surname><given-names>TE</given-names></name><name><surname>Gon&#x000e7;alves</surname><given-names>AS</given-names></name><name><surname>Leles</surname><given-names>CR</given-names></name><name><surname>Batista</surname><given-names>AC</given-names></name><name><surname>Costa</surname><given-names>LRA</given-names></name></person-group>. <article-title>Survey of retracted articles in dentistry.</article-title>
<source><italic>BMC Res Notes.</italic></source> (<year>2017</year>) <volume>10</volume>:<issue>253</issue>. <pub-id pub-id-type="doi">10.1186/s13104-017-2576-y</pub-id>
<?supplied-pmid 28683764?><pub-id pub-id-type="pmid">28683764</pub-id></mixed-citation></ref><ref id="B47"><label>47.</label><mixed-citation publication-type="journal"><person-group person-group-type="author"><name><surname>Brown</surname><given-names>SJ</given-names></name><name><surname>Bakker</surname><given-names>CJ</given-names></name><name><surname>Theis-Mahon</surname><given-names>NR</given-names></name></person-group>. <article-title>Retracted publications in pharmacy systematic reviews.</article-title>
<source><italic>J Med Libr Assoc.</italic></source> (<year>2022</year>) <volume>110</volume>:<fpage>47</fpage>&#x02013;<lpage>55</lpage>. <pub-id pub-id-type="doi">10.5195/jmla.2022.1280</pub-id>
<?supplied-pmid 35210962?><pub-id pub-id-type="pmid">35210962</pub-id></mixed-citation></ref><ref id="B48"><label>48.</label><mixed-citation publication-type="journal"><person-group person-group-type="author"><name><surname>Neill</surname><given-names>US</given-names></name></person-group>. <article-title>Publish or perish, but at what cost?</article-title>
<source><italic>J Clin Invest.</italic></source> (<year>2008</year>) <volume>118</volume>:<issue>2368</issue>. <pub-id pub-id-type="doi">10.1172/jci36371</pub-id>
<?supplied-pmid 18596904?><pub-id pub-id-type="pmid">18596904</pub-id></mixed-citation></ref><ref id="B49"><label>49.</label><mixed-citation publication-type="journal"><person-group person-group-type="author"><name><surname>Wang</surname><given-names>T</given-names></name><name><surname>Xing</surname><given-names>QR</given-names></name><name><surname>Wang</surname><given-names>H</given-names></name><name><surname>Chen</surname><given-names>W</given-names></name></person-group>. <article-title>Retracted publications in the biomedical literature from open access journals.</article-title>
<source><italic>Sci Eng Ethics.</italic></source> (<year>2019</year>) <volume>25</volume>:<fpage>855</fpage>&#x02013;<lpage>68</lpage>. <pub-id pub-id-type="doi">10.1007/s11948-018-0040-6</pub-id>
<?supplied-pmid 29516389?><pub-id pub-id-type="pmid">29516389</pub-id></mixed-citation></ref><ref id="B50"><label>50.</label><mixed-citation publication-type="journal"><person-group person-group-type="author"><name><surname>Liao</surname><given-names>Q-J</given-names></name><name><surname>Zhang</surname><given-names>Y-Y</given-names></name><name><surname>Fan</surname><given-names>Y-C</given-names></name><name><surname>Zheng</surname><given-names>M-H</given-names></name><name><surname>Bai</surname><given-names>Y</given-names></name><name><surname>Eslick</surname><given-names>GD</given-names></name><etal/></person-group>
<article-title>Perceptions of Chinese biomedical researchers towards academic misconduct: a comparison between 2015 and 2010.</article-title>
<source><italic>Sci Eng Ethics.</italic></source> (<year>2018</year>) <volume>24</volume>:<fpage>629</fpage>&#x02013;<lpage>45</lpage>. <pub-id pub-id-type="doi">10.1007/s11948-017-9913-3</pub-id>
<?supplied-pmid 28397174?><pub-id pub-id-type="pmid">28397174</pub-id></mixed-citation></ref><ref id="B51"><label>51.</label><mixed-citation publication-type="journal"><person-group person-group-type="author"><name><surname>Donthu</surname><given-names>N</given-names></name><name><surname>Kumar</surname><given-names>S</given-names></name><name><surname>Mukherjee</surname><given-names>D</given-names></name><name><surname>Pandey</surname><given-names>N</given-names></name><name><surname>Lim</surname><given-names>WM</given-names></name></person-group>. <article-title>How to conduct a bibliometric analysis: an overview and guidelines.</article-title>
<source><italic>J Bus Res.</italic></source> (<year>2021</year>) <volume>133</volume>:<fpage>285</fpage>&#x02013;<lpage>96</lpage>. <pub-id pub-id-type="doi">10.1016/j.jbusres.2021.04.070</pub-id></mixed-citation></ref><ref id="B52"><label>52.</label><mixed-citation publication-type="journal"><person-group person-group-type="author"><name><surname>Chen</surname><given-names>Y</given-names></name><name><surname>Zhang</surname><given-names>X</given-names></name><name><surname>Chen</surname><given-names>S</given-names></name><name><surname>Zhang</surname><given-names>Y</given-names></name><name><surname>Wang</surname><given-names>Y</given-names></name><name><surname>Lu</surname><given-names>Q</given-names></name><etal/></person-group>
<article-title>Bibliometric analysis of mental health during the Covid-19 pandemic.</article-title>
<source><italic>Asian J Psychiatr.</italic></source> (<year>2021</year>) <volume>65</volume>:<issue>102846</issue>. <pub-id pub-id-type="doi">10.1016/j.ajp.2021.102846</pub-id>
<?supplied-pmid 34562753?><pub-id pub-id-type="pmid">34562753</pub-id></mixed-citation></ref><ref id="B53"><label>53.</label><mixed-citation publication-type="journal"><person-group person-group-type="author"><name><surname>Akintunde</surname><given-names>TY</given-names></name><name><surname>Musa</surname><given-names>TH</given-names></name><name><surname>Musa</surname><given-names>HH</given-names></name><name><surname>Musa</surname><given-names>IH</given-names></name><name><surname>Chen</surname><given-names>S</given-names></name><name><surname>Ibrahim</surname><given-names>E</given-names></name><etal/></person-group>
<article-title>Bibliometric analysis of global scientific literature on effects of Covid-19 pandemic on mental health.</article-title>
<source><italic>Asian J Psychiatr.</italic></source> (<year>2021</year>) <volume>63</volume>:<issue>102753</issue>. <pub-id pub-id-type="doi">10.1016/j.ajp.2021.102753</pub-id>
<?supplied-pmid 34280888?><pub-id pub-id-type="pmid">34280888</pub-id></mixed-citation></ref><ref id="B54"><label>54.</label><mixed-citation publication-type="journal"><person-group person-group-type="author"><name><surname>Pei</surname><given-names>W</given-names></name><name><surname>Peng</surname><given-names>R</given-names></name><name><surname>Gu</surname><given-names>Y</given-names></name><name><surname>Zhou</surname><given-names>X</given-names></name><name><surname>Ruan</surname><given-names>J</given-names></name></person-group>. <article-title>Research trends of acupuncture therapy on insomnia in two decades (from 1999 to 2018):a bibliometric analysis.</article-title>
<source><italic>BMC Complement Altern Med.</italic></source> (<year>2019</year>) <volume>19</volume>:<issue>225</issue>. <pub-id pub-id-type="doi">10.1186/s12906-019-2606-5</pub-id>
<?supplied-pmid 31438914?><pub-id pub-id-type="pmid">31438914</pub-id></mixed-citation></ref></ref-list></back></article>