<!DOCTYPE article PUBLIC "-//NLM//DTD JATS (Z39.96) Journal Archiving and Interchange DTD with MathML3 v1.3 20210610//EN" "JATS-archivearticle1-3-mathml3.dtd"> 
<article xmlns:mml="http://www.w3.org/1998/Math/MathML" xmlns:xlink="http://www.w3.org/1999/xlink" dtd-version="1.3" xml:lang="en" article-type="abstract"><?DTDIdentifier.IdentifierValue -//NLM//DTD JATS (Z39.96) Journal Publishing DTD v1.1 20151215//EN?><?DTDIdentifier.IdentifierType public?><?SourceDTD.DTDName JATS-journalpublishing1.dtd?><?SourceDTD.Version 1.1?><?ConverterInfo.XSLTName jats2jats3.xsl?><?ConverterInfo.Version 1?><?properties open_access?><processing-meta base-tagset="archiving" mathml-version="3.0" table-model="xhtml" tagset-family="jats"><restricted-by>pmc</restricted-by></processing-meta><front><journal-meta><journal-id journal-id-type="nlm-ta">BJPsych Open</journal-id><journal-id journal-id-type="iso-abbrev">BJPsych Open</journal-id><journal-id journal-id-type="publisher-id">BJO</journal-id><journal-title-group><journal-title>BJPsych Open</journal-title></journal-title-group><issn pub-type="epub">2056-4724</issn><publisher><publisher-name>Cambridge University Press</publisher-name><publisher-loc>Cambridge, UK</publisher-loc></publisher></journal-meta><article-meta><article-id pub-id-type="pmcid">9378169</article-id><article-id pub-id-type="doi">10.1192/bjo.2022.280</article-id><article-id pub-id-type="pii">S2056472422002800</article-id><article-categories><subj-group subj-group-type="section"><subject>Poster Presentations</subject></subj-group><subj-group subj-group-type="heading"><subject>Quality Improvement</subject></subj-group></article-categories><title-group><article-title>Improving Access and Confidence in Learning Lessons From Serious Incidents: A Quality Improvement Project Aimed at Junior Doctors</article-title></title-group><contrib-group><contrib contrib-type="author" corresp="yes"><name><surname>Beyers</surname><given-names>Cornelia</given-names><prefix>Dr</prefix></name><xref rid="aff1" ref-type="aff">1</xref><xref rid="cor1" ref-type="corresp">*</xref></contrib><contrib contrib-type="author"><name><surname>Parkinson</surname><given-names>Eleanor</given-names><prefix>Dr</prefix></name><xref rid="aff1" ref-type="aff">1</xref></contrib><contrib contrib-type="author"><name><surname>Harsh</surname><given-names>Rajendra</given-names><prefix>Dr</prefix></name><xref rid="aff1" ref-type="aff">1</xref></contrib><contrib contrib-type="author"><name><surname>Nardeosingh</surname><given-names>Sameer</given-names><prefix>Dr</prefix></name><xref rid="aff1" ref-type="aff">1</xref></contrib><contrib contrib-type="author"><name><surname>Oseji</surname><given-names>Dolapo</given-names><prefix>Dr</prefix></name><xref rid="aff1" ref-type="aff">1</xref></contrib><contrib contrib-type="author"><name><surname>Packham</surname><given-names>Alice</given-names><prefix>Dr</prefix></name><xref rid="aff2" ref-type="aff">2</xref></contrib><contrib contrib-type="author"><name><surname>Conway</surname><given-names>Nick</given-names><prefix>Mr</prefix></name><xref rid="aff3" ref-type="aff">3</xref></contrib><contrib contrib-type="author"><name><surname>Rowe</surname><given-names>Renarta</given-names><prefix>Dr</prefix></name><xref rid="aff1" ref-type="aff">1</xref></contrib><contrib contrib-type="author"><name><surname>Scally</surname><given-names>Ruth</given-names><prefix>Dr</prefix></name><xref rid="aff1" ref-type="aff">1</xref></contrib><contrib contrib-type="author"><name><surname>Rochelle-Bates</surname><given-names>Joshua</given-names><prefix>Mr</prefix></name><xref rid="aff1" ref-type="aff">1</xref></contrib><contrib contrib-type="author"><name><surname>Awais</surname><given-names>Onaiza</given-names><prefix>Dr</prefix></name><xref rid="aff1" ref-type="aff">1</xref></contrib><contrib contrib-type="author"><name><surname>Surti</surname><given-names>Farhaana</given-names><prefix>Dr</prefix></name><xref rid="aff1" ref-type="aff">1</xref></contrib></contrib-group><aff id="aff1"><label>1</label><institution>Birmingham and Solihull Mental Health NHS Foundation Trust</institution>, <city>Birmingham</city>, <country>United Kingdom</country></aff><aff id="aff2"><label>2</label><institution>Guy's and St Thomas' NHS Foundation Trust</institution>, <city>London</city>, <country>United Kingdom</country></aff><aff id="aff3"><label>3</label><institution>Private</institution>, <city>Birmingham</city>, <country>United Kingdom</country></aff><author-notes><corresp id="cor1"><label>*</label>Presenting author.</corresp></author-notes><pub-date publication-format="electronic" date-type="collection" iso-8601-date="2022-06"><month>6</month><year>2022</year></pub-date><pub-date pub-type="epub"><day>20</day><month>6</month><year>2022</year></pub-date><volume>8</volume><issue seq="205">Suppl 1</issue><issue-id pub-id-type="doi">10.1192/bjo8_s1</issue-id><issue-title>Abstracts of the RCPsych International Congress 2022, 20&#x02013;23 June</issue-title><fpage>S87</fpage><lpage>S87</lpage><permissions><copyright-statement>&#x000a9; The Author(s) 2022</copyright-statement><copyright-year>2022</copyright-year><copyright-holder>The Author(s)</copyright-holder><license><ali:license_ref xmlns:ali="http://www.niso.org/schemas/ali/1.0/" specific-use="textmining" content-type="ccbylicense">https://creativecommons.org/licenses/by/4.0/</ali:license_ref><license-p>This is an Open Access article, distributed under the terms of the Creative Commons Attribution licence (<uri xlink:href="https://creativecommons.org/licenses/by/4.0/">https://creativecommons.org/licenses/by/4.0/</uri>), which permits unrestricted re-use, distribution, and reproduction in any medium, provided the original work is properly cited.</license-p></license></permissions><self-uri xlink:title="pdf" xlink:href="S2056472422002800a.pdf"/><abstract abstract-type="normal"><sec id="sec_a1"><title>Aims</title><p>Birmingham and Solihull Mental Health Foundation Trust (BSMHFT) previously developed some methods of learning lessons following serious incidents. However, despite various systems available, frontline junior doctors were not regularly exposed to important learning opportunities. This potentially resulted in doctors not being aware of learning from serious incidents, and not feeling embedded within the organisation, with potential effects on their training experience. As we identified an unmet need within the Trust in learning lessons from serious incidents amongst junior doctors, we aimed to improve access and confidence in learning from serious incidents by starting a Quality Improvement project on this theme.</p></sec><sec id="sec_a2"><title>Methods</title><p>The current approach involved a comprehensive quarterly bulletin circulated by email to staff. An initial survey confirmed that this was not very effective in delivering learning lessons information to junior doctors.</p><p>Using a QI driver diagram, we identified potential areas for change. Selected change ideas were sequentially trialled including shortened email bulletins, supervision templates and remote learning lessons sessions. Initial PDSAs highlighted difficulties with communication via email, with many trainees failing to read/engage with this format.</p></sec><sec id="sec_a3"><title>Results</title><p>The use of remote interactive learning sessions yielded positive results, with improvement in the confidence in learning from Serious incidents. We therefore continued to refine this method to wider groups.</p><p>During the COVID-19 pandemic we experienced multiple setbacks and created a timeline tosupport team morale, maintain team energy, visualise progress and motivate the team. We therefore managed to persevere and strengthened the group by recruiting members to the team and complete the project.</p></sec><sec id="sec_a4"><title>Conclusion</title><p>The team have been able to create a sustainable, effective and interactive short teaching session which has shown to be effective in engaging trainees in this vital area and help us meet our aim. This format further has the potential to be refined and implemented locally and nationally.</p></sec></abstract><conference><conf-date>20-23 June 2022</conf-date><conf-name>Royal College of Psychiatrists International Congress 2022</conf-name><conf-loc>Edinburgh, UK</conf-loc></conference><counts><page-count count="1"/></counts></article-meta></front></article>